id_detalle_plan_entrega,id_plan_entrega,id_tramo_ruta,id_detalle_carga,orden_parada,tiempo_estimado_parada,tiempo_descarga_estimado,fecha_creacion,fecha_actualizacion
9eef0cbb-673c-47bf-b803-c67054c9a88c,6c6ce27e-ca36-4f95-a79c-2f3ca08898fb,2acdfbf4-323d-4fe0-b147-432c097287e3,50947240-3c2c-4f7d-8280-d536c906fcbb,1,5:47:55,1:40:45,2025-06-01T00:35:19.652612,2025-06-01T00:35:19.652612
a1421152-fc9c-45b7-9050-e7146bc0d43c,85d2a3e9-f647-4b75-a757-d9b5528a145c,141ca815-b079-4444-a6f0-e9397d0157df,d41f8d2a-31fe-45bd-a931-bc55ce2d47e7,1,1:33:02,0:40:03,2025-06-01T00:37:19.652612,2025-06-01T00:37:19.652612
0de162f3-ccc7-4de3-92b6-715f3704d09a,7e70577e-4e1c-46d0-878c-7eb5201a691c,4451d8c5-e42f-4be3-adb9-44a89e035eb0,59798b5c-5464-4c75-8b0e-e7fdae3b009e,1,0:32:50,0:18:21,2025-06-01T00:37:19.652612,2025-06-01T00:37:19.652612
b289b17d-bc3f-4bce-9a21-9252eef08fa4,d3f4b366-d80f-44ec-a638-9b09d7c8d639,8be3f9d9-9dc3-405d-981d-2333878a08a1,5c153671-f735-408b-82f6-573b17eb3ea7,1,2:31:54,1:19:02,2025-06-01T00:24:19.652612,2025-06-01T00:24:19.652612
19a74f87-ed5e-41eb-88c6-be0c5004f302,bb6b89b5-0f70-40b2-b2fd-374b6e1724ac,0a2d25f8-b99e-463a-9c43-14c42c6ecb9f,f41174b8-7445-44f8-a76b-7b3d3431b544,1,1:04:04,0:25:45,2025-06-01T00:35:19.652612,2025-06-01T00:35:19.652612
edb31134-a59c-4785-bea1-996a8a5ea44c,f090619c-0b91-4ee9-b2bd-5a733b68bc27,4451d8c5-e42f-4be3-adb9-44a89e035eb0,7e4fa97e-e661-40fa-910e-d195d39cbe3a,1,0:32:50,0:10:41,2025-06-01T00:32:19.652612,2025-06-01T00:32:19.652612
69a75021-b534-4058-aa2e-47a8a80b1389,4dd9ae0a-40da-4aaa-af8c-d017af0f9a45,16fb103a-4f0d-490f-87f7-b9907f946149,b05a648a-d487-4da8-bc36-f8811830d1d5,1,1:03:30,0:27:11,2025-06-01T00:33:19.652612,2025-06-01T00:33:19.652612
9b99021f-b7ed-4901-8a7d-883f0a0c8a3c,7379744a-a29e-4a08-9d6d-3d8acc3c55b9,5df6a126-aac6-4875-b646-dc96d128d089,aeb428bf-3263-45bb-9f35-09d9b94e1f79,1,0:42:53,0:19:36,2025-06-01T00:32:19.652612,2025-06-01T00:32:19.652612
d633e671-ec31-407d-94c4-2ff65c934b52,bca10741-9107-4ae2-859b-415695dd7c10,4451d8c5-e42f-4be3-adb9-44a89e035eb0,4f1f82fa-4838-4758-8611-1fe5589c0fad,1,0:32:50,0:07:39,2025-06-01T00:35:19.652612,2025-06-01T00:35:19.652612
fe4c5d61-9640-4cae-b09f-cee0e5e326b6,60615b20-4e4e-44fd-ac99-65fe9210301f,8ace2a49-0f3d-411c-bb8d-b403f8277232,ee310719-f973-43d0-b686-430d9635cf63,1,1:49:09,0:45:29,2025-06-01T00:29:19.652612,2025-06-01T00:29:19.652612
96814657-b83c-48c7-a9b6-fb92dc98092a,29e88894-881c-4e29-956c-f5a59537c4da,141ca815-b079-4444-a6f0-e9397d0157df,993742b9-bb8d-4bbd-adb7-e13de0a9415b,1,1:33:02,0:55:05,2025-06-01T00:35:19.652612,2025-06-01T00:35:19.652612
0a48cc78-7231-42a0-96b9-bde00e3140fc,db3fb5ba-9efc-4ee5-a810-99abbbd6a9ab,2acdfbf4-323d-4fe0-b147-432c097287e3,bc0dfa74-eefd-49d5-a2f4-27db1f6fed19,1,5:47:55,3:18:04,2025-06-01T00:29:19.652612,2025-06-01T00:29:19.652612
fb62ccfb-cdb3-498c-b3c6-06b0abf85b5a,312808b8-0421-40db-b561-cb97fc438457,4451d8c5-e42f-4be3-adb9-44a89e035eb0,00d193ef-4c6c-48e5-a7cd-e495bf9770ce,1,0:32:50,0:17:46,2025-06-01T00:37:19.652612,2025-06-01T00:37:19.652612
7d499c05-20cc-4247-9040-d0aec40cf887,0b31d5e4-f86d-43bc-8967-24b529eb49df,8ace2a49-0f3d-411c-bb8d-b403f8277232,1216d4f0-2840-442f-81fa-78ebfa1aee89,1,1:49:09,0:49:02,2025-06-01T00:26:19.652612,2025-06-01T00:26:19.652612
5963e32f-d9cc-47d7-b079-66cbb91571a8,e0e6c142-f142-4880-b616-1ca8e513c79d,5df6a126-aac6-4875-b646-dc96d128d089,1ce32173-e024-4395-9193-10f228d982d4,1,0:42:53,0:21:02,2025-06-01T00:28:19.652612,2025-06-01T00:28:19.652612
7b1095a0-c2cb-4e7e-8c84-2fe51146d889,ab4f0c8d-b664-417d-b645-9a152639946c,8ace2a49-0f3d-411c-bb8d-b403f8277232,9b7ab78a-b87e-4aee-ae4b-20587be785fe,1,1:49:09,0:27:55,2025-06-01T00:40:19.652612,2025-06-01T00:40:19.652612
7a308143-647c-459f-999e-0d19f33e0cfc,4819c182-02b2-417b-a9b9-50791d43b8ce,16fb103a-4f0d-490f-87f7-b9907f946149,1e40360f-394a-4ea1-baaa-36b855551b4c,1,1:03:30,0:32:26,2025-06-01T00:42:19.652612,2025-06-01T00:42:19.652612
0ef914be-8f58-430d-9d19-76b3a65b1f09,ac31cc11-94b1-4343-a0cd-b44e8f67851c,4c672de3-ce30-4ee7-bd6a-ec67e2cc0569,33acc4fa-a3e1-4cea-ac16-f62aebcbe69f,1,2:06:10,1:01:47,2025-06-01T00:33:19.652612,2025-06-01T00:33:19.652612
07cbc2a8-0f11-42c7-9538-5f2b17332cf4,719879f3-4a4f-4314-b593-9f1fb42abd14,0a2d25f8-b99e-463a-9c43-14c42c6ecb9f,7be48091-4117-4d86-b31c-c26365e882df,1,1:04:04,0:27:26,2025-06-01T00:28:19.652612,2025-06-01T00:28:19.652612
db66f1b8-bc57-43aa-85a8-4a9f3a491b9d,9147a6cd-9398-4374-bb55-49e84a27a8fd,91fb960e-7246-4fa0-b50a-a544bea22307,c291dbe9-2ec8-469b-a925-96567a294419,1,1:57:53,0:27:45,2025-06-01T00:41:19.652612,2025-06-01T00:41:19.652612
94feee5c-14a4-409d-938e-c0f02a4c1c02,24c98468-d5fb-4bbf-8075-a839cf868435,16fb103a-4f0d-490f-87f7-b9907f946149,e88fd9d9-c18f-42be-94b6-ab438e99ab11,1,1:03:30,0:25:57,2025-06-01T00:40:19.652612,2025-06-01T00:40:19.652612
f8dcea1f-2984-4a14-9a20-b8e6feaca5bd,f79cd31f-3a80-4a0a-ada4-1aa7711ef76d,141ca815-b079-4444-a6f0-e9397d0157df,a02cce15-29a9-4466-82a3-34013e03420d,1,1:33:02,0:51:45,2025-06-01T00:20:19.652612,2025-06-01T00:20:19.652612
19382134-251c-40a6-a11d-7b01367ff4fa,c4407db0-b251-4a12-bc83-182ab75248b4,9b53093c-ffb7-49d4-b867-6f465337bcc5,29169714-b8cd-48b0-821e-9a4f38fd8e84,1,1:09:27,0:38:22,2025-06-01T00:24:19.652612,2025-06-01T00:24:19.652612
468c3172-f176-4864-9ad8-d1d705fa7cd2,25ae6fa4-7c51-452d-9b13-78aa5d451096,9b53093c-ffb7-49d4-b867-6f465337bcc5,e635c6d7-867f-447b-9590-36beb35d891d,1,1:09:27,0:22:18,2025-06-01T00:25:19.652612,2025-06-01T00:25:19.652612
a821c5f6-9ae2-40e7-bcbd-9b18daade094,9638f143-254c-4d91-ac1c-65f2116295bd,2acdfbf4-323d-4fe0-b147-432c097287e3,4f5be91a-88f6-4b88-98cb-eb2afd260e37,1,5:47:55,3:02:39,2025-06-01T00:43:19.652612,2025-06-01T00:43:19.652612
cf5ffa80-cf8b-4a01-b12d-d1c2f2f46230,292f319c-3e57-43c0-9ddb-87b38a3cc0d8,91fb960e-7246-4fa0-b50a-a544bea22307,7eb1a147-e794-4192-81c7-81f0ed2666fb,1,1:57:53,1:07:36,2025-06-01T00:35:19.652612,2025-06-01T00:35:19.652612
33de2ab6-583c-4bce-bb17-8a7f54be9429,05cefec7-44cd-4f73-a02f-05fc188e5b56,91fb960e-7246-4fa0-b50a-a544bea22307,672c43ef-dd40-4a84-b30d-3596ddaa1e7e,1,1:57:53,0:33:50,2025-06-01T00:40:19.652612,2025-06-01T00:40:19.652612
685842ad-a360-4cbc-8896-57e2ee7712de,6252a422-cd07-467c-8e83-dae847c76aaa,4451d8c5-e42f-4be3-adb9-44a89e035eb0,72e63dfb-c214-4cee-bd58-caefd483c252,1,0:32:50,0:17:51,2025-06-01T00:36:19.652612,2025-06-01T00:36:19.652612
c8954aec-265c-46da-8803-6ba1cbcac1b1,2b965ade-d4f8-485d-9399-6c0bfd96558d,4c672de3-ce30-4ee7-bd6a-ec67e2cc0569,d1331b91-8cbf-411f-8f6d-933026a9b827,1,2:06:10,1:13:59,2025-06-01T00:33:19.652612,2025-06-01T00:33:19.652612
4594d0b9-71f7-4a1f-a019-608a172aa05f,2acc2be3-303c-469e-9cf2-bbf439b4a21f,8ace2a49-0f3d-411c-bb8d-b403f8277232,85342caf-66a3-4086-9320-2269ad94960a,1,1:49:09,0:46:39,2025-06-01T00:21:19.652612,2025-06-01T00:21:19.652612
bafad325-92e2-4cd1-8c99-8636f7b5fb17,eb14ea1b-9655-488b-afdc-747902b66b5a,141ca815-b079-4444-a6f0-e9397d0157df,c5478903-8041-495d-90d0-c7f2dbf7e8df,1,1:33:02,0:32:44,2025-06-01T00:26:19.652612,2025-06-01T00:26:19.652612
04ffe5af-f770-44a8-8ca7-a3de72b2aff7,48de3671-289f-48fa-a395-80c6e9be4ee4,16fb103a-4f0d-490f-87f7-b9907f946149,434a0363-7925-442d-95aa-f5926ef818a2,1,1:03:30,0:17:52,2025-06-01T00:20:19.652612,2025-06-01T00:20:19.652612
150ce0fe-c953-487d-b00f-bab03e3e1d4a,f25fe4b7-1816-4ece-b11e-6e9163dd9242,8be3f9d9-9dc3-405d-981d-2333878a08a1,c27f5add-f109-41c1-b3ec-bac30d2052cd,1,2:31:54,1:18:25,2025-06-01T00:43:19.652612,2025-06-01T00:43:19.652612
a7d3c706-7d60-4c83-9b6c-835b03558948,81661d36-1ad7-4596-93cd-db1332bd4bd2,4c672de3-ce30-4ee7-bd6a-ec67e2cc0569,175f6fd1-084a-4045-bdd4-53754d317557,1,2:06:10,0:58:37,2025-06-01T00:21:19.652612,2025-06-01T00:21:19.652612
4c5f7386-2873-4d86-813e-23cf4e72d613,a99d02f0-e514-4240-8699-9aef0b542ece,4c672de3-ce30-4ee7-bd6a-ec67e2cc0569,85ec04ae-1619-4bea-942a-621f605d3288,1,2:06:10,0:55:44,2025-06-01T00:36:19.652612,2025-06-01T00:36:19.652612
53cffc95-4308-4992-b87c-13cf4b13d301,7ea727e4-8395-4f6b-9c0b-913a06bc6a6c,0a2d25f8-b99e-463a-9c43-14c42c6ecb9f,d1331b91-8cbf-411f-8f6d-933026a9b827,1,1:04:04,0:28:40,2025-06-01T00:28:19.652612,2025-06-01T00:28:19.652612
880f861f-6bc5-4ede-bc5c-c8defc7f350b,a57ff8f8-07a9-4f5d-8d9d-e6d3c670b864,2acdfbf4-323d-4fe0-b147-432c097287e3,c353cb06-f348-4612-ae98-c443b36a4c33,1,5:47:55,2:51:36,2025-06-01T00:36:19.652612,2025-06-01T00:36:19.652612
deb426b8-2e87-46ac-bd98-d3628aaa84fa,935c7d53-6c27-4bec-a480-1c7860018b55,91fb960e-7246-4fa0-b50a-a544bea22307,c1550c13-2045-4f81-8acf-c94844975346,1,1:57:53,1:05:15,2025-06-01T00:24:19.652612,2025-06-01T00:24:19.652612
f84dad5a-a17a-46ea-a857-b55030248ecf,cfd02fbb-a3e1-4c96-b30c-0d2f777da0c7,9b53093c-ffb7-49d4-b867-6f465337bcc5,c8565199-fe4d-4a06-b715-49f6cdf4f99d,1,1:09:27,0:36:21,2025-06-01T00:28:19.652612,2025-06-01T00:28:19.652612
dc9901c7-e561-4540-bf96-6a8d16f0ee0e,fc8043c4-a020-46a7-91b7-a47e6cddab9e,0a2d25f8-b99e-463a-9c43-14c42c6ecb9f,04474e16-4fc4-47b6-b53a-bf5431fbc128,1,1:04:04,0:25:20,2025-06-01T00:24:19.652612,2025-06-01T00:24:19.652612
5593659e-79d3-4335-b6f8-bcf517fdc3da,b02d7187-a931-4cb3-908f-233e625767b0,8ace2a49-0f3d-411c-bb8d-b403f8277232,581bf996-92e9-4493-971d-91e88a52bd5c,1,1:49:09,0:35:38,2025-06-01T00:35:19.652612,2025-06-01T00:35:19.652612
0480f7a0-c8a8-4720-9151-68914460ea38,7ffafda5-074c-4950-8022-6350f1c0b388,4451d8c5-e42f-4be3-adb9-44a89e035eb0,9c4082fc-d699-4cda-be36-3cdbd0a992f2,1,0:32:50,0:07:29,2025-06-01T00:21:19.652612,2025-06-01T00:21:19.652612
cba55516-8338-48b6-b7a0-c11b5826aade,f5761944-ed7d-4ce4-b359-4d2cbc249494,8be3f9d9-9dc3-405d-981d-2333878a08a1,9bb6a732-93e5-4b87-b45b-4fc4d86c8e16,1,2:31:54,0:45:51,2025-06-01T00:35:19.652612,2025-06-01T00:35:19.652612
076efa94-9daa-4304-b2a4-6bb52c2f1c02,e5c1e893-56ad-44f1-b83e-2cc12f2f5f7a,2acdfbf4-323d-4fe0-b147-432c097287e3,15166f31-3847-4d54-ba61-c0499b8e10f9,1,5:47:55,1:34:08,2025-06-01T00:32:19.652612,2025-06-01T00:32:19.652612
99f29aa2-4ea8-477f-94f4-3037f8876096,b97cb34a-0eca-4ee9-a907-e86ae4665783,91fb960e-7246-4fa0-b50a-a544bea22307,ac25920b-87a8-49d7-82ea-bf69f0a5b6de,1,1:57:53,0:33:21,2025-06-01T00:20:19.652612,2025-06-01T00:20:19.652612
4d025e9c-0119-43c1-afea-44016486f0b6,603a7fdf-5d24-4226-a71b-9dfdf30a48ac,0a2d25f8-b99e-463a-9c43-14c42c6ecb9f,a98bcaa0-7c5a-4c11-9d89-99d3de754a92,1,1:04:04,0:37:34,2025-06-01T00:25:19.652612,2025-06-01T00:25:19.652612
54a52515-3b03-4a41-923c-7fe1ac50c478,7ef41771-ce70-461a-ae53-41d6f231d18c,16fb103a-4f0d-490f-87f7-b9907f946149,eec90bf6-7d54-4034-ac6f-907fe28c5fc3,1,1:03:30,0:30:43,2025-06-01T00:41:19.652612,2025-06-01T00:41:19.652612
19a4d954-f001-4f52-9e6a-743abdc47dd8,bfb096c6-5697-4105-b0b7-40299056b5f4,8be3f9d9-9dc3-405d-981d-2333878a08a1,e1723d58-f38e-40f1-a5c2-2d19339fbb6f,1,2:31:54,0:30:58,2025-06-01T00:34:19.652612,2025-06-01T00:34:19.652612
35302f44-78f2-4974-b042-0455f39f2080,fcdc9e84-1ac6-4326-87ef-85e97ffd679d,4c672de3-ce30-4ee7-bd6a-ec67e2cc0569,d1331b91-8cbf-411f-8f6d-933026a9b827,1,2:06:10,1:01:17,2025-06-01T00:39:19.652612,2025-06-01T00:39:19.652612
cd2cd3a8-1dee-4858-acb0-7934ed9ef1b4,dc5a556f-1658-4589-ac4f-cb88fb089d15,9b53093c-ffb7-49d4-b867-6f465337bcc5,7c77fcdb-f1ac-426f-b9f6-fb583048b065,1,1:09:27,0:35:24,2025-06-01T00:35:19.652612,2025-06-01T00:35:19.652612
a3b83be9-b43a-40be-9ed2-7da075defea5,ad944830-4f93-4fb6-9fa5-fb3af7462b56,9b53093c-ffb7-49d4-b867-6f465337bcc5,eec90bf6-7d54-4034-ac6f-907fe28c5fc3,1,1:09:27,0:34:12,2025-06-01T00:28:19.652612,2025-06-01T00:28:19.652612
7918a047-df65-4f18-a7ce-74a7af8dbcf7,6b65d9dc-da3c-4eb6-9ffc-02ad2b0e9125,d9e9be4e-f407-41bf-bed3-f6751aa34a20,43891610-6490-4790-b551-6eefe2fdc57b,1,0:58:06,0:15:31,2025-06-01T00:22:19.652612,2025-06-01T00:22:19.652612
5414499a-992f-44e4-bcca-ffaa3b58ad9d,2cc725f5-02af-4fea-911e-ad81926eba0a,4c672de3-ce30-4ee7-bd6a-ec67e2cc0569,64001cbb-aa9c-4305-92af-4f5c26553440,1,2:06:10,1:15:15,2025-06-01T00:33:19.652612,2025-06-01T00:33:19.652612
75d5e5ae-3588-4270-8580-3f01d238b741,c40692f5-feff-4aa4-a149-a38bf3038659,d9e9be4e-f407-41bf-bed3-f6751aa34a20,4e6b4dd2-cfcb-4498-9af6-ffcf2591091f,1,0:58:06,0:30:05,2025-06-01T00:40:19.652612,2025-06-01T00:40:19.652612
d0f70c04-4ecf-4a88-abbd-1911ffe15c24,f91b1961-0978-4cdc-8e21-bd58a34f5818,0a2d25f8-b99e-463a-9c43-14c42c6ecb9f,b8976a14-8b86-42f8-b76a-0da81111974d,1,1:04:04,0:26:36,2025-06-01T00:21:19.652612,2025-06-01T00:21:19.652612
850cba88-305a-4732-8a02-5a633ac160b3,9bb35a14-41ce-4cab-bbca-c6ded552595f,141ca815-b079-4444-a6f0-e9397d0157df,70d89d7e-ad99-4abb-9194-d6102aa7c42a,1,1:33:02,0:54:40,2025-06-01T00:30:19.652612,2025-06-01T00:30:19.652612
43f52ab1-7251-4634-aee7-9ca661a8a178,4c130d33-1403-4a88-af46-3bd6b9d78abb,4c672de3-ce30-4ee7-bd6a-ec67e2cc0569,78d19987-0409-4097-9c2e-b8a8c71379c8,1,2:06:10,0:31:14,2025-06-01T00:21:19.652612,2025-06-01T00:21:19.652612
d4951117-7632-4842-8820-ecfddc3c98e0,4f5df3dd-d34a-4e92-a8e9-f6678367ddf2,2acdfbf4-323d-4fe0-b147-432c097287e3,eaabae10-a5d9-43b7-a40f-bfb64ba4115b,1,5:47:55,1:50:55,2025-06-01T00:33:19.652612,2025-06-01T00:33:19.652612
2d2d3afe-d913-4d4c-a7f1-b3443b86d39d,70bfe9f5-8adc-4287-b3df-9336731479df,141ca815-b079-4444-a6f0-e9397d0157df,4c52d1c9-1a47-4a64-9dd1-bf54674c45c5,1,1:33:02,0:51:07,2025-06-01T00:22:19.652612,2025-06-01T00:22:19.652612
a361fd90-ea0e-43ce-ad6b-2ecba6cd1ead,90c656fe-1e63-4509-b3e9-ede5395ffe30,141ca815-b079-4444-a6f0-e9397d0157df,f2a24d1a-82a4-49b1-a4af-69a9abad16cd,1,1:33:02,0:25:24,2025-06-01T00:42:19.652612,2025-06-01T00:42:19.652612
bdba6bbc-5979-4af0-800b-9f388cd3b898,f88050f4-9627-4873-a366-f37e969ace45,8be3f9d9-9dc3-405d-981d-2333878a08a1,562bbc3e-7f35-4755-b762-c7286ea03cb5,1,2:31:54,1:29:55,2025-06-01T00:37:19.652612,2025-06-01T00:37:19.652612
99a15253-85ef-4712-934e-d89b7abb95da,aa0faa30-f2af-42b1-9fe5-b48283a10c5f,4451d8c5-e42f-4be3-adb9-44a89e035eb0,54b3e97d-d308-478b-9f08-778c94e8cdce,1,0:32:50,0:10:02,2025-06-01T00:42:19.652612,2025-06-01T00:42:19.652612
b2f7de14-646f-4b2a-876f-ec02f0edb78a,702bdbdd-8a03-45ee-b526-1d784915a7ad,8be3f9d9-9dc3-405d-981d-2333878a08a1,3aafe51c-2516-4921-8a77-6c206aa22c2d,1,2:31:54,0:47:07,2025-06-01T00:30:19.652612,2025-06-01T00:30:19.652612
e3dce7a9-09d9-4b95-842d-89b8e7b4de74,22fa2909-a7aa-4e23-8351-90c206e9e7eb,16fb103a-4f0d-490f-87f7-b9907f946149,2ce3cc68-358c-4bec-a4bd-472ec89f06af,1,1:03:30,0:28:50,2025-06-01T00:22:19.652612,2025-06-01T00:22:19.652612
9e528324-1c92-475d-a88e-1ff4f0d0c620,e48130fa-e7d7-453a-9205-769c31767af3,16fb103a-4f0d-490f-87f7-b9907f946149,f772e5ae-1747-473a-b1de-bc191b69810b,1,1:03:30,0:19:44,2025-06-01T00:21:19.652612,2025-06-01T00:21:19.652612
e33ad5df-0b18-4a68-b2c0-9f552af680d7,870ed3ea-08dc-48c2-b514-ff0e14eef6ae,5df6a126-aac6-4875-b646-dc96d128d089,7cc1fea2-5917-4f1c-a9eb-5b14026e31d5,1,0:42:53,0:22:02,2025-06-01T00:40:19.652612,2025-06-01T00:40:19.652612
e0285bbd-881f-4223-9a78-38be423694cd,8b443ade-c866-4d8c-a3f5-ef06f4a0a7a9,d9e9be4e-f407-41bf-bed3-f6751aa34a20,65d7a07c-b682-46f7-b50f-b622737740e3,1,0:58:06,0:32:19,2025-06-01T00:31:19.652612,2025-06-01T00:31:19.652612
487c1d30-c962-4b58-b6b1-3e8f68d51679,c7d3e583-796a-4613-ae41-f4263824bd4b,4c672de3-ce30-4ee7-bd6a-ec67e2cc0569,f3ddc005-5471-4fd9-b8e7-7dad046e4a08,1,2:06:10,0:29:57,2025-06-01T00:38:19.652612,2025-06-01T00:38:19.652612
f8ef0833-2d3e-44dd-bc12-002b77d23375,fc7bb90c-bfa8-4a68-be55-a85d5b319088,16fb103a-4f0d-490f-87f7-b9907f946149,672c43ef-dd40-4a84-b30d-3596ddaa1e7e,1,1:03:30,0:22:59,2025-06-01T00:24:19.652612,2025-06-01T00:24:19.652612
7472222a-c289-4a74-bfcd-0e9adeaa619e,738b7198-9f80-4a40-855d-25a73fc01ea0,16fb103a-4f0d-490f-87f7-b9907f946149,531a3b91-6629-4245-97e8-0f3a32d6c001,1,1:03:30,0:25:49,2025-06-01T00:20:19.652612,2025-06-01T00:20:19.652612
fa6b1f19-1417-4ab3-9d96-31d1b9a20588,b1e69181-57b2-4749-a0dd-5b55a1e4984c,8ace2a49-0f3d-411c-bb8d-b403f8277232,bb6df7c3-0b99-49a2-8cde-6692557d7556,1,1:49:09,0:34:19,2025-06-01T00:42:19.652612,2025-06-01T00:42:19.652612
28a904e7-4469-41d0-9c95-edd98e420770,8e3a32c0-2a58-4f2a-b51f-8122be753bb2,9b53093c-ffb7-49d4-b867-6f465337bcc5,280aa488-58e6-4899-9d8a-32e95be984e9,1,1:09:27,0:28:02,2025-06-01T00:22:19.652612,2025-06-01T00:22:19.652612
f631c079-ec91-4f0a-8bce-a9a5926d5553,3f1736e3-ebb4-4eec-9b9a-7b40877cc990,16fb103a-4f0d-490f-87f7-b9907f946149,e5eb5071-68fc-468e-84e1-2a851cf1fad1,1,1:03:30,0:34:40,2025-06-01T00:25:19.652612,2025-06-01T00:25:19.652612
3ae8b865-0a57-4e19-ae3f-ea4750f3ca6a,3af4a80f-d589-4a25-9c9b-4e46a516866a,8ace2a49-0f3d-411c-bb8d-b403f8277232,bb821c69-4d2c-49b8-a16b-1e240284ef6f,1,1:49:09,0:43:21,2025-06-01T00:42:19.652612,2025-06-01T00:42:19.652612
9e2a556a-5a84-4925-b89d-e47af122528c,e9310aa5-cd90-4b6f-a9b6-0790f04ea2e7,8ace2a49-0f3d-411c-bb8d-b403f8277232,719022aa-1639-4886-a008-0d552ba1eea3,1,1:49:09,0:57:01,2025-06-01T00:19:19.652612,2025-06-01T00:19:19.652612
9f2f2c74-333d-4247-89f2-59468d4b30b7,f7e04323-17fa-4550-97df-231552006063,4451d8c5-e42f-4be3-adb9-44a89e035eb0,be1fce30-c8a4-41cf-a6ef-8eb785425a0c,1,0:32:50,0:06:40,2025-06-01T00:18:19.652612,2025-06-01T00:18:19.652612
7b13c964-430b-4acf-ba8e-a946306affe9,ed8c5ca9-1ff4-45be-b568-3496d072fc1c,141ca815-b079-4444-a6f0-e9397d0157df,c157d283-3340-4fb3-9d1c-7741ee5c2290,1,1:33:02,0:34:05,2025-06-01T00:28:19.652612,2025-06-01T00:28:19.652612
174e7f4d-e797-4828-96e9-150a337b921a,6d700456-4387-4453-92b4-ad9f353a3789,141ca815-b079-4444-a6f0-e9397d0157df,64001cbb-aa9c-4305-92af-4f5c26553440,1,1:33:02,0:35:00,2025-06-01T00:42:19.652612,2025-06-01T00:42:19.652612
cf993610-4d1b-4cd1-bee8-fc5bd24e5d72,e3959486-1d62-434d-a206-32e9ec649736,4c672de3-ce30-4ee7-bd6a-ec67e2cc0569,941d8034-3117-403f-adba-8373a6cea4d5,1,2:06:10,0:34:08,2025-06-01T00:42:19.652612,2025-06-01T00:42:19.652612
bf03e5f4-8671-4f93-ad9e-5c3b59e3526f,70102217-0010-48bd-aa38-6f66c21399eb,16fb103a-4f0d-490f-87f7-b9907f946149,91455145-23b7-41a5-8359-75843a2f0bb7,1,1:03:30,0:18:43,2025-06-01T00:35:19.652612,2025-06-01T00:35:19.652612
e61bfd4a-a021-4dc2-8b5d-7217ce955e10,17b356fd-93d6-4665-9c07-1a6633c6a120,91fb960e-7246-4fa0-b50a-a544bea22307,bff4d479-dda4-4800-8fb6-d1ed8b531207,1,1:57:53,0:34:11,2025-06-01T00:36:19.652612,2025-06-01T00:36:19.652612
0f06881f-b52f-430a-b5a9-653de58d1028,2fd4e6fa-21b5-426e-b6d5-0f25a511cacf,9b53093c-ffb7-49d4-b867-6f465337bcc5,92cc328f-f73c-4028-ae29-8e0b40bdeadd,1,1:09:27,0:33:35,2025-06-01T00:36:19.652612,2025-06-01T00:36:19.652612
fc1b1c48-ced7-43a4-82d7-94af7c5e4897,51eef919-8913-4992-8d50-54d7167b5440,9b53093c-ffb7-49d4-b867-6f465337bcc5,e7a069ee-578b-4dac-a19a-b58d396a7ba1,1,1:09:27,0:17:58,2025-06-01T00:24:19.652612,2025-06-01T00:24:19.652612
76294655-4485-4f6f-bb23-66586850fd9a,58fcc783-bcf0-4c23-af61-8be66b198c3c,141ca815-b079-4444-a6f0-e9397d0157df,d00ef813-0f7e-4e0b-a23e-8e26af0b02b8,1,1:33:02,0:22:28,2025-06-01T00:20:19.652612,2025-06-01T00:20:19.652612
f73f2386-01e0-468f-bdd9-913c5963b5a9,2d22bf0e-054d-4ba3-bb0d-eaa134ce9aca,d9e9be4e-f407-41bf-bed3-f6751aa34a20,3ba899b6-48ad-47b6-9fd3-6bb3e52fbfd5,1,0:58:06,0:16:39,2025-06-01T00:31:19.652612,2025-06-01T00:31:19.652612
6490da45-f3a8-4881-9248-24040bfcb686,9279dad4-9c05-4ada-b7e1-f09cf14d79d2,9b53093c-ffb7-49d4-b867-6f465337bcc5,f5b359ed-827d-4dc5-ac0e-7a768f18bef7,1,1:09:27,0:33:23,2025-06-01T00:27:19.652612,2025-06-01T00:27:19.652612
c01430a1-ef48-4aa5-97e3-7aa139d60c40,7c407271-c782-432d-9700-b83facd44d32,5df6a126-aac6-4875-b646-dc96d128d089,294156ef-ea68-4921-ba45-a9d44fe7c64a,1,0:42:53,0:23:42,2025-06-01T00:29:19.652612,2025-06-01T00:29:19.652612
8b380612-decf-47aa-a107-555c170f1ee1,48cd6c27-d096-4a07-a210-49888d5c7f9e,4451d8c5-e42f-4be3-adb9-44a89e035eb0,abfc2976-a4b8-4f52-bd56-31be63527150,1,0:32:50,0:16:04,2025-06-01T00:32:19.652612,2025-06-01T00:32:19.652612
b5244ae7-e768-44e9-b936-286e7d15fb7b,0c02dba2-30ee-4def-a2a6-33ec7d0ecd09,5df6a126-aac6-4875-b646-dc96d128d089,a5ac8381-47db-4fa5-bb93-87477ca1a41f,1,0:42:53,0:19:09,2025-06-01T00:39:19.652612,2025-06-01T00:39:19.652612
6414d28d-4c09-42e4-a8ef-381cd2d282a5,afd2a9a8-76ad-41b8-af33-a97c34e9aa39,5df6a126-aac6-4875-b646-dc96d128d089,0385b5bf-7a4f-4bbf-afc6-654b60ce4795,1,0:42:53,0:16:03,2025-06-01T00:38:19.652612,2025-06-01T00:38:19.652612
a74798d4-5b28-4427-851f-cccc8bf72082,8fad398b-652b-4957-95d4-c05b722d02b9,16fb103a-4f0d-490f-87f7-b9907f946149,4cb57e3a-187d-4d3a-a0fa-b074b07c4f22,1,1:03:30,0:22:14,2025-06-01T00:19:19.652612,2025-06-01T00:19:19.652612
6076d2de-0428-41f9-ac43-95a34949972f,a059749a-2ee4-4bdb-8561-beeb4b2b7686,91fb960e-7246-4fa0-b50a-a544bea22307,1b0a8cbe-45d2-48ca-b1b9-a5968c40ea4a,1,1:57:53,0:58:17,2025-06-01T00:36:19.652612,2025-06-01T00:36:19.652612
bdee6b4c-f93e-44f7-aee6-0f7abd2f588c,9377011b-86af-41db-b9e1-80d54cef9acc,0a2d25f8-b99e-463a-9c43-14c42c6ecb9f,aeb9a731-ad47-4ca3-961f-a899434a487c,1,1:04:04,0:33:50,2025-06-01T00:39:19.652612,2025-06-01T00:39:19.652612
006de4dd-507c-4f78-a877-afb3e825b34f,fb5e26dc-865d-40dd-a734-772e9e486023,0a2d25f8-b99e-463a-9c43-14c42c6ecb9f,819ada22-af9d-46fe-8296-bb9b2962021f,1,1:04:04,0:21:48,2025-06-01T00:20:19.652612,2025-06-01T00:20:19.652612
11443744-a86f-4b68-add1-9380bef5d3ca,9c60a551-4b22-4cf5-825d-1330211b39d5,4c672de3-ce30-4ee7-bd6a-ec67e2cc0569,c88d930e-9ef1-4ba9-a984-b9cb8cc74cec,1,2:06:10,0:29:25,2025-06-01T00:32:19.652612,2025-06-01T00:32:19.652612
206641c3-c8ef-4960-b411-0c5c4679d79a,2dbf795e-a691-44cb-9ce2-82b653567007,2acdfbf4-323d-4fe0-b147-432c097287e3,54b3e97d-d308-478b-9f08-778c94e8cdce,1,5:47:55,3:14:50,2025-06-01T00:29:19.652612,2025-06-01T00:29:19.652612
305e1bdf-2738-4e20-83b3-1c0649557101,ee7a3ad4-3408-4bda-b785-f52f00eaa4ce,91fb960e-7246-4fa0-b50a-a544bea22307,c5478903-8041-495d-90d0-c7f2dbf7e8df,1,1:57:53,0:57:39,2025-06-01T00:22:19.652612,2025-06-01T00:22:19.652612
c66580b2-84c7-4ac8-95e5-fbc62fe357c7,b66b8f41-1e87-4412-b349-c01108fa5b2e,4c672de3-ce30-4ee7-bd6a-ec67e2cc0569,0e719040-c3af-47e4-99b0-3725b3fb4a9d,1,2:06:10,0:58:27,2025-06-01T00:30:19.652612,2025-06-01T00:30:19.652612
c7418054-0c99-4c4e-8917-6b58ced936cd,c40e4aeb-f242-4b41-83e2-dcbd9bc0a97a,9b53093c-ffb7-49d4-b867-6f465337bcc5,90479f79-8f84-48e8-a580-7dfbb7808f61,1,1:09:27,0:38:55,2025-06-01T00:27:19.652612,2025-06-01T00:27:19.652612
0edc7f72-3067-46e1-8760-bf42acfb2e0e,6bc2092f-f1c7-4240-b4d7-719d4f626597,d9e9be4e-f407-41bf-bed3-f6751aa34a20,af4bca70-cee7-4b6f-b080-fcae35a5c6d2,1,0:58:06,0:27:46,2025-06-01T00:42:19.652612,2025-06-01T00:42:19.652612
a4f1c78d-a9ad-4e67-9efd-3483c10cd02b,9083bbb8-78d9-48ca-81e7-f0d5c353ac9d,5df6a126-aac6-4875-b646-dc96d128d089,24855961-33d4-46c5-b26b-0670e25a03da,1,0:42:53,0:10:59,2025-06-01T00:28:19.652612,2025-06-01T00:28:19.652612
b62ac013-4de2-4c93-a496-847f648f33d4,0f01d733-0c32-44a7-a866-509aed69a985,d9e9be4e-f407-41bf-bed3-f6751aa34a20,23c05c16-4b57-49b3-b054-8f70f3dfb27c,1,0:58:06,0:30:41,2025-06-01T00:23:19.652612,2025-06-01T00:23:19.652612
69d9c912-4b3c-4f19-8770-d9966412369b,05eb5f9f-6233-48e1-9ab3-09d7cb5c8aaf,8be3f9d9-9dc3-405d-981d-2333878a08a1,c00b52ab-c1b2-44ee-a6dd-1feda38888a1,1,2:31:54,0:43:32,2025-06-01T00:30:19.652612,2025-06-01T00:30:19.652612
63610345-e9ef-47b0-8904-47c3b6e68c39,708d89b1-3485-4a17-b4e2-3e9ebf44a5ce,16fb103a-4f0d-490f-87f7-b9907f946149,bc0dfa74-eefd-49d5-a2f4-27db1f6fed19,1,1:03:30,0:36:31,2025-06-01T00:24:19.652612,2025-06-01T00:24:19.652612
4e7226fd-e81a-40f4-940a-8fc612eb8fad,a1032d7d-fa33-4a9f-8984-423c6ea42f8d,4451d8c5-e42f-4be3-adb9-44a89e035eb0,57242feb-2459-4e81-a931-fd12b0cf96a3,1,0:32:50,0:16:24,2025-06-01T00:43:19.652612,2025-06-01T00:43:19.652612
2b16c486-bf2b-464b-8802-260e731db6d6,bd9802c1-ac82-4504-8fc5-d8c491fbcbd3,8ace2a49-0f3d-411c-bb8d-b403f8277232,a594545e-4437-4fc9-a046-c2fa9f11bf2c,1,1:49:09,0:55:29,2025-06-01T00:23:19.652612,2025-06-01T00:23:19.652612
5f26c090-cff9-4bc3-af2a-dee816da4c61,41277708-3335-4e83-b830-d6bccedf1740,5df6a126-aac6-4875-b646-dc96d128d089,c7d34a24-1b42-41fe-af54-1bbeb114d448,1,0:42:53,0:20:49,2025-06-01T00:31:19.652612,2025-06-01T00:31:19.652612
70ac962e-c7c6-4f00-9998-ab3f6af768e9,8e3a0ce9-f35b-4132-a4d9-b37cb48286c0,8be3f9d9-9dc3-405d-981d-2333878a08a1,74077b9f-1996-43a5-81d7-6b8147be6ebd,1,2:31:54,0:48:05,2025-06-01T00:32:19.652612,2025-06-01T00:32:19.652612
53c8ae0c-b3ee-49ba-87f4-2277a1c44834,3b36e7b8-b907-495f-9d74-e846a927c8ed,8be3f9d9-9dc3-405d-981d-2333878a08a1,819ada22-af9d-46fe-8296-bb9b2962021f,1,2:31:54,0:54:00,2025-06-01T00:36:19.652612,2025-06-01T00:36:19.652612
687faf89-a637-49e2-b2ff-ff8e7a1c9cfa,8d5c9507-9e80-41e0-92a1-c6d04a701ee1,5df6a126-aac6-4875-b646-dc96d128d089,dde410ff-4c7c-4a23-bbb8-5da2df8d2641,1,0:42:53,0:20:38,2025-06-01T00:42:19.652612,2025-06-01T00:42:19.652612
0f848f69-4c26-4a6d-bcce-adfeba05ae3e,0bfb2a55-f859-427d-a14f-d61f2542988b,141ca815-b079-4444-a6f0-e9397d0157df,dd453290-19be-4c12-975c-ad6ebd86f6b8,1,1:33:02,0:28:52,2025-06-01T00:26:19.652612,2025-06-01T00:26:19.652612
da0f988a-0b15-401f-900d-8747a5dabb55,633c00d3-ca0c-428c-9f69-e2496f3b184d,d9e9be4e-f407-41bf-bed3-f6751aa34a20,24855961-33d4-46c5-b26b-0670e25a03da,1,0:58:06,0:31:06,2025-06-01T00:41:19.652612,2025-06-01T00:41:19.652612
e5dfc0f1-2b4c-417f-8cc6-f1c182d2dac6,fd3e5a88-2aad-44d6-914d-04d423f39037,4451d8c5-e42f-4be3-adb9-44a89e035eb0,1a132701-517b-4a57-b283-2964dab0fb4f,1,0:32:50,0:12:04,2025-06-01T00:21:19.652612,2025-06-01T00:21:19.652612
5f9c8cc7-6099-4268-8ceb-9c86ad88db3b,64cf2f0d-dd81-41b8-bc7c-ad06a5bfe8ce,5df6a126-aac6-4875-b646-dc96d128d089,65d5386b-aaec-470e-a18b-1ef92ea1f43f,1,0:42:53,0:14:10,2025-06-01T00:36:19.652612,2025-06-01T00:36:19.652612
802cdff2-509f-4587-8dcd-db8c19a1ea18,fa9f5626-4493-4770-a4ed-3851dd4f506e,5df6a126-aac6-4875-b646-dc96d128d089,b95e5f27-43a9-4166-a4e0-43208ad46d62,1,0:42:53,0:09:21,2025-06-01T00:22:19.652612,2025-06-01T00:22:19.652612
3ccedbb5-1dca-49f2-9c5e-167b1b8eeec1,8a8939bc-c9a7-41cb-b2cf-f4347f53d824,5df6a126-aac6-4875-b646-dc96d128d089,ad6b10af-d1c0-4cc7-ba5c-562b427eb731,1,0:42:53,0:13:36,2025-06-01T00:38:19.652612,2025-06-01T00:38:19.652612
3c523688-e863-405c-9e60-5992494f430f,e22d0b82-5702-4955-91a9-b5becb594814,5df6a126-aac6-4875-b646-dc96d128d089,51183589-6caa-4bab-b7e6-d1fa6a747a46,1,0:42:53,0:23:01,2025-06-01T00:26:19.652612,2025-06-01T00:26:19.652612
5e06f5d0-200a-48f6-b736-f0dc525541ab,d0d9edec-5766-449a-a86d-fd37059d7190,d9e9be4e-f407-41bf-bed3-f6751aa34a20,3d9581da-f1fc-49b2-bdd0-4dc0e19c0333,1,0:58:06,0:15:24,2025-06-01T00:24:19.652612,2025-06-01T00:24:19.652612
7d9e3ec4-6e87-4a2e-ac85-65960ff21a0c,1c49107d-68ad-4676-aa39-689255818860,16fb103a-4f0d-490f-87f7-b9907f946149,bb6df7c3-0b99-49a2-8cde-6692557d7556,1,1:03:30,0:33:38,2025-06-01T00:22:19.652612,2025-06-01T00:22:19.652612
3dabb1ce-52b6-4804-ba1e-e6e4a56a2f84,d6dd8efd-0992-4fd2-a337-1987bda8b7ab,4451d8c5-e42f-4be3-adb9-44a89e035eb0,dad8d1bf-c64f-4b6a-9f3b-ea740f176c4e,1,0:32:50,0:12:26,2025-06-01T00:20:19.652612,2025-06-01T00:20:19.652612
936fc1bc-2016-47f4-b962-c9b55a1fc4c4,d35ca48c-d59a-4278-97f5-ef0eade867d0,2acdfbf4-323d-4fe0-b147-432c097287e3,aff7614d-f27b-4d12-ba3a-62ff7ec6c536,1,5:47:55,3:22:39,2025-06-01T00:42:19.652612,2025-06-01T00:42:19.652612
f460124a-6155-4b78-bcc0-1565a5b51bc0,b0907dc6-b9a6-4257-aa1c-b6b749ec6598,d9e9be4e-f407-41bf-bed3-f6751aa34a20,fae9bf3b-5973-41c8-97bc-c431cab7410d,1,0:58:06,0:13:24,2025-06-01T00:26:19.652612,2025-06-01T00:26:19.652612
f97975a1-3a89-497e-b0db-a01713429e5e,77670f3c-a84e-4268-8bc2-9d646afabb71,5df6a126-aac6-4875-b646-dc96d128d089,fa475909-faad-4d5e-a466-b4c28e9feb11,1,0:42:53,0:11:33,2025-06-01T00:33:19.652612,2025-06-01T00:33:19.652612
f9e5090d-fa9d-4547-9ddd-204e1b711efb,b38ac581-5aea-47a1-b5f3-c8fc3e5f7da9,4451d8c5-e42f-4be3-adb9-44a89e035eb0,f20cdf87-7aba-4639-81a1-343d6755c461,1,0:32:50,0:19:16,2025-06-01T00:28:19.652612,2025-06-01T00:28:19.652612
90e248e8-d582-44e1-a5e0-77f00d025579,c4e3aa86-766a-4023-9f0b-99a877385c1d,91fb960e-7246-4fa0-b50a-a544bea22307,bf4d7455-06d6-48fd-83d2-39892e7dff81,1,1:57:53,0:43:58,2025-06-01T00:37:19.652612,2025-06-01T00:37:19.652612
115ccfed-1083-4994-a2fb-b062cd03d26d,3830712c-06dc-4fa0-a644-aaf5078f2426,2acdfbf4-323d-4fe0-b147-432c097287e3,e3bfdc95-810a-4fda-9eb1-c7afd5cf8425,1,5:47:55,1:18:13,2025-06-01T00:26:19.652612,2025-06-01T00:26:19.652612
8ef44eb9-8a3d-4fe7-b1cd-f2217f6a646f,3c4db025-ff6e-4248-a290-407e21fbd50e,8ace2a49-0f3d-411c-bb8d-b403f8277232,9cc257ae-c4be-4281-8b6e-9efff4fe0c3a,1,1:49:09,1:04:14,2025-06-01T00:33:19.652612,2025-06-01T00:33:19.652612
246f3bc1-11ef-43af-b1b1-96cc32f3ce3f,b781bf8e-274f-4c6e-bd96-ff854c90ece6,141ca815-b079-4444-a6f0-e9397d0157df,88c71f42-3dcc-43f4-8217-46d0acf5a699,1,1:33:02,0:36:12,2025-06-01T00:35:19.652612,2025-06-01T00:35:19.652612
8f09b3dc-9e35-47c0-b285-8b42d9a39470,ef23459a-96ea-4cc1-95aa-e1f427f306ac,0a2d25f8-b99e-463a-9c43-14c42c6ecb9f,df438391-d968-4e0a-bb12-995bef1bc2c1,1,1:04:04,0:16:24,2025-06-01T00:33:19.652612,2025-06-01T00:33:19.652612
490a1710-0276-4b62-8c89-f98e56f451e2,5c09f6cb-29c5-4ce2-b403-7295f37c9c3a,2acdfbf4-323d-4fe0-b147-432c097287e3,509047fa-d401-47c6-abc3-158e36dc6b0b,1,5:47:55,1:52:30,2025-06-01T00:42:19.652612,2025-06-01T00:42:19.652612
00028ee7-f2f0-4323-803e-4b5550755dcd,a23be348-d823-4a43-ace1-06e7c64f5793,16fb103a-4f0d-490f-87f7-b9907f946149,3fae7305-d5f7-45bb-8d80-06da650234e0,1,1:03:30,0:20:04,2025-06-01T00:33:19.652612,2025-06-01T00:33:19.652612
b62884ba-76a6-4a98-86a2-45d479df12b9,7169224e-2085-46f3-87e6-b08d9669ea75,d9e9be4e-f407-41bf-bed3-f6751aa34a20,9f99abea-3f5c-4534-880f-5e9308422743,1,0:58:06,0:17:28,2025-06-01T00:32:19.652612,2025-06-01T00:32:19.652612
99b716f1-6300-4c15-a1fe-3ce8c53f7a21,29e0d0ce-c5cd-4c12-b5d7-7cbaaaa0c886,4c672de3-ce30-4ee7-bd6a-ec67e2cc0569,87f98a22-bbd7-4cd3-9be1-7a3638284ffb,1,2:06:10,0:32:49,2025-06-01T00:32:19.652612,2025-06-01T00:32:19.652612
437bce34-5ba5-4599-93a5-7bafa842f900,5a5d6703-0295-47ff-a419-fefeabb2f35c,9b53093c-ffb7-49d4-b867-6f465337bcc5,18e1d6e4-b5ad-48e3-8a3f-54eb85006666,1,1:09:27,0:40:55,2025-06-01T00:26:19.652612,2025-06-01T00:26:19.652612
4c67783d-c2ac-455a-bdb2-f120d48d30cd,52718fb1-4776-461e-b6be-d7bfab0d7370,2acdfbf4-323d-4fe0-b147-432c097287e3,a1790014-65b0-4b53-a5fb-840a01ad91c5,1,5:47:55,2:40:51,2025-06-01T00:40:19.652612,2025-06-01T00:40:19.652612
6f4b342c-fd93-461b-b7dd-8d11925821e0,3ba30a97-59ba-4898-a3fc-66fe2f03526e,2acdfbf4-323d-4fe0-b147-432c097287e3,f2693480-01fa-4386-9122-76b81d7863dc,1,5:47:55,2:54:03,2025-06-01T00:23:19.652612,2025-06-01T00:23:19.652612
52aaa9d8-c111-433e-8e46-beeb59888dac,ade27315-876d-493f-b19c-10b27610639f,4c672de3-ce30-4ee7-bd6a-ec67e2cc0569,fbcc4ac2-0887-44b9-8578-aaffa8b9c4de,1,2:06:10,1:01:18,2025-06-01T00:32:19.652612,2025-06-01T00:32:19.652612
4073e214-fbb4-4935-9867-a5f726988b2d,7f00fe33-5b71-4c59-93f0-63bfef5d78bf,4c672de3-ce30-4ee7-bd6a-ec67e2cc0569,d4727191-2c8e-43ac-99a8-60759f1e19cc,1,2:06:10,1:00:28,2025-06-01T00:34:19.652612,2025-06-01T00:34:19.652612
b6b0e91b-e969-4449-9f89-aaf7f0828d9e,516e1d02-1d32-4df0-8e53-425f45b83f89,16fb103a-4f0d-490f-87f7-b9907f946149,4abdf724-67ed-4292-a8e7-df99fb6264cb,1,1:03:30,0:18:20,2025-06-01T00:35:19.652612,2025-06-01T00:35:19.652612
6ad79c85-fdea-4589-ba00-7dbaddda75e1,f4299e3f-1f8b-498e-86d6-7e3c76ea292d,5df6a126-aac6-4875-b646-dc96d128d089,5d30cbdf-d16c-4ec9-afe0-26c7213a0b1c,1,0:42:53,0:14:43,2025-06-01T00:43:19.652612,2025-06-01T00:43:19.652612
05042a63-b9e6-4910-aa5a-ee12d289324e,e4d0d5e1-f8d0-4621-ac31-067de0ef2fc6,d9e9be4e-f407-41bf-bed3-f6751aa34a20,ad21e5e9-3696-4f3f-bacc-63a34e02b031,1,0:58:06,0:25:37,2025-06-01T00:19:19.652612,2025-06-01T00:19:19.652612
fe44565f-5f04-4d59-b62d-da75b7b4f9d3,c6c35c7d-7163-460f-8173-1f05e6e5291c,4451d8c5-e42f-4be3-adb9-44a89e035eb0,f3ddc005-5471-4fd9-b8e7-7dad046e4a08,1,0:32:50,0:09:40,2025-06-01T00:27:19.652612,2025-06-01T00:27:19.652612
1ed7dc82-0856-484f-b779-f773f111be36,38e0c645-a2c6-466c-9ba0-4834e3b99d2d,4c672de3-ce30-4ee7-bd6a-ec67e2cc0569,719022aa-1639-4886-a008-0d552ba1eea3,1,2:06:10,0:56:12,2025-06-01T00:22:19.652612,2025-06-01T00:22:19.652612
4b6d0d6e-10bd-4529-9242-bb95d19b3b53,b7c8c9db-916f-4a02-aeaa-dae3be6eb1d5,16fb103a-4f0d-490f-87f7-b9907f946149,fb97aa4a-ffed-43fb-a382-245c045cd181,1,1:03:30,0:14:30,2025-06-01T00:25:19.652612,2025-06-01T00:25:19.652612
ca605dd0-3f1d-4d39-b3d9-e7b2f394c531,db9543d0-e5fd-429b-bc6c-f7ba89d0f530,4c672de3-ce30-4ee7-bd6a-ec67e2cc0569,5b083694-8440-428e-8462-db6c26cd6bc2,1,2:06:10,0:26:43,2025-06-01T00:22:19.652612,2025-06-01T00:22:19.652612
9b5d090b-3733-4039-af90-53b19f77eee3,60443bde-d37b-474f-808c-16bea5531e41,0a2d25f8-b99e-463a-9c43-14c42c6ecb9f,9f99abea-3f5c-4534-880f-5e9308422743,1,1:04:04,0:23:37,2025-06-01T00:21:19.652612,2025-06-01T00:21:19.652612
7de07520-c4dc-4195-9cc8-5bd893193e5f,6db34118-27cb-4e84-940a-43509d581752,d9e9be4e-f407-41bf-bed3-f6751aa34a20,827883ce-09be-4e60-99a8-3aae5a3b6406,1,0:58:06,0:16:12,2025-06-01T00:40:19.652612,2025-06-01T00:40:19.652612
d2d8612c-a866-4ad5-9909-5c34be8793a4,fb9d9e94-7c9f-47db-be2d-e722dffd2fa1,5df6a126-aac6-4875-b646-dc96d128d089,ed967346-5621-4e82-b12b-2a11d46df60e,1,0:42:53,0:10:37,2025-06-01T00:19:19.652612,2025-06-01T00:19:19.652612
fccbbc54-0941-4711-93ef-c6e1a26d6805,5deadb9f-7928-4361-90e4-29812e774569,4c672de3-ce30-4ee7-bd6a-ec67e2cc0569,dee8669c-634e-4cf7-80b3-9b8128ef81b2,1,2:06:10,0:29:07,2025-06-01T00:34:19.652612,2025-06-01T00:34:19.652612
a7974294-f203-4c71-a290-b38f90a8e5be,fa3e2bb6-67e1-4d2c-8741-f11e8dd9de2f,91fb960e-7246-4fa0-b50a-a544bea22307,e617bfb3-9df8-4233-9935-b7ea4e3be9c9,1,1:57:53,1:00:50,2025-06-01T00:24:19.652612,2025-06-01T00:24:19.652612
7a3a4c12-a777-420c-9ced-544aaccee156,f8a367bc-3715-4d77-8de4-150dc1ea41e9,91fb960e-7246-4fa0-b50a-a544bea22307,8ef10ce8-ffba-4093-b85d-f401bf17323f,1,1:57:53,0:38:40,2025-06-01T00:18:19.652612,2025-06-01T00:18:19.652612
7198dcae-0a4b-4b43-91a2-255152e3db2b,80136594-ba86-4405-8e47-5d18baf56e47,91fb960e-7246-4fa0-b50a-a544bea22307,986fde82-a524-40c6-bddc-3d73317029b1,1,1:57:53,0:25:40,2025-06-01T00:18:19.652612,2025-06-01T00:18:19.652612
b4218258-baaa-4b75-ad0a-7b9c6730939d,dc3ba03f-d46e-4646-8884-4ab9bb70a786,16fb103a-4f0d-490f-87f7-b9907f946149,8fa1c7bf-c41c-41a6-b024-9d9c5a5b62b3,1,1:03:30,0:33:06,2025-06-01T00:41:19.652612,2025-06-01T00:41:19.652612
3a47188a-2632-44e7-93e8-ffce6acc3c61,70450bc6-9d4e-4759-b944-b9aee1808f20,4451d8c5-e42f-4be3-adb9-44a89e035eb0,8d5f638d-db1b-4b46-8fd2-5e9f277bbe44,1,0:32:50,0:17:44,2025-06-01T00:37:19.652612,2025-06-01T00:37:19.652612
8055e119-db16-4adb-b679-4aa737f698a0,09e4e8ab-42c8-4be2-9095-b09924fec7f9,141ca815-b079-4444-a6f0-e9397d0157df,7418d77c-d70b-4cec-af03-7fac28eb6c33,1,1:33:02,0:42:20,2025-06-01T00:21:19.652612,2025-06-01T00:21:19.652612
7e3b21d8-03f4-40c6-b33d-f5ff0d371690,2551ae8e-d0e1-4511-9cbb-3f01718cdf1d,8be3f9d9-9dc3-405d-981d-2333878a08a1,d5daa2b5-45f1-4ac7-8b03-20238edbfc6d,1,2:31:54,1:24:33,2025-06-01T00:25:19.652612,2025-06-01T00:25:19.652612
4b9efe78-aedd-4226-aac6-92e8f8efd5be,8cc51134-956c-40d4-ada8-01e587e15b04,5df6a126-aac6-4875-b646-dc96d128d089,1de4b889-cff8-43f4-89cb-7d91aa51875a,1,0:42:53,0:15:48,2025-06-01T00:38:19.652612,2025-06-01T00:38:19.652612
c5bacfd4-9b1a-4bf0-bddf-405f420326ca,340236c3-6879-47fd-975b-eed136eda47b,0a2d25f8-b99e-463a-9c43-14c42c6ecb9f,dad7a07d-25c2-4c74-8b10-d243c6f2cc17,1,1:04:04,0:25:33,2025-06-01T00:41:19.652612,2025-06-01T00:41:19.652612
538457df-1b9c-4071-9afc-40212517057d,7d790b5b-217f-46ed-aee4-d141b443ad81,2acdfbf4-323d-4fe0-b147-432c097287e3,723e288a-f779-4f00-bc5b-10f9ef31ccf3,1,5:47:55,3:03:41,2025-06-01T00:19:19.652612,2025-06-01T00:19:19.652612
07ef1b2c-24b1-421f-abc4-ceb0b13c1ff2,8bf72e70-0305-4765-8a94-9c3875c67d74,8ace2a49-0f3d-411c-bb8d-b403f8277232,3bbf5dbb-e695-4adf-9b2b-15be55d3063f,1,1:49:09,0:33:03,2025-06-01T00:19:19.652612,2025-06-01T00:19:19.652612
edcb3338-c6af-4941-b42b-3dec9908ea65,e3be0ae2-3bde-4683-ba04-375314574469,9b53093c-ffb7-49d4-b867-6f465337bcc5,179b36e9-9e29-4926-b01d-9c83bd8aca16,1,1:09:27,0:16:51,2025-06-01T00:36:19.652612,2025-06-01T00:36:19.652612
5832c9b8-b204-4bcc-a520-de561ddad3cd,4e9dad10-8145-4dd5-bd74-fe467e1a25cc,8be3f9d9-9dc3-405d-981d-2333878a08a1,fc4caa97-a4e4-4834-b6a3-2ca7976dfd8f,1,2:31:54,0:33:21,2025-06-01T00:19:19.652612,2025-06-01T00:19:19.652612
b404cf97-ef2f-447e-9bc4-cea5f05d6105,ece1b9fc-bfa6-4d16-ae23-a7f9ae3af0cb,16fb103a-4f0d-490f-87f7-b9907f946149,c5c17e92-11bc-4a02-9e13-0d1774ed2303,1,1:03:30,0:24:29,2025-06-01T00:30:19.652612,2025-06-01T00:30:19.652612
b89f785d-7509-4dbf-ab75-bd56474598d1,f174a698-4780-4b1b-a3c0-6d917348179d,9b53093c-ffb7-49d4-b867-6f465337bcc5,f5d7ee22-68f0-4800-a433-a1b72c6ca60c,1,1:09:27,0:24:41,2025-06-01T00:30:19.652612,2025-06-01T00:30:19.652612
010c53f0-d691-4b52-ab66-20af67e87572,93b2c5e4-d1ae-42ef-bed8-9e0977997055,8be3f9d9-9dc3-405d-981d-2333878a08a1,a9c21de6-1180-4220-b6e6-7c91f994058c,1,2:31:54,0:53:32,2025-06-01T00:37:19.652612,2025-06-01T00:37:19.652612
223e09be-74c3-4822-8e4b-f4dac5f84da4,c23240c7-c94f-46b8-b55f-425430f770f8,9b53093c-ffb7-49d4-b867-6f465337bcc5,7c77fcdb-f1ac-426f-b9f6-fb583048b065,1,1:09:27,0:27:12,2025-06-01T00:19:19.652612,2025-06-01T00:19:19.652612
801edcd5-7fd6-4adf-ac8a-19014eba7ff0,eb7e12e0-bc5e-4ae8-976d-cf8b74bd97f4,0a2d25f8-b99e-463a-9c43-14c42c6ecb9f,28b512ad-f887-4f17-9e88-365cc4d960fa,1,1:04:04,0:29:21,2025-06-01T00:19:19.652612,2025-06-01T00:19:19.652612
aaf9c42d-61e5-4850-b522-c34987752bb3,7dd17baa-1440-418f-8447-c0e752da437a,d9e9be4e-f407-41bf-bed3-f6751aa34a20,b3a87b40-000b-47d1-a4b7-32e0b6e47676,1,0:58:06,0:22:23,2025-06-01T00:36:19.652612,2025-06-01T00:36:19.652612
07008ec6-3a10-4f9c-abf3-ef6c4bd615cb,84063cbc-06c9-47e5-90a7-0a7a7f32c59c,4c672de3-ce30-4ee7-bd6a-ec67e2cc0569,855b2207-a9d5-4bd6-85f6-9c7a871ae1ee,1,2:06:10,0:48:20,2025-06-01T00:32:19.652612,2025-06-01T00:32:19.652612
01c8f5ac-3bd1-443e-b7a0-7435179ff92d,d7707e9d-a354-4fe8-83bd-1772fe9f3b42,4c672de3-ce30-4ee7-bd6a-ec67e2cc0569,164069cd-e029-48e5-84cf-9c50e44c08ea,1,2:06:10,0:46:37,2025-06-01T00:34:19.652612,2025-06-01T00:34:19.652612
bc560f83-9046-4ed7-a2cf-48fe848ad35c,6928cad1-2157-4f57-9f12-757535525b41,9b53093c-ffb7-49d4-b867-6f465337bcc5,5a8adb5a-ed01-43b9-a23a-ef882a45a6b0,1,1:09:27,0:17:22,2025-06-01T00:39:19.652612,2025-06-01T00:39:19.652612
194adf65-7198-4c19-b216-b9630d6bb883,612e212c-2548-417b-a22a-de1bfa067831,8ace2a49-0f3d-411c-bb8d-b403f8277232,584705a0-bd46-4c5f-99e3-0712ef72ad66,1,1:49:09,0:56:29,2025-06-01T00:24:19.652612,2025-06-01T00:24:19.652612
a4d111dd-db9c-4563-96ab-692be4a00128,ec6dbd3d-d5a7-4896-968f-717871072bb1,141ca815-b079-4444-a6f0-e9397d0157df,dc3e3aa6-e714-4e17-b3de-05788af32b78,1,1:33:02,0:39:34,2025-06-01T00:40:19.652612,2025-06-01T00:40:19.652612
65a8d27f-9682-4852-9be1-f2d44150d2c2,5e1410bb-6850-4cb6-8502-f4eaf7a2a968,2acdfbf4-323d-4fe0-b147-432c097287e3,6bed1a69-1c4e-49b2-b924-1fdbffcc0226,1,5:47:55,3:04:49,2025-06-01T00:28:19.652612,2025-06-01T00:28:19.652612
e37788ce-4c47-43be-b059-fd3dba4d3173,0ea2cc31-14a8-40a6-8ad8-4bcf64dbe911,16fb103a-4f0d-490f-87f7-b9907f946149,c4cfc59e-6655-498f-b230-66cadd50923e,1,1:03:30,0:25:28,2025-06-01T00:34:19.652612,2025-06-01T00:34:19.652612
2990f19a-62fa-4e46-80d1-0aea60de7671,6996c6c8-9891-4d49-aa10-445825fc1398,0a2d25f8-b99e-463a-9c43-14c42c6ecb9f,8aafbf2a-86a0-4f10-93ba-7e42facfa1c5,1,1:04:04,0:23:40,2025-06-01T00:24:19.652612,2025-06-01T00:24:19.652612
12503e3e-57bd-4936-997b-fffa84ea13e0,185be33a-7b5b-49b0-9f00-43141e114597,4451d8c5-e42f-4be3-adb9-44a89e035eb0,ac132ac6-f399-4836-8494-ac2e5ad43916,1,0:32:50,0:18:02,2025-06-01T00:36:19.652612,2025-06-01T00:36:19.652612
0ae91442-daeb-4ed0-aa3b-c8b621a6d894,18ac8b10-ed4e-411b-97a1-9e4d49b1ba4a,141ca815-b079-4444-a6f0-e9397d0157df,ecd86d0a-9885-44f9-994a-1084f60a0550,1,1:33:02,0:22:41,2025-06-01T00:26:19.652612,2025-06-01T00:26:19.652612
510acc06-ef71-40f4-8921-47d865562e88,7752b4e2-3fab-48f5-9011-4f10216fa1b2,2acdfbf4-323d-4fe0-b147-432c097287e3,179b36e9-9e29-4926-b01d-9c83bd8aca16,1,5:47:55,1:35:25,2025-06-01T00:19:19.652612,2025-06-01T00:19:19.652612
415c0cd2-e913-4dc6-b359-34a7f92919e8,5b025d03-fa04-4f11-89a2-2238e36df082,8ace2a49-0f3d-411c-bb8d-b403f8277232,d0618cc5-839e-420f-a572-4ecbe2b6b953,1,1:49:09,1:03:11,2025-06-01T00:42:19.652612,2025-06-01T00:42:19.652612
5b647792-3a60-47a6-ad68-d81187cff88a,ea0fbaa5-ae1b-49c2-84c9-8efde4c6a3e4,141ca815-b079-4444-a6f0-e9397d0157df,6f162b0f-685c-4332-a438-f65d4773d51f,1,1:33:02,0:36:36,2025-06-01T00:31:19.652612,2025-06-01T00:31:19.652612
20972619-02e5-4869-a74b-ac5496962bcc,ec7de2c4-45a5-401d-af1b-4b64cad8131c,4451d8c5-e42f-4be3-adb9-44a89e035eb0,fbcc4ac2-0887-44b9-8578-aaffa8b9c4de,1,0:32:50,0:13:59,2025-06-01T00:27:19.652612,2025-06-01T00:27:19.652612
1b22de6b-ecf0-402d-be6e-cfb55daa7a33,afeec8b8-d191-43cb-9653-309f09cf1400,2acdfbf4-323d-4fe0-b147-432c097287e3,8de05dfb-f921-41b2-b635-25f987262fcc,1,5:47:55,3:07:29,2025-06-01T00:25:19.652612,2025-06-01T00:25:19.652612
cf9caf7f-e8ae-4c85-816a-59cdc1933a03,80741fae-e08b-4b6b-a9a6-29c0d3e2b401,4451d8c5-e42f-4be3-adb9-44a89e035eb0,5da452f4-c75b-4d58-8795-99f37cf73c6b,1,0:32:50,0:09:57,2025-06-01T00:42:19.652612,2025-06-01T00:42:19.652612
0c3362bc-6ed5-431b-a299-2a62b1ef75a6,7d142a6d-ec77-4fb9-96fd-db9fcaea6c8c,91fb960e-7246-4fa0-b50a-a544bea22307,9b7ab78a-b87e-4aee-ae4b-20587be785fe,1,1:57:53,1:00:40,2025-06-01T00:40:19.652612,2025-06-01T00:40:19.652612
e132f58d-b77f-4d27-80d9-bd9a59babd27,50884114-2bcf-4b72-9c90-9ff04e6132ba,8ace2a49-0f3d-411c-bb8d-b403f8277232,81316991-2cf5-4e42-b885-bf884eff77ab,1,1:49:09,0:31:38,2025-06-01T00:23:19.652612,2025-06-01T00:23:19.652612
d1e9bfd5-bffd-45dd-bf4f-9ea198dc5f46,7d37e3c0-bff4-4c7f-a4a4-ba07edfbf67a,5df6a126-aac6-4875-b646-dc96d128d089,cb4b99e0-3906-493f-ad38-6466037eb965,1,0:42:53,0:13:13,2025-06-01T00:37:19.652612,2025-06-01T00:37:19.652612
55a57c7f-6c68-4d71-8b7b-b975572b6f6b,940a0eaa-7c5b-47de-8f6d-e876e917e3e1,5df6a126-aac6-4875-b646-dc96d128d089,abfc2976-a4b8-4f52-bd56-31be63527150,1,0:42:53,0:24:33,2025-06-01T00:26:19.652612,2025-06-01T00:26:19.652612
bb6ae833-c5dd-48a0-a18a-a4ba4621436f,51a77d85-34b1-4616-b495-9aab5db6a22b,8ace2a49-0f3d-411c-bb8d-b403f8277232,f552168b-b385-475f-a162-ddfd8336bdff,1,1:49:09,0:38:36,2025-06-01T00:39:19.652612,2025-06-01T00:39:19.652612
9a7e21b2-64a9-401d-b442-8b95160ad80e,8d65d3de-ede2-42ec-99ce-69018c796aa8,5df6a126-aac6-4875-b646-dc96d128d089,b5ed78ca-2769-4c2f-ae13-25349db57773,1,0:42:53,0:09:03,2025-06-01T00:38:19.652612,2025-06-01T00:38:19.652612
f339e8a3-b853-421f-986f-7bd0ae5d96fa,6107ee1d-5be1-4aa4-a0b2-9c337638937f,91fb960e-7246-4fa0-b50a-a544bea22307,e8f743f5-53b3-4270-90d9-cab845deabe9,1,1:57:53,0:40:39,2025-06-01T00:29:19.652612,2025-06-01T00:29:19.652612
003e2da4-8d2f-4f70-9882-634b7b62c310,103a6640-6611-4ac8-a7e1-f0f7306890b8,91fb960e-7246-4fa0-b50a-a544bea22307,965e7d4d-4e13-49da-9334-5c21facb6d44,1,1:57:53,0:42:57,2025-06-01T00:37:19.652612,2025-06-01T00:37:19.652612
9b1272ef-84eb-4597-8a25-66c7d8d5378d,11ca05a3-e72e-4895-9cd5-12b59c10f954,141ca815-b079-4444-a6f0-e9397d0157df,669ad617-9d9b-4107-94c6-bd872797aba5,1,1:33:02,0:42:00,2025-06-01T00:38:19.652612,2025-06-01T00:38:19.652612
f08878b1-6371-46dc-bff0-eedccc0f2306,9899052e-61a0-4410-bd89-08da12a98458,4451d8c5-e42f-4be3-adb9-44a89e035eb0,9bb6a732-93e5-4b87-b45b-4fc4d86c8e16,1,0:32:50,0:10:19,2025-06-01T00:33:19.652612,2025-06-01T00:33:19.652612
8a2e7a92-b941-42dc-b0d1-e6e98e254d47,f54a622b-604e-47c2-8d10-1a30a759d6ba,5df6a126-aac6-4875-b646-dc96d128d089,095e0b31-e398-4a22-8738-8b5abee0d0a8,1,0:42:53,0:25:12,2025-06-01T00:22:19.652612,2025-06-01T00:22:19.652612
f3bbb71a-d133-4a96-a11d-58133e05daa7,0c81e4b8-bc4d-4338-b0bb-31f3edb74126,4451d8c5-e42f-4be3-adb9-44a89e035eb0,765ce326-541b-4ed0-8fc2-df341ab3b1c2,1,0:32:50,0:15:53,2025-06-01T00:24:19.652612,2025-06-01T00:24:19.652612
6a7dcc7a-ee74-4744-959d-e022934148ae,ceea045d-4341-41ac-a199-5b2ff3efb45f,16fb103a-4f0d-490f-87f7-b9907f946149,c4cfc59e-6655-498f-b230-66cadd50923e,1,1:03:30,0:36:33,2025-06-01T00:19:19.652612,2025-06-01T00:19:19.652612
331ec469-9888-4e75-9c3c-7fa7f9fd7a93,c7fba114-ca38-40d5-93dc-d580005b28f7,141ca815-b079-4444-a6f0-e9397d0157df,a6e0bad8-4090-4638-9b35-2c9472779edc,1,1:33:02,0:53:02,2025-06-01T00:41:19.652612,2025-06-01T00:41:19.652612
0bf66450-f6f4-4b59-87fa-0771f53ab5c8,e3f6bd15-06cf-4255-86ab-14faab6e3707,9b53093c-ffb7-49d4-b867-6f465337bcc5,6d3fe367-cf7c-4a68-af1c-5ede7939688a,1,1:09:27,0:36:44,2025-06-01T00:33:19.652612,2025-06-01T00:33:19.652612
08c782d0-1ae4-40bd-82b3-b55789533483,f2b1ce7a-263f-4e89-893e-4e4cacddbe5f,d9e9be4e-f407-41bf-bed3-f6751aa34a20,78826f50-7180-4b16-80a8-9914bfda903c,1,0:58:06,0:24:17,2025-06-01T00:35:19.652612,2025-06-01T00:35:19.652612
9d7c6d8c-37f6-4165-84a3-4cfbb5aa4616,2a3d17dd-4ef9-43b2-952a-cf8674b7a952,5df6a126-aac6-4875-b646-dc96d128d089,b909e857-2b50-46ab-b50d-41fa9e0b9b0a,1,0:42:53,0:19:18,2025-06-01T00:20:19.652612,2025-06-01T00:20:19.652612
bf8d827c-69ff-4f0d-a01d-1a7dd7a09cf5,2747718c-e054-4bee-af28-dc7e604da320,16fb103a-4f0d-490f-87f7-b9907f946149,5ffc44c7-0f1f-47cf-8f2e-1a69cbae9636,1,1:03:30,0:20:34,2025-06-01T00:41:19.652612,2025-06-01T00:41:19.652612
826959b9-bc9e-44ca-8234-40054505992a,a60c1a84-0d8b-400d-9c40-4b7e57e8fe2c,141ca815-b079-4444-a6f0-e9397d0157df,5a8adb5a-ed01-43b9-a23a-ef882a45a6b0,1,1:33:02,0:40:00,2025-06-01T00:40:19.652612,2025-06-01T00:40:19.652612
893a9e37-3f09-41a0-b8a1-aaefbe33ce2a,ed503470-88ae-4173-b100-bf6c9984559d,91fb960e-7246-4fa0-b50a-a544bea22307,b2737f5a-0a78-4452-9aa0-cdd8aedeec97,1,1:57:53,0:38:37,2025-06-01T00:23:19.652612,2025-06-01T00:23:19.652612
4c20c9ae-a919-4c88-9712-7c4b2fa79655,8ab09230-fe5b-456d-b97b-16e3132d4899,5df6a126-aac6-4875-b646-dc96d128d089,f5d7ee22-68f0-4800-a433-a1b72c6ca60c,1,0:42:53,0:19:56,2025-06-01T00:40:19.652612,2025-06-01T00:40:19.652612
c096dcce-8100-43f7-a766-b74f4be5ec1c,1c835800-de11-4484-9b24-193d1b47dc22,d9e9be4e-f407-41bf-bed3-f6751aa34a20,0855d347-a7b3-478f-b9e1-df7bbade432a,1,0:58:06,0:21:13,2025-06-01T00:32:19.652612,2025-06-01T00:32:19.652612
c5c97480-5f73-4ea0-8561-bc27b2e9ea65,29453c5e-93ef-46ab-a182-ca5817722e43,4c672de3-ce30-4ee7-bd6a-ec67e2cc0569,855b2207-a9d5-4bd6-85f6-9c7a871ae1ee,1,2:06:10,0:27:18,2025-06-01T00:18:19.652612,2025-06-01T00:18:19.652612
cc7f53d2-16c7-43e0-bc45-5a987b705842,88bc1246-0084-4e9e-a41b-6642c31477e3,8ace2a49-0f3d-411c-bb8d-b403f8277232,f675fafe-8b2d-4283-a494-4f267168528d,1,1:49:09,0:54:03,2025-06-01T00:32:19.652612,2025-06-01T00:32:19.652612
9d307651-a4b8-4144-accd-d94ecad74c39,f3b847bf-e2f4-4f31-b872-81a65ac161f8,141ca815-b079-4444-a6f0-e9397d0157df,11c1e991-b2cb-487c-a49c-f5df533e8595,1,1:33:02,0:31:35,2025-06-01T00:41:19.652612,2025-06-01T00:41:19.652612
90bd221c-b755-4b09-8968-ffe63c85a692,44de81c8-c33d-4c9b-920e-726f0e89cf1d,9b53093c-ffb7-49d4-b867-6f465337bcc5,672c43ef-dd40-4a84-b30d-3596ddaa1e7e,1,1:09:27,0:39:31,2025-06-01T00:31:19.652612,2025-06-01T00:31:19.652612
8dd37bd7-42e6-4b88-8f0c-3ed8c3345c16,39bdab2c-eb48-4121-a9d6-a1cc86ea9852,4451d8c5-e42f-4be3-adb9-44a89e035eb0,4cc3a430-59d5-4b57-b21f-96ed88fede93,1,0:32:50,0:14:45,2025-06-01T00:27:19.652612,2025-06-01T00:27:19.652612
ca5ebc11-4723-4a5a-8861-d7b861d0f2b3,e75dd0a0-99b1-4a5e-a866-775232bcfe04,2acdfbf4-323d-4fe0-b147-432c097287e3,1e734c0c-173d-48d5-ad7c-de80a7fb089c,1,5:47:55,1:27:21,2025-06-01T00:32:19.652612,2025-06-01T00:32:19.652612
524dc5ff-a814-48bc-a206-fd5f7657ce09,153381c1-0783-443a-b3d8-fb08b4d47744,91fb960e-7246-4fa0-b50a-a544bea22307,40d96f7f-39d3-49de-b26c-9eb4f78672ae,1,1:57:53,0:40:52,2025-06-01T00:36:19.652612,2025-06-01T00:36:19.652612
892148e6-ffe6-4c34-ad5c-d635156d7d5e,d241beff-d832-47e4-9f39-ecef2293b197,2acdfbf4-323d-4fe0-b147-432c097287e3,509047fa-d401-47c6-abc3-158e36dc6b0b,1,5:47:55,1:53:58,2025-06-01T00:43:19.652612,2025-06-01T00:43:19.652612
1f87f46e-6a93-4fe9-8d26-14ac52bd4ab6,d31438dc-61bb-4cb4-acd7-d589366037ff,9b53093c-ffb7-49d4-b867-6f465337bcc5,ef2cbbe2-a416-4b16-b2d4-ed0be033c9e8,1,1:09:27,0:21:14,2025-06-01T00:24:19.652612,2025-06-01T00:24:19.652612
0ec0f4b6-4572-420d-a3a6-d0dcb0008504,80d04b05-0ff1-4603-9ada-15b83eb0c317,0a2d25f8-b99e-463a-9c43-14c42c6ecb9f,0b5ca01a-20e6-4400-a4e7-bff0b450bcab,1,1:04:04,0:18:01,2025-06-01T00:34:19.652612,2025-06-01T00:34:19.652612
6a54101a-7cc5-4a35-a662-c612603af7aa,a7d67110-1d52-470e-9f89-cd2c874c8ef2,8ace2a49-0f3d-411c-bb8d-b403f8277232,a02cce15-29a9-4466-82a3-34013e03420d,1,1:49:09,0:46:26,2025-06-01T00:33:19.652612,2025-06-01T00:33:19.652612
73454fec-0a1e-43a6-92cd-1e68413dc788,818a3e5f-2ae2-4af4-b5a5-09b3bb82cfea,0a2d25f8-b99e-463a-9c43-14c42c6ecb9f,c291dbe9-2ec8-469b-a925-96567a294419,1,1:04:04,0:28:11,2025-06-01T00:20:19.652612,2025-06-01T00:20:19.652612
5b97dbcd-e0e7-40cf-9601-f16acea396bb,1ca6b5c4-d425-448a-9dae-de0a005d8dde,5df6a126-aac6-4875-b646-dc96d128d089,1e3bead2-438b-4637-bef5-7341d9b30a48,1,0:42:53,0:20:28,2025-06-01T00:38:19.652612,2025-06-01T00:38:19.652612
84a465ec-b553-485c-8018-84d33e5155b4,344b95a3-834d-45af-b4ca-01660787b240,9b53093c-ffb7-49d4-b867-6f465337bcc5,976bb1d6-82ba-41a7-b7e3-b97d63383533,1,1:09:27,0:36:08,2025-06-01T00:42:19.652612,2025-06-01T00:42:19.652612
b8ae414c-26d1-4405-9a84-6b9f7c72f914,bab1f172-cada-4787-8a1f-c22322f341f9,16fb103a-4f0d-490f-87f7-b9907f946149,1243e654-6905-4e17-9de3-f295ded9b020,1,1:03:30,0:22:28,2025-06-01T00:42:19.652612,2025-06-01T00:42:19.652612
50a67ed2-0136-429c-9f44-d994d0717013,dc8bbed2-9fe4-4711-81d1-75db87f217af,141ca815-b079-4444-a6f0-e9397d0157df,63709b3e-73e6-46d5-bc44-51e6deb238eb,1,1:33:02,0:36:00,2025-06-01T00:27:19.652612,2025-06-01T00:27:19.652612
baecc329-87a7-47e6-869d-5c110869b87b,ba1a3016-0f46-4466-b29b-d7dfd1a1d9b9,4451d8c5-e42f-4be3-adb9-44a89e035eb0,9c9145f5-a71b-4f69-bc5a-47429ed381ff,1,0:32:50,0:18:34,2025-06-01T00:33:19.652612,2025-06-01T00:33:19.652612
26cc223e-cdce-459e-8343-3a86ea1b6526,c901c04b-1f00-43bd-bc7a-b05bd10c17c1,141ca815-b079-4444-a6f0-e9397d0157df,66184d3e-8c4a-403b-b59e-79822f3cff79,1,1:33:02,0:20:06,2025-06-01T00:39:19.652612,2025-06-01T00:39:19.652612
008cee40-5d58-487b-a6c1-4bfc4dea9f14,99718bb3-0ca3-4920-9f2e-72eddec4ba7b,4c672de3-ce30-4ee7-bd6a-ec67e2cc0569,b7658391-d5c1-4007-a248-ddbadc133e67,1,2:06:10,1:10:48,2025-06-01T00:25:19.652612,2025-06-01T00:25:19.652612
e7672a57-ab0b-4ce8-9957-ae87d630aec6,95eccb97-a669-44b2-a7f9-b7bae766046f,4c672de3-ce30-4ee7-bd6a-ec67e2cc0569,139bd682-8fd3-4b47-a2d1-76b1e2265173,1,2:06:10,1:05:53,2025-06-01T00:31:19.652612,2025-06-01T00:31:19.652612
033396af-b0d5-4508-a522-289558e8bed9,70841511-6d53-4d36-8f3c-ff3559079948,9b53093c-ffb7-49d4-b867-6f465337bcc5,99dfcbe3-be14-447f-a74b-60ffe8272c54,1,1:09:27,0:31:28,2025-06-01T00:24:19.652612,2025-06-01T00:24:19.652612
15846894-c5f4-4994-9259-a43cfc206d1b,84eebf76-a079-4b0c-97ff-b2c8f08f8316,91fb960e-7246-4fa0-b50a-a544bea22307,48e005fa-d37f-4e91-8d8d-564a2401f6e1,1,1:57:53,0:23:59,2025-06-01T00:24:19.652612,2025-06-01T00:24:19.652612
955de8ab-81ed-4a40-a745-6d381015721c,f9878cd0-0860-4947-842d-be8296f6f561,141ca815-b079-4444-a6f0-e9397d0157df,3bbf5dbb-e695-4adf-9b2b-15be55d3063f,1,1:33:02,0:27:10,2025-06-01T00:41:19.652612,2025-06-01T00:41:19.652612
33c2f148-9b43-43f7-8bcb-17d50660e156,63d6487c-fce0-486e-839c-b31da2a0b762,9b53093c-ffb7-49d4-b867-6f465337bcc5,56e983ac-2ea2-46f1-af48-218aa5076949,1,1:09:27,0:24:17,2025-06-01T00:22:19.652612,2025-06-01T00:22:19.652612
a9219084-d6c3-4bba-a258-ea697d041818,d48c6afc-8b16-480c-9879-2e1a3accdede,16fb103a-4f0d-490f-87f7-b9907f946149,a2197e86-00c1-44af-a4c3-e0a7d852ca07,1,1:03:30,0:26:11,2025-06-01T00:20:19.652612,2025-06-01T00:20:19.652612
0a5f5d3b-8dba-477e-8698-b4e804901bdd,be2540c5-25de-409c-8ad8-b7adfeae4a6f,5df6a126-aac6-4875-b646-dc96d128d089,9269b09e-8259-40cc-b8c7-4b83c3d74d20,1,0:42:53,0:14:08,2025-06-01T00:34:19.652612,2025-06-01T00:34:19.652612
a5bd518a-1567-433c-b444-6878d7882c47,f179bb0a-da3e-412f-b123-8d87c2fa085a,8ace2a49-0f3d-411c-bb8d-b403f8277232,dd7904e2-6310-4d52-8221-df3889246ce5,1,1:49:09,0:38:23,2025-06-01T00:22:19.652612,2025-06-01T00:22:19.652612
afc1dbc7-e216-4adb-bb72-0a7704ccaa27,4ee0973a-a9d7-47d3-8df1-36d934ddee3f,0a2d25f8-b99e-463a-9c43-14c42c6ecb9f,33c8c7da-6ed5-4e7a-aad6-ab1c889edb66,1,1:04:04,0:23:55,2025-06-01T00:23:19.652612,2025-06-01T00:23:19.652612
911cd053-7089-4d5b-9e86-60c33cb2e3d2,a773805a-fc5e-494b-a85b-85703d474e34,16fb103a-4f0d-490f-87f7-b9907f946149,e3bfdc95-810a-4fda-9eb1-c7afd5cf8425,1,1:03:30,0:33:28,2025-06-01T00:39:19.652612,2025-06-01T00:39:19.652612
7c489a3a-36bc-4d9c-bc45-2fa4648ef002,41d62568-6684-486f-82e8-4235d3c5be96,141ca815-b079-4444-a6f0-e9397d0157df,6b9f17dd-23fd-478f-9eaa-9c827286d9ed,1,1:33:02,0:41:42,2025-06-01T00:25:19.652612,2025-06-01T00:25:19.652612
312df64f-d231-467b-9374-5a932da7b780,65d1670e-0fb2-4120-8714-ad7b6d520c17,91fb960e-7246-4fa0-b50a-a544bea22307,1105dbdf-34a2-4438-ab65-16f0605cacb8,1,1:57:53,0:53:42,2025-06-01T00:28:19.652612,2025-06-01T00:28:19.652612
5514726a-a330-40c0-9ced-92076d96793f,732d2ef1-4d15-4e0c-bb2b-c1df0850d3b8,5df6a126-aac6-4875-b646-dc96d128d089,719022aa-1639-4886-a008-0d552ba1eea3,1,0:42:53,0:14:59,2025-06-01T00:22:19.652612,2025-06-01T00:22:19.652612
ec4da3eb-8a1c-4f2c-a5b0-786670661aac,35425fad-0114-4636-806b-858e12618bf2,8ace2a49-0f3d-411c-bb8d-b403f8277232,d8bb57db-7372-4756-8874-d0a5f59c4af3,1,1:49:09,0:23:43,2025-06-01T00:33:19.652612,2025-06-01T00:33:19.652612
0a3b881b-d7a1-488a-8e84-38b3f1cc06d7,ccc106fe-b9a9-47e2-8b48-19bdfbaec17f,9b53093c-ffb7-49d4-b867-6f465337bcc5,8df80b68-e06e-489e-97e2-27256ce71c7b,1,1:09:27,0:19:45,2025-06-01T00:35:19.652612,2025-06-01T00:35:19.652612
68a3b656-4d0b-4506-919f-f5082170375f,ca7165e0-856a-4fe5-84f9-508e0a06b519,8ace2a49-0f3d-411c-bb8d-b403f8277232,404f3cde-bc73-4b69-86db-1fa7a8a26feb,1,1:49:09,0:39:55,2025-06-01T00:21:19.652612,2025-06-01T00:21:19.652612
d220ab6e-bcb0-4191-8bd3-42395b308c94,670d6ea7-2fc7-4314-8b84-c1bff3ca8843,0a2d25f8-b99e-463a-9c43-14c42c6ecb9f,24646c04-9c0b-47c0-bfd3-438d62317313,1,1:04:04,0:16:31,2025-06-01T00:38:19.652612,2025-06-01T00:38:19.652612
49bf1318-c539-4536-9ee6-3896cc489112,ac5e20f6-3cd4-491d-81d3-61b88f30ef65,4451d8c5-e42f-4be3-adb9-44a89e035eb0,801f50cb-e2bc-4885-9576-7c771385703f,1,0:32:50,0:17:41,2025-06-01T00:31:19.652612,2025-06-01T00:31:19.652612
27d2490d-2e8b-4248-97f2-73fa41eed774,4fe7bfac-c2e2-455f-b071-cf1a0c0bc1db,5df6a126-aac6-4875-b646-dc96d128d089,b5d72d4f-8e3f-462e-b487-75d936ccf6ef,1,0:42:53,0:10:55,2025-06-01T00:19:19.652612,2025-06-01T00:19:19.652612
39edf30a-5e06-4d87-8428-0cdf3858e93a,d7cf2b84-3bc8-4bab-b432-8dc86c24fb13,d9e9be4e-f407-41bf-bed3-f6751aa34a20,d2b3386a-885f-4822-bbbe-dda4b91f598e,1,0:58:06,0:14:04,2025-06-01T00:31:19.652612,2025-06-01T00:31:19.652612
3e02c385-eaf0-44eb-81a6-408276c06a7d,f1aad3f5-7ed2-4ccd-9ad6-08ef98e0fb3b,2acdfbf4-323d-4fe0-b147-432c097287e3,9ad1579c-01c3-4bc7-a94a-0b554613b62b,1,5:47:55,3:06:48,2025-06-01T00:30:19.652612,2025-06-01T00:30:19.652612
90432bad-ca29-4ae3-8c11-d78ad099de59,e0be204f-3d91-4293-ad32-9f4b89a2ead1,8ace2a49-0f3d-411c-bb8d-b403f8277232,3b406988-a11f-4a16-b62e-59c2c792feed,1,1:49:09,1:00:50,2025-06-01T00:40:19.652612,2025-06-01T00:40:19.652612
6cf34d72-5db1-462b-a77a-f1544a7e103e,ce16eb03-85b1-4ea1-b488-0ee96c35502f,4c672de3-ce30-4ee7-bd6a-ec67e2cc0569,d44b0705-cfe3-476d-89ac-56ef0691d89b,1,2:06:10,0:25:50,2025-06-01T00:33:19.652612,2025-06-01T00:33:19.652612
abed8002-9b19-471f-a3f4-674b92606197,cbd63432-2a95-45cb-8e0f-88b822956418,9b53093c-ffb7-49d4-b867-6f465337bcc5,086a1cd0-2cae-458b-a63f-e2711d2beab5,1,1:09:27,0:14:32,2025-06-01T00:42:19.652612,2025-06-01T00:42:19.652612
1a3931a0-8ca3-41eb-8c4f-9c9f11dc1600,e61cfe6e-7642-450b-b2c3-678e5c9054e3,9b53093c-ffb7-49d4-b867-6f465337bcc5,6e342205-69b6-4aff-b2de-94e6559bdac2,1,1:09:27,0:34:30,2025-06-01T00:36:19.652612,2025-06-01T00:36:19.652612
2e9db0b4-9c72-4ca0-ac87-32fa375b3652,82ce7ad8-d1e3-4794-bf70-4687c1392d08,5df6a126-aac6-4875-b646-dc96d128d089,936eef77-0fda-4c3c-9e62-bf69c4bba915,1,0:42:53,0:10:59,2025-06-01T00:19:19.652612,2025-06-01T00:19:19.652612
bcf6c5e3-f50b-4cc1-b673-dc74ffdd3bc9,01f1bedb-798a-4fc2-b49d-48562c936cbe,8be3f9d9-9dc3-405d-981d-2333878a08a1,50c9c2e5-d681-49c5-b102-86fb4f89ba54,1,2:31:54,0:38:08,2025-06-01T00:23:19.652612,2025-06-01T00:23:19.652612
e4d33136-6e97-42a7-a075-4d86fcf4e749,407bc77c-5db6-4b07-868e-0efd0de3c7ed,8be3f9d9-9dc3-405d-981d-2333878a08a1,b17837bb-15fd-49d4-a0a3-00d8c999470d,1,2:31:54,0:31:22,2025-06-01T00:42:19.652612,2025-06-01T00:42:19.652612
a6b22f96-76ca-4d92-874a-26517a4c0dd7,0c1b0a11-2ea0-4c46-9b93-4150903b1ec3,4451d8c5-e42f-4be3-adb9-44a89e035eb0,34fef5cb-c969-42c0-8b0f-83b2696aa80c,1,0:32:50,0:06:50,2025-06-01T00:29:19.652612,2025-06-01T00:29:19.652612
bb97a6a1-53f7-4574-9991-56458862c04c,88256106-dbc7-4780-badb-227de78b017c,d9e9be4e-f407-41bf-bed3-f6751aa34a20,719022aa-1639-4886-a008-0d552ba1eea3,1,0:58:06,0:20:13,2025-06-01T00:21:19.652612,2025-06-01T00:21:19.652612
c349df77-35c1-4e7d-9f34-aee05f1b08ff,00146f3e-874f-4291-af9c-a1e754bfb1ce,91fb960e-7246-4fa0-b50a-a544bea22307,62a9a405-220f-4da4-8d42-c48f7b852f98,1,1:57:53,1:03:34,2025-06-01T00:20:19.652612,2025-06-01T00:20:19.652612
d761a14f-073f-47d8-a6a9-76c6b25bd500,55ffa72f-a939-4ea5-991e-87aa4cea1e44,141ca815-b079-4444-a6f0-e9397d0157df,e1dd7335-8134-4e53-bea9-5a21f2fbde2d,1,1:33:02,0:46:17,2025-06-01T00:18:19.652612,2025-06-01T00:18:19.652612
a17651f5-b07c-4b56-809a-627159d9ae52,ddcf9f0f-29c8-465d-9f5d-2fc1a478cec1,91fb960e-7246-4fa0-b50a-a544bea22307,dc49c399-ff57-48fb-bc4c-6bbe609aef61,1,1:57:53,0:52:42,2025-06-01T00:35:19.652612,2025-06-01T00:35:19.652612
13184c9b-c73a-4ed7-975d-6b62537f2df5,385a1888-3243-432a-9f6c-724dc278c429,4c672de3-ce30-4ee7-bd6a-ec67e2cc0569,4188be15-c6cb-47bb-a7e4-87e611244ac1,1,2:06:10,1:13:06,2025-06-01T00:36:19.652612,2025-06-01T00:36:19.652612
4da8f142-176d-4298-835c-1eda61947e67,29ebba5c-1855-4caa-8afa-78a612a61616,4451d8c5-e42f-4be3-adb9-44a89e035eb0,581bf996-92e9-4493-971d-91e88a52bd5c,1,0:32:50,0:09:33,2025-06-01T00:35:19.652612,2025-06-01T00:35:19.652612
505f6721-6f7c-48f6-b3ac-c64fc72dccc2,8aa98a2f-8206-4903-9d4a-2aecc37c56e0,91fb960e-7246-4fa0-b50a-a544bea22307,3587655e-c66d-47ac-9bc4-bcba0ed3522c,1,1:57:53,1:02:53,2025-06-01T00:37:19.652612,2025-06-01T00:37:19.652612
78ed77c0-1356-44e7-94c0-9d11d16f9afc,c8a7e7af-07a6-4bf7-9c43-c721848fd6cc,4c672de3-ce30-4ee7-bd6a-ec67e2cc0569,728b6956-f6e5-4a40-8659-afcea2c173e2,1,2:06:10,0:44:34,2025-06-01T00:42:19.652612,2025-06-01T00:42:19.652612
f5ac5a42-fc7b-4a52-b0c2-e113ae805b61,3c27808d-e418-4f9f-aeb0-863dbff935fb,d9e9be4e-f407-41bf-bed3-f6751aa34a20,6f778966-c5c7-4a4a-bc12-31d4fcfd5ffe,1,0:58:06,0:24:36,2025-06-01T00:42:19.652612,2025-06-01T00:42:19.652612
57293148-962f-43d0-be4b-48edc2a98198,078f391c-b916-4526-abde-1735355b4feb,0a2d25f8-b99e-463a-9c43-14c42c6ecb9f,82b53d8c-128d-42bc-8581-c5722e15bd53,1,1:04:04,0:30:49,2025-06-01T00:38:19.652612,2025-06-01T00:38:19.652612
5683d4c2-54a4-4576-a163-530acd4b5b71,d6b8c1ea-443f-4567-b3af-110cdea923b5,9b53093c-ffb7-49d4-b867-6f465337bcc5,e163f68b-97db-411c-a295-de7f3a0c8b78,1,1:09:27,0:38:16,2025-06-01T00:29:19.652612,2025-06-01T00:29:19.652612
f0830769-bd98-42b2-b125-22ef92a6803b,85116caa-5ced-487f-91f0-c4dab218a180,4c672de3-ce30-4ee7-bd6a-ec67e2cc0569,4efccd45-a91d-4611-9089-268a37625efa,1,2:06:10,0:56:04,2025-06-01T00:25:19.652612,2025-06-01T00:25:19.652612
4c979ca1-8cf5-4640-81ed-5a326c82da95,0e0a9b9d-8eed-4e24-9862-83f23abb3ea6,4c672de3-ce30-4ee7-bd6a-ec67e2cc0569,04018dc7-dc5a-4ee0-aac7-2b7e4764ae0b,1,2:06:10,0:35:28,2025-06-01T00:29:19.652612,2025-06-01T00:29:19.652612
bbc175a3-7f21-408e-9aa1-623d27a7ec83,d7753133-a49a-4fbe-8131-fcac3b7f747a,91fb960e-7246-4fa0-b50a-a544bea22307,a9c21de6-1180-4220-b6e6-7c91f994058c,1,1:57:53,0:48:49,2025-06-01T00:33:19.652612,2025-06-01T00:33:19.652612
76acff68-658d-4b10-be65-28090ba4eabe,093a18fd-0f8e-443e-a02b-af1adec7c028,4451d8c5-e42f-4be3-adb9-44a89e035eb0,20706b7c-6bc8-49c8-ba3f-b1fed5c712b5,1,0:32:50,0:19:36,2025-06-01T00:40:19.652612,2025-06-01T00:40:19.652612
e8910b07-25b8-44b8-b72e-d51b417fb1a4,61153fdc-090f-483e-9001-16a45b615cd5,8ace2a49-0f3d-411c-bb8d-b403f8277232,7d6abd62-5556-45d0-a009-21836e0fc051,1,1:49:09,0:23:55,2025-06-01T00:22:19.652612,2025-06-01T00:22:19.652612
c4fdb117-b3e8-47b4-a4e4-3d0ae3130ac8,9bb53105-d394-432b-ad59-14f568a03fa3,141ca815-b079-4444-a6f0-e9397d0157df,7ddb8b0d-3d25-462a-b485-27ee84104c8a,1,1:33:02,0:47:25,2025-06-01T00:43:19.652612,2025-06-01T00:43:19.652612
db913ce3-5be6-423f-9fbf-4ea02f81a0fe,0835e514-a191-4540-88c0-9c4f43647c10,8be3f9d9-9dc3-405d-981d-2333878a08a1,e4bba02e-e66f-44d6-8a17-f1ad2c6c624d,1,2:31:54,1:18:46,2025-06-01T00:34:19.652612,2025-06-01T00:34:19.652612
5420f86a-851a-4587-9c04-b130e55dd271,c375c084-d646-48b6-85b3-b7c38884773a,d9e9be4e-f407-41bf-bed3-f6751aa34a20,aaff9518-79bc-434c-85c4-87caabd874ad,1,0:58:06,0:22:20,2025-06-01T00:38:19.652612,2025-06-01T00:38:19.652612
cab1a845-9503-4b9b-9c91-c8b5589e6fe3,1689091f-747a-41c4-9edd-c21470634e93,8ace2a49-0f3d-411c-bb8d-b403f8277232,32bed05a-9546-4d94-a581-269302cfeeec,1,1:49:09,0:43:31,2025-06-01T00:28:19.652612,2025-06-01T00:28:19.652612
1b7f6166-c128-438a-b291-8b20a08df19f,984e0385-c613-4fd7-afbf-4dcaff4b342d,9b53093c-ffb7-49d4-b867-6f465337bcc5,24855961-33d4-46c5-b26b-0670e25a03da,1,1:09:27,0:15:33,2025-06-01T00:27:19.652612,2025-06-01T00:27:19.652612
aff38a1f-5991-44d6-aa0f-e8f6ad4122fd,17b6ad22-5394-4cd9-8e49-070dd8d1d598,141ca815-b079-4444-a6f0-e9397d0157df,7d6abd62-5556-45d0-a009-21836e0fc051,1,1:33:02,0:36:03,2025-06-01T00:28:19.652612,2025-06-01T00:28:19.652612
f75bc625-7a85-4805-98df-b49f6993151f,69d0524d-325a-4970-b397-ca1bd3d3476f,9b53093c-ffb7-49d4-b867-6f465337bcc5,51183589-6caa-4bab-b7e6-d1fa6a747a46,1,1:09:27,0:21:17,2025-06-01T00:25:19.652612,2025-06-01T00:25:19.652612
07d1dc56-2985-44df-8704-1b55bfc05f66,ef13da35-e354-4db3-bde0-dc182d6fd23b,8be3f9d9-9dc3-405d-981d-2333878a08a1,4b32e991-9bb4-4d22-86af-7c3a95fcc85b,1,2:31:54,1:18:55,2025-06-01T00:25:19.652612,2025-06-01T00:25:19.652612
704d1a38-8cca-40a6-a867-de61b927db4a,9746fc2d-d807-4efc-bacd-ba818b14cdc7,91fb960e-7246-4fa0-b50a-a544bea22307,c8565199-fe4d-4a06-b715-49f6cdf4f99d,1,1:57:53,0:38:34,2025-06-01T00:40:19.652612,2025-06-01T00:40:19.652612
a584866f-c33a-4439-86b0-bf6519aeea47,b89e3a73-6bad-4a83-9e8a-edd385f13cbc,0a2d25f8-b99e-463a-9c43-14c42c6ecb9f,605e99d0-9ee8-43c8-b3ed-02e6b40e6b33,1,1:04:04,0:17:26,2025-06-01T00:41:19.652612,2025-06-01T00:41:19.652612
abd0eafa-eb9d-4081-bf45-6eec67986131,8a63428a-d7d0-4057-ad2f-5f1a62879215,8ace2a49-0f3d-411c-bb8d-b403f8277232,363e92d8-be68-48e3-9ac9-16f1888e5ce7,1,1:49:09,0:38:09,2025-06-01T00:24:19.652612,2025-06-01T00:24:19.652612
c43c8a48-81cd-48ac-9dff-e01cfd28a1a1,1fc050d0-1066-4fb4-bac1-93decef6c843,141ca815-b079-4444-a6f0-e9397d0157df,34fef5cb-c969-42c0-8b0f-83b2696aa80c,1,1:33:02,0:49:41,2025-06-01T00:29:19.652612,2025-06-01T00:29:19.652612
86f94e2f-87b2-49e0-b398-939ffdf5817c,1fbf9a60-11f4-4978-b9c5-f1eee9b619ee,9b53093c-ffb7-49d4-b867-6f465337bcc5,4fa7e204-3a27-4056-a9c5-d17d724bbac6,1,1:09:27,0:18:09,2025-06-01T00:34:19.652612,2025-06-01T00:34:19.652612
d576d458-4bb7-4084-b638-03530266d8ad,1c8fde05-8b63-4f2b-bf48-f43a1469ea09,8ace2a49-0f3d-411c-bb8d-b403f8277232,a6e6d55e-fc78-4459-8185-95d8f967cf40,1,1:49:09,0:43:12,2025-06-01T00:32:19.652612,2025-06-01T00:32:19.652612
9f60a026-7a1d-43ad-8a8b-8dad25ac9cf9,443890dc-f276-438a-abf3-d797fb6a5280,8ace2a49-0f3d-411c-bb8d-b403f8277232,a1db6353-736e-4ee1-b4ae-9332ad83efd3,1,1:49:09,1:04:16,2025-06-01T00:39:19.652612,2025-06-01T00:39:19.652612
922c6a22-13d1-4c66-97d0-405bf47845d7,cc4782bf-4477-4c16-8021-6b9cd5e7d572,16fb103a-4f0d-490f-87f7-b9907f946149,1de4b889-cff8-43f4-89cb-7d91aa51875a,1,1:03:30,0:29:20,2025-06-01T00:41:19.652612,2025-06-01T00:41:19.652612
c49e71e7-e7c6-493e-96eb-e8dbb4ee6997,ae931eb1-565e-429a-9619-ff79a50e5740,4451d8c5-e42f-4be3-adb9-44a89e035eb0,70d89d7e-ad99-4abb-9194-d6102aa7c42a,1,0:32:50,0:08:29,2025-06-01T00:36:19.652612,2025-06-01T00:36:19.652612
46082420-fe06-460d-9099-4c5528f7581f,080ccc1a-f003-4df0-9c0f-1a8943d20a55,2acdfbf4-323d-4fe0-b147-432c097287e3,b79f4c1c-1cc1-4a69-bd2a-4721cae21d53,1,5:47:55,2:04:51,2025-06-01T00:32:19.652612,2025-06-01T00:32:19.652612
08f879b1-f233-4994-a14a-b2e8593c83d0,14ad53b7-5038-41d3-9f9c-ca699dbfbb9c,4c672de3-ce30-4ee7-bd6a-ec67e2cc0569,a12bd1bf-63b2-4b72-b223-e06dfafe445f,1,2:06:10,1:08:53,2025-06-01T00:36:19.652612,2025-06-01T00:36:19.652612
77a133c8-5537-44e0-a677-555f361e7f52,198d50a8-9be2-4efa-853f-04330de26b43,5df6a126-aac6-4875-b646-dc96d128d089,90479f79-8f84-48e8-a580-7dfbb7808f61,1,0:42:53,0:18:16,2025-06-01T00:39:19.652612,2025-06-01T00:39:19.652612
d9887e69-4e8c-4d62-a5bf-63ac052177d9,5077aee0-8677-4134-97ea-4714bc4bce4a,9b53093c-ffb7-49d4-b867-6f465337bcc5,bfe9588f-b254-4452-9891-b7b207a84c86,1,1:09:27,0:26:42,2025-06-01T00:29:19.652612,2025-06-01T00:29:19.652612
284a8476-f622-43a8-ab19-a43f1b467859,ae462b2c-ce8d-43d6-8126-27ddec471f8e,d9e9be4e-f407-41bf-bed3-f6751aa34a20,1509a41e-c441-4620-a9e2-de88492758e4,1,0:58:06,0:24:03,2025-06-01T00:25:19.652612,2025-06-01T00:25:19.652612
c811eaa4-4ec0-46ac-b5ea-cd1531dc6acf,d4c39fcd-6a11-4fca-a271-153d2a71a6ca,91fb960e-7246-4fa0-b50a-a544bea22307,dedf0104-dd69-443c-a7f5-91bfc0c27c6f,1,1:57:53,1:00:51,2025-06-01T00:27:19.652612,2025-06-01T00:27:19.652612
c5ca138c-49f0-470b-9ff2-b117bffc0660,4a2eb317-4eb0-4078-8ec4-0d9bcfdb4495,8ace2a49-0f3d-411c-bb8d-b403f8277232,dc956410-e8d3-436a-ae0c-709e1e9e5b9b,1,1:49:09,0:44:01,2025-06-01T00:33:19.652612,2025-06-01T00:33:19.652612
3c8fe0db-9e04-4a8b-a62c-97d05da4d01b,eeaba647-72de-44d3-9305-cf89582a02c6,8be3f9d9-9dc3-405d-981d-2333878a08a1,fa475909-faad-4d5e-a466-b4c28e9feb11,1,2:31:54,0:36:35,2025-06-01T00:43:19.652612,2025-06-01T00:43:19.652612
f7751e55-c3f9-44d6-8254-a27a94ad1d0d,308f0d7a-2e3f-4d98-8396-00c56c45c213,91fb960e-7246-4fa0-b50a-a544bea22307,3a3d3a87-20fb-45fc-a1c6-32028a19bc62,1,1:57:53,0:36:35,2025-06-01T00:29:19.652612,2025-06-01T00:29:19.652612
29678107-b075-4f55-8c3b-6284a76757d6,637d17b1-fb78-475f-8028-6128ac9e346a,2acdfbf4-323d-4fe0-b147-432c097287e3,44193589-0683-4527-bd75-301b6ee5d12d,1,5:47:55,1:33:58,2025-06-01T00:39:19.652612,2025-06-01T00:39:19.652612
1940e875-6136-40e3-9ddc-e7c5b60d4a98,e8c7f2b1-0925-478c-89eb-13d9bde566ac,0a2d25f8-b99e-463a-9c43-14c42c6ecb9f,133c3267-71b7-49c7-b20a-d632652290d0,1,1:04:04,0:26:18,2025-06-01T00:35:19.652612,2025-06-01T00:35:19.652612
cc477e73-537f-4a17-9a4b-8616d4e29009,0361afce-7f66-41d7-b09f-a331b3507057,8be3f9d9-9dc3-405d-981d-2333878a08a1,1a132701-517b-4a57-b283-2964dab0fb4f,1,2:31:54,0:39:44,2025-06-01T00:37:19.652612,2025-06-01T00:37:19.652612
5a936eda-642f-4679-9f41-37823ccb04d2,164ce4c5-d761-4379-a783-6dd585a53237,9b53093c-ffb7-49d4-b867-6f465337bcc5,ae385501-04d6-4e87-948e-0db98b46fedb,1,1:09:27,0:14:27,2025-06-01T00:40:19.652612,2025-06-01T00:40:19.652612
