id_detalle_entrega,id_entrega,id_detalle_carga,cantidad_entregada,cantidad_rechazada,motivo_rechazo,fecha_creacion,fecha_actualizacion
f94b5103-0c85-498d-96e9-d06d44dd407c,9fd07e78-c826-4529-827c-fa8b88f947e3,3fa7a890-d669-4617-9e2c-cbb74eac360e,82,0,,2025-06-15T02:00:26.106103,2025-06-15T02:00:26.106103
cea57245-d610-40ad-8c9c-c6e066f34e36,b062b1f3-b01c-45ff-a70f-b526521cac19,65d8693c-903f-4f7e-800f-b2fc596c72b3,31,0,,2025-06-15T02:00:26.106103,2025-06-15T02:00:26.106103
f9807c7d-d815-40ea-b349-d985d5caad91,90e20165-500e-4b60-835f-5237942e29a5,ec764b6c-8b68-4746-83b7-4391890d022b,86,0,,2025-06-15T02:00:26.106103,2025-06-15T02:00:26.106103
c9596ecc-a4f1-4b53-a71f-077f29dfbefe,2849b4f4-45f7-499f-8695-89f43ebf7161,aeb9a731-ad47-4ca3-961f-a899434a487c,24,0,,2025-06-15T02:00:26.106103,2025-06-15T02:00:26.106103
2fc626a6-94dc-4f8b-96c0-b5bd73937dba,f8d46d25-f89d-4e76-b260-f0e25eac16f7,a85cbadd-cdf0-47d9-962c-e446b060b0b3,51,0,,2025-06-15T02:00:26.106103,2025-06-15T02:00:26.106103
f6024601-fe59-4495-bb62-bdf48005599b,eb2074df-0968-4081-bd71-b9f7ebca658f,164069cd-e029-48e5-84cf-9c50e44c08ea,30,0,,2025-06-15T02:00:26.106103,2025-06-15T02:00:26.106103
8eccd3c7-5ac4-4c3c-890d-ec711bba3bd1,4f84ef8e-9a5b-4248-80fb-7dd781b66a78,2ce3cc68-358c-4bec-a4bd-472ec89f06af,36,0,,2025-06-15T02:00:26.106103,2025-06-15T02:00:26.106103
3f5c1aaa-7197-4282-97d7-6a7d22cb309b,5b032c74-7551-4c54-b07a-0b80ed514d76,f4213d0f-75c8-4ece-ab90-8e5f46e9ff5a,11,0,,2025-06-15T02:00:26.106103,2025-06-15T02:00:26.106103
0d6039ff-af56-47d5-8db8-66505c3e995a,289c66b4-adde-44d1-8e86-403fba4930ab,34d9b222-695d-478f-ba6d-e600790b9909,56,0,,2025-06-15T02:00:26.106103,2025-06-15T02:00:26.106103
9c33be75-b4d4-401a-a320-0bb3c152904b,289c2dff-cedd-4ae6-88c9-6ed3d2784cf0,867e6763-d838-402c-9f68-b3cdfe3b2b98,7,0,,2025-06-15T02:00:26.106103,2025-06-15T02:00:26.106103
608bb886-18a9-4885-bdd9-e8b4ebb14e35,1fcd8d10-d3d7-4867-897a-25c965a89a86,e501ae79-4f91-4154-9a37-8c2429d534b4,77,0,,2025-06-15T02:00:26.106103,2025-06-15T02:00:26.106103
03a8c2b8-0d2b-4378-8677-b158ef9d2a5c,d07d7db8-2451-4bdb-befa-8a1b6cd13995,71006b1b-e781-4045-893d-b9d9ff015401,5,0,,2025-06-15T02:00:26.106103,2025-06-15T02:00:26.106103
57f8adbc-1fd7-4fa8-ba64-6678ca12a75a,6b5edea4-3414-40f8-b8cc-b288ae6ea873,1811cbd1-18e6-4cf4-99e1-a16dc08c1b53,28,0,,2025-06-15T02:00:26.106103,2025-06-15T02:00:26.106103
6631c058-b7e6-47b5-b185-2e6916b534a0,dde17c9d-39d2-4737-acdb-fa7714225050,f1e25d79-082c-4c73-92af-0855702e0a06,99,0,,2025-06-15T02:00:26.106103,2025-06-15T02:00:26.106103
50db37af-6d46-40d5-b224-b0352a41b195,cb1f5fe4-b554-4c87-b727-d6db9f6a855d,0b0ee457-7748-4bdb-b506-607be02bd249,28,0,,2025-06-15T02:00:26.106103,2025-06-15T02:00:26.106103
a2a0b88a-1ab8-48d0-89a8-2f1291921a58,9418da96-1190-4f41-8441-bf5df3f50788,f1e25d79-082c-4c73-92af-0855702e0a06,64,0,,2025-06-15T02:00:26.106103,2025-06-15T02:00:26.106103
8a090266-1627-45e9-9ada-9581e69035ce,7129b921-f733-4859-88a3-a9517755c4a4,4fad73ec-29b7-4621-8805-be238302e813,10,0,,2025-06-15T02:00:26.106103,2025-06-15T02:00:26.106103
21fbcdf0-6fd5-4a54-ab13-f4b8072663ab,21476e38-0e3b-4f15-8112-f35888220625,dc3e3aa6-e714-4e17-b3de-05788af32b78,53,0,,2025-06-15T02:00:26.106103,2025-06-15T02:00:26.106103
d50c0b3a-d266-42fe-b00a-caff321e35d9,f4daa0dc-9bb8-4cf1-94e5-34d2b961f4d8,750ae260-4db9-41a8-8039-5057ae056e38,46,0,,2025-06-15T02:00:26.106103,2025-06-15T02:00:26.106103
10e6fd77-516c-4ec6-a953-096fb7219e1a,ca96d9ed-91db-4ac2-967e-5770eb904c4c,a9c21de6-1180-4220-b6e6-7c91f994058c,82,0,,2025-06-15T02:00:26.106103,2025-06-15T02:00:26.106103
f4eeddc9-dff4-49b5-887d-c48d98392e06,9e220ceb-4415-43a4-8765-e735f4c2b182,2ed8f244-e118-4879-9bd5-5af831bd9d87,51,0,,2025-06-15T02:00:26.106103,2025-06-15T02:00:26.106103
1b8d0331-4f23-4b09-aef9-bfe8654152f3,72866be3-bb1d-4db2-b526-b403bba3384c,2db9d154-8613-4512-a190-355ad41b3df3,10,0,,2025-06-15T02:00:26.106103,2025-06-15T02:00:26.106103
d3cb6875-db9d-4a50-adbd-715b7c4be70f,8292af9d-2b8d-4a04-a13a-da406584d3dc,9269b09e-8259-40cc-b8c7-4b83c3d74d20,60,0,,2025-06-15T02:00:26.106103,2025-06-15T02:00:26.106103
ebbfa94b-0d4d-4849-ab26-a298096fb6f6,c3163773-47b9-4c60-81ea-e89179267ffa,124a8684-22bd-441f-ad13-e76476d91518,8,0,,2025-06-15T02:00:26.106103,2025-06-15T02:00:26.106103
b00a4f52-05d9-4e57-a15d-c254ba22a388,010874e9-89ee-4377-9b25-9b0dece54544,c166fefa-1037-49b8-8319-b7628b513cdb,46,0,,2025-06-15T02:00:26.106103,2025-06-15T02:00:26.106103
0e0f0c25-ff40-4808-903d-53699c522859,30a33dec-2332-48a2-a89f-6ce35a2f327f,aeb428bf-3263-45bb-9f35-09d9b94e1f79,57,0,,2025-06-15T02:00:26.106103,2025-06-15T02:00:26.106103
4f6787a5-94e2-4c96-8ef1-3e5ac3ffd5c5,d9251d30-ffa4-47aa-ab8f-d71b7126758e,6c2f06a4-8331-4fc1-8624-c9eb2595d20c,56,0,,2025-06-15T02:00:26.106103,2025-06-15T02:00:26.106103
88b6eeb0-d8f0-4ece-a8ac-f82e759749d3,33d10f3f-067b-4df9-8697-8dc5c827a466,c427675d-1abf-4c07-9a95-d9d96cca8e22,5,0,,2025-06-15T02:00:26.106103,2025-06-15T02:00:26.106103
a9e2bdbb-bd81-46c4-94c5-0cb851e32266,0747758a-3d56-4f4c-8240-b34269865c99,d34297ae-842d-431b-84b2-d7f0f5daddeb,91,0,,2025-06-15T02:00:26.106103,2025-06-15T02:00:26.106103
3ab6786a-aedf-4596-8d0f-4df2991ecdab,52586db4-fd36-4c92-b567-a62fcaca4955,4b32e991-9bb4-4d22-86af-7c3a95fcc85b,8,0,,2025-06-15T02:00:26.106103,2025-06-15T02:00:26.106103
440b319e-e5c4-4227-861b-d1238169a6e2,65da2c10-a4a1-4487-961b-d5af92090467,99404137-6a0a-4cec-9dba-402bb1d37d40,99,0,,2025-06-15T02:00:26.106103,2025-06-15T02:00:26.106103
d55e8f94-816e-42fa-b4c3-351254e8e313,806fc4cf-24e9-4302-90e0-6c4842358fab,66184d3e-8c4a-403b-b59e-79822f3cff79,14,0,,2025-06-15T02:00:26.106103,2025-06-15T02:00:26.106103
acc8de41-64e9-437c-8864-8a8d53430d62,ef52a427-0149-432e-bb01-fcd98f994f12,47e776c6-abf9-4c15-b824-03ea9f189a07,95,0,,2025-06-15T02:00:26.106103,2025-06-15T02:00:26.106103
2704f6c3-3f9f-4ccf-96ef-5fc1fca3c9d5,520e04e8-9f8c-400c-86e8-351754deca1b,80ceea94-7d33-4696-8a14-ded6be5a99e7,68,0,,2025-06-15T02:00:26.106103,2025-06-15T02:00:26.106103
b7a11efa-04b8-4585-b2f1-dba8b877b219,fabaf3bb-8a5f-4457-975d-6d3fe9f0f1d4,ea7f7822-e3f8-41d5-933b-b18c87656f21,89,0,,2025-06-15T02:00:26.106103,2025-06-15T02:00:26.106103
2cb770b2-e403-4539-94f8-6d8735727149,77a8b0a9-a753-46d5-bfac-5a79cfb3a3ec,a7a8e796-cffa-4d4f-9fef-2567a42cdd30,31,0,,2025-06-15T02:00:26.106103,2025-06-15T02:00:26.106103
91e85bc9-27ea-43ef-beb3-029ddd22f13c,020feb08-ecdb-4d5b-95bb-94f26caef55e,4d6918ba-2066-4ae7-85e9-e4af1db19988,99,0,,2025-06-15T02:00:26.106103,2025-06-15T02:00:26.106103
7a7c1a74-7101-4d2c-b4f1-833af5eb091e,28aa8f64-1677-4af4-ad28-75e5b6b0df73,1d01f4e9-6b4a-46e5-9bb7-0132256e5a48,32,0,,2025-06-15T02:00:26.106103,2025-06-15T02:00:26.107104
6462d6b1-0855-4a6e-a12d-afab8638a5a5,f55958f7-b87c-4860-9e53-350226c80e67,88c71f42-3dcc-43f4-8217-46d0acf5a699,32,0,,2025-06-15T02:00:26.107104,2025-06-15T02:00:26.107104
b6055c01-cc64-4c77-928d-2c8f7c0459ce,514cbf3e-c60d-4f89-984b-b4f260206182,ad6b10af-d1c0-4cc7-ba5c-562b427eb731,17,0,,2025-06-15T02:00:26.107104,2025-06-15T02:00:26.107104
bd96d5f9-9ea9-42d8-8790-717cf3eb7d3b,232f04c7-b38d-4de7-b7d0-0439d1377ba7,8960eedd-7a78-41bd-beb5-e454feb6c28e,66,0,,2025-06-15T02:00:26.107104,2025-06-15T02:00:26.107104
0b84d026-2b22-48d4-ac0a-302d291cc18e,dc423214-7104-4355-a844-68b50aaf3398,52a4bb29-38c2-4daa-866a-43306004718e,62,0,,2025-06-15T02:00:26.107104,2025-06-15T02:00:26.107104
0e084d9c-a4b5-416e-90a1-04d715f07dd7,e922d615-a574-4abd-8fbf-7447c9cc6848,993742b9-bb8d-4bbd-adb7-e13de0a9415b,54,0,,2025-06-15T02:00:26.107104,2025-06-15T02:00:26.107104
668455b9-275b-4d4f-8ee1-3a235ed322c5,f953425b-4043-4666-b8f1-0a2f457e6196,4f5be91a-88f6-4b88-98cb-eb2afd260e37,55,0,,2025-06-15T02:00:26.107104,2025-06-15T02:00:26.107104
f4c68be7-e44e-46b7-8c26-4e04e61f23a2,e90e72ec-56d7-4aa3-ab4f-27863739d489,12a74a69-2da8-4161-889d-e65eb0069666,14,0,,2025-06-15T02:00:26.107104,2025-06-15T02:00:26.107104
19ae47fc-98cb-4466-af87-0f08790e2c68,188d6300-320f-46ad-98e1-f1de0607ed32,8031f204-da05-4659-afe6-ee271ca2f219,98,0,,2025-06-15T02:00:26.107104,2025-06-15T02:00:26.107104
c8f82c2d-2f13-4693-b55e-e31f771c65de,e1a9c1f2-5d0b-49c1-8a79-8adb92dcf6cf,985d32c2-d139-4e9c-a603-04d5754c6a96,54,0,,2025-06-15T02:00:26.107104,2025-06-15T02:00:26.107104
d4cd7045-8540-42af-bde1-f34b30516b20,f918b71a-f95e-4da7-946c-82eb0267702a,dc69c2d6-d0e8-420e-9e20-db95a06c1698,73,0,,2025-06-15T02:00:26.107104,2025-06-15T02:00:26.107104
6ed28429-119a-4c07-bb8c-c8ed6658f198,ee5ee460-3ceb-4c20-a7cb-070f296ec090,28ed17f6-311e-456b-87e3-8318a8a3c1c7,40,0,,2025-06-15T02:00:26.107104,2025-06-15T02:00:26.107104
7d8f16c8-900d-4763-bb74-97e71ded2e0e,a4831cc5-9e4d-4857-ab23-3f259f649322,9fe18ce3-1604-4342-a074-7faed8080622,50,0,,2025-06-15T02:00:26.107104,2025-06-15T02:00:26.107104
e491d028-d3c2-4e22-9380-4b173e3ab536,7731c8ac-bae9-4cb2-976b-06666b62fb7d,fa475909-faad-4d5e-a466-b4c28e9feb11,31,0,,2025-06-15T02:00:26.107104,2025-06-15T02:00:26.107104
cd4945a4-850b-4ddb-a364-482e02425543,e22addfa-9fd6-4ef2-b276-f45f0950e48d,83e3428a-d944-4f8c-906a-8ebd4deeebf5,46,0,,2025-06-15T02:00:26.107104,2025-06-15T02:00:26.107104
96345bee-52a0-4ffc-8b7e-26475a2e8f41,c009f412-3e41-45ee-9b7d-c4961cf0724c,57c3de09-f604-4669-830a-3b666ab3ad0c,76,0,,2025-06-15T02:00:26.107104,2025-06-15T02:00:26.107104
2f46678a-9c46-4121-bada-b9676ea5ba6f,b4936ce0-4272-4374-98cc-643a648dc23f,f3e14ef0-98c0-41bc-bb71-2707bc0fa115,34,0,,2025-06-15T02:00:26.107104,2025-06-15T02:00:26.107104
19806078-4936-4484-8551-34659de90f42,4fcba649-aaa2-41a2-9868-6ee1fce2d0e8,ac454df3-d84a-4de0-8997-e9c553a1b018,8,0,,2025-06-15T02:00:26.107104,2025-06-15T02:00:26.107104
6e28a6ff-0230-4b16-bfd0-9ad34fa8cf38,aad62b42-eba4-4935-869d-2ebd12a526bc,719022aa-1639-4886-a008-0d552ba1eea3,3,0,,2025-06-15T02:00:26.107104,2025-06-15T02:00:26.107104
9a1b9fd8-3e62-471f-a269-0305c234458c,4553a520-96b4-4ae7-920e-09903af736c2,f520529d-a3cb-4d43-9c95-a652e9c1f462,85,0,,2025-06-15T02:00:26.107104,2025-06-15T02:00:26.107104
6f1959e9-f826-41f7-bf16-4fb80dabac87,5739e007-8b75-4b8c-9b39-4ee89cdfc539,dfb0c21e-76e8-43ff-87fd-e7b427f18c0f,53,0,,2025-06-15T02:00:26.107104,2025-06-15T02:00:26.107104
81b6507f-1f12-4ec1-9bce-104a631ea45a,f833271e-a391-4003-bde6-4edb5d5047dc,c21c45d9-58d5-4ee0-a553-b99a815b5e3f,48,0,,2025-06-15T02:00:26.107104,2025-06-15T02:00:26.107104
935ade9a-851d-4b52-8698-5114acb67b08,5ae151da-82d8-4df3-869d-19d9961d266a,94324c4c-d012-426f-b522-068bd2b9010d,64,0,,2025-06-15T02:00:26.107104,2025-06-15T02:00:26.107104
5b265877-ca9e-4d1e-9af3-8b526a943149,24291486-664b-4c9e-b994-a5d850f38fd2,effdbfec-4c7f-4e5a-acdd-5a100a2c27f7,64,0,,2025-06-15T02:00:26.107104,2025-06-15T02:00:26.107104
9c78198a-dbf2-4fe5-b562-dbec1b2ebd4a,f92246be-b290-48e9-bb7c-106750f2a137,78d19987-0409-4097-9c2e-b8a8c71379c8,49,0,,2025-06-15T02:00:26.107104,2025-06-15T02:00:26.107104
f2ba9adf-d7b4-493e-9b62-1800e21bb9a2,d62d44c5-7cbd-43b7-a3c6-e4f6325f567e,58426ba4-1c9d-455f-8e92-b91f3382e298,2,0,,2025-06-15T02:00:26.107104,2025-06-15T02:00:26.107104
3ab16ae9-e3e2-4834-8c66-66cf4963c6dd,7214869b-2b4b-4801-8c27-15409799a11e,f2693480-01fa-4386-9122-76b81d7863dc,35,0,,2025-06-15T02:00:26.107104,2025-06-15T02:00:26.107104
33741c41-e0eb-48e6-9764-bc019fffb5c4,715113c0-b25a-4c22-8ada-a5ecc108d7c6,ac454df3-d84a-4de0-8997-e9c553a1b018,15,0,,2025-06-15T02:00:26.107104,2025-06-15T02:00:26.107104
ff77947d-8e55-421f-bf37-b370cc02722b,3ccddbff-8598-43cf-ad14-11b0b591b635,ad6b10af-d1c0-4cc7-ba5c-562b427eb731,94,0,,2025-06-15T02:00:26.107104,2025-06-15T02:00:26.107104
60d05a0a-c615-4982-a305-9d40fc470708,eb63899d-8d9f-47cb-a060-33447755d49e,e7c502de-b903-4f12-9b6a-85b9c55a1447,100,0,,2025-06-15T02:00:26.107104,2025-06-15T02:00:26.107104
e291e460-2e11-4343-b4e2-2534dada6de0,7651b239-a5e9-4b65-a139-6d8667f0c89c,1e9a62e8-eb0f-46ee-8f0d-faee1e255735,97,0,,2025-06-15T02:00:26.107104,2025-06-15T02:00:26.107104
61bdca36-dd2a-432c-96ca-a923fc964f95,8f74f3ef-a5df-4436-8f21-15930037a4f9,0565d86a-d1b2-4729-8036-0ef2a2b9f220,76,0,,2025-06-15T02:00:26.107104,2025-06-15T02:00:26.107104
07eabfff-aacd-4bb2-abea-e8488f019ac7,754f5d42-7c4e-4f9e-983e-97793db1dad8,e9672839-d2fc-4a2b-81dc-0af705d8efdd,47,0,,2025-06-15T02:00:26.107104,2025-06-15T02:00:26.107104
20cdff2d-914e-4319-90ab-0c3935389035,c4aef44a-670f-4900-ae26-64d9ed874db4,effdbfec-4c7f-4e5a-acdd-5a100a2c27f7,35,0,,2025-06-15T02:00:26.107104,2025-06-15T02:00:26.107104
593b6ada-9c34-429c-bb9d-a9e2f1cabffe,3f578587-5db7-47e7-92a2-2d013894626b,ffd5b203-7a55-429e-8e28-6e29de48621b,29,0,,2025-06-15T02:00:26.107104,2025-06-15T02:00:26.107104
173528a5-5741-41e6-baf7-49987b915e9f,a7f3ac84-3e4a-4881-83f1-ccc23d9433ab,f02e4b3a-5f0b-4d1e-bbe3-11006b94c696,40,0,,2025-06-15T02:00:26.107104,2025-06-15T02:00:26.107104
08bf50e5-5c38-49e7-b97b-049c22015aa0,23c1ed9a-e586-4fd0-abb5-ca2da6b24d89,a12bd1bf-63b2-4b72-b223-e06dfafe445f,40,0,,2025-06-15T02:00:26.107104,2025-06-15T02:00:26.107104
e499011d-18be-41ec-9972-b39f5a1fbf8d,c514c2f5-34b4-4d21-afc6-cd29f60ae2c6,435a7457-488e-4a9b-b771-ff745d48c330,13,0,,2025-06-15T02:00:26.107104,2025-06-15T02:00:26.107104
295d9cdf-8962-4755-baac-b6f02a7a18ab,052be14e-3a49-4e10-8889-cb6aeade5f85,6e342205-69b6-4aff-b2de-94e6559bdac2,60,0,,2025-06-15T02:00:26.107104,2025-06-15T02:00:26.107104
e9043da7-2f0e-4643-970c-aeaf350366a2,5ddb09b9-a59a-4b64-b474-8586faaf71cf,50e32bd4-d93a-4df2-a757-40a726d07955,74,0,,2025-06-15T02:00:26.107104,2025-06-15T02:00:26.107104
819b9e09-ac74-4944-a9ac-218c48b62eed,009dfb12-f195-4f49-bbc3-fe94de331b2e,d2b3386a-885f-4822-bbbe-dda4b91f598e,78,0,,2025-06-15T02:00:26.107104,2025-06-15T02:00:26.107104
1f2af6ea-4e4d-43d1-bdc8-799d40662bc5,7dca8870-cce9-4e27-bdc7-4c851b784090,24646c04-9c0b-47c0-bfd3-438d62317313,97,0,,2025-06-15T02:00:26.107104,2025-06-15T02:00:26.107104
18801e5f-ad3c-4898-ae8c-22ac4942d2ba,b6a4fd21-6aca-430e-9a4c-35a02157aa35,b7dcc360-dfc8-4a61-8ab8-ce58cb45b1b8,80,0,,2025-06-15T02:00:26.107104,2025-06-15T02:00:26.107104
e9372e76-4ab8-4d5a-8fe4-3bfbf5783674,847e06a2-7fa3-409b-8c02-b2bc043fbbb4,3de54ffe-516c-4943-bdb7-7f75f0d40b13,1,0,,2025-06-15T02:00:26.107104,2025-06-15T02:00:26.107104
357971ae-7ec2-497e-a32a-e2e62ef90748,7569ce23-53ca-4603-8885-66c4a215c0cc,83e3428a-d944-4f8c-906a-8ebd4deeebf5,43,0,,2025-06-15T02:00:26.107104,2025-06-15T02:00:26.107104
49043779-f028-4ff6-9dd1-25d4977432a3,84ef7d57-6ee7-43e3-8777-3b9ab8a1e3b9,5080e47d-4764-46a6-abe0-aea4c0cb380f,94,0,,2025-06-15T02:00:26.107104,2025-06-15T02:00:26.107104
9c0ca14c-adae-4c66-a10c-43a934b8448f,ec83f702-2164-4872-8bda-556c330ca470,1e734c0c-173d-48d5-ad7c-de80a7fb089c,22,0,,2025-06-15T02:00:26.107104,2025-06-15T02:00:26.107104
3184d82b-6d2b-4950-98c2-d15fb51e4697,08a0c20e-22c4-4f4a-b853-5e2f19a921bb,7ddb8b0d-3d25-462a-b485-27ee84104c8a,22,0,,2025-06-15T02:00:26.107104,2025-06-15T02:00:26.107104
d81aa425-1491-409c-b9dd-a095baf073d3,b692cade-4e30-4e8b-8c04-57e89350a3ee,581bf996-92e9-4493-971d-91e88a52bd5c,86,0,,2025-06-15T02:00:26.107104,2025-06-15T02:00:26.107104
5b1d19ac-a8d2-432a-bf02-5dfc953f23b0,053cfbd7-3a3f-4169-93b7-a4789d7fca4e,bc2cceb7-1b6d-4c9d-93c7-8f0e35f95021,33,0,,2025-06-15T02:00:26.107104,2025-06-15T02:00:26.107104
9b15a41f-8fcf-4b96-9606-d39d5a1f0612,cf56a8da-d0d2-4837-9d7d-3c4272b39685,ffd5b203-7a55-429e-8e28-6e29de48621b,56,0,,2025-06-15T02:00:26.107104,2025-06-15T02:00:26.107104
208d25c9-d1cf-4e87-9265-5e38392a54e6,84ea34ec-bdab-456b-80cb-3f1d5c9a1fc5,5c2fd475-4c42-494e-9cb9-7ba541a1b929,49,0,,2025-06-15T02:00:26.107104,2025-06-15T02:00:26.107104
2b674ca3-224c-42ca-9c4a-08a6cb318d83,d09012ee-a3b5-4b5c-be2c-81cf4f975669,24855961-33d4-46c5-b26b-0670e25a03da,18,0,,2025-06-15T02:00:26.107104,2025-06-15T02:00:26.107104
2022a477-2d34-4b91-a300-1d8cb557c682,3a8ff97e-0a4f-4250-9308-f23f4399d763,ad6494bc-eb7c-46ff-b0c0-ba13d95faa50,53,0,,2025-06-15T02:00:26.107104,2025-06-15T02:00:26.107104
05a66670-81d8-4720-9f04-78ff17d6b5a8,07ec8e82-682b-4d9b-8c59-1ef96de1e89c,d44b0705-cfe3-476d-89ac-56ef0691d89b,83,0,,2025-06-15T02:00:26.107104,2025-06-15T02:00:26.107104
e172f6b4-4f5a-4bcf-96bd-912fec806319,db109a6a-3c20-4d2e-a90c-43c1ce6d9f31,b5df6a77-f2b8-4807-8356-85a054ec917b,35,0,,2025-06-15T02:00:26.107104,2025-06-15T02:00:26.107104
364bb9a0-3651-46ab-97e5-cb64a045dce9,5ac12e16-3fb7-4f39-b4b1-74ad3b573bc5,e26dd621-6b11-4b1c-86b2-d28cc86f0975,90,0,,2025-06-15T02:00:26.107104,2025-06-15T02:00:26.107104
d28c4593-c702-42a2-8a8e-25787104fcec,eebaca62-9dd7-411a-9210-a4ba243b21e8,cfd84e19-9260-4fa3-b1b7-ee270c428d6d,62,0,,2025-06-15T02:00:26.108103,2025-06-15T02:00:26.108103
56a39153-9bf5-43ed-8fe8-686b799fb380,3edf5fab-7c46-4fb3-b103-db9ac1f95bba,f9296538-0511-4fb1-aa0e-42176f59b041,42,0,,2025-06-15T02:00:26.108103,2025-06-15T02:00:26.108103
1f1b0323-c6c4-4231-8188-5df311669116,6e00cb3d-507a-4265-a13f-ab65df4ac642,540ea3fe-68b9-4878-83af-ae87c0684dd3,99,0,,2025-06-15T02:00:26.108103,2025-06-15T02:00:26.108103
011a7feb-20b0-4649-b819-6162741c5760,b2471057-793f-4e58-9e49-6be08c2a0422,9d512a61-219a-4e62-bb69-0fe873030f09,48,0,,2025-06-15T02:00:26.108103,2025-06-15T02:00:26.108103
1a01d809-1b9c-46fc-8e3e-5e4132231f19,e82e0c0d-ee4a-4d1e-815e-5eef61e6232c,7e178969-9f5e-466b-b2ed-b91f5bf38d89,94,0,,2025-06-15T02:00:26.108103,2025-06-15T02:00:26.108103
c76db6e9-555f-45b2-a19d-7452d13524e7,241fc024-e0c9-4ce0-8a65-15ddd269fed0,4f0aa58d-b7b1-4580-a234-d29652474b94,78,0,,2025-06-15T02:00:26.108103,2025-06-15T02:00:26.108103
813d891c-25ff-478c-90cf-92d122248c36,b1537a00-7c51-42e0-b082-2fb6693b4d27,0eb572c3-0c9f-4451-8e7f-42025c8acbb5,74,0,,2025-06-15T02:00:26.108103,2025-06-15T02:00:26.108103
01fa7a87-2eac-43f1-a6d3-7321ca3974c3,8b5179db-cbea-4131-adcc-a4bad72e0eac,e46f884e-9266-4aa2-be05-2976edba7807,53,0,,2025-06-15T02:00:26.108103,2025-06-15T02:00:26.108103
b73c5028-c1bb-464f-a139-694ade12e120,e9e228c1-0932-4554-8226-7244511bdbb0,8901a2f8-b74d-449b-b6c6-3a6ce11dd4f1,57,0,,2025-06-15T02:00:26.108103,2025-06-15T02:00:26.108103
a061fefd-e099-4e76-936f-4d1096f73806,e14ff08c-f157-4de1-892f-8ccafc713ac2,509047fa-d401-47c6-abc3-158e36dc6b0b,99,0,,2025-06-15T02:00:26.108103,2025-06-15T02:00:26.108103
e73ba6a5-7cdc-4936-a5d0-03bc02fe8ca4,4ed27237-94c2-49e4-9370-a4993501028c,e07cd99d-506d-403d-855e-267890020c4d,11,0,,2025-06-15T02:00:26.108103,2025-06-15T02:00:26.108103
551fd216-abf3-42d8-a66d-c97be1dbde53,14fa5f85-06fa-44f7-9538-63acb55dacfc,b05a648a-d487-4da8-bc36-f8811830d1d5,59,0,,2025-06-15T02:00:26.108103,2025-06-15T02:00:26.108103
ec3b1b0b-1c22-4dfe-828d-e746a533da00,e72c6837-29f8-43ec-a607-8ca5dff2ce1f,8675ad8d-6358-4005-bdef-d5e771e0273f,53,0,,2025-06-15T02:00:26.108103,2025-06-15T02:00:26.108103
7e5e83c2-4a7b-44f2-bde2-ab9bc91caeff,d2c98b90-2838-4c12-be5a-609fff0c6700,0c12d137-f0ec-42f0-b1d7-7aab34bf7e7c,1,0,,2025-06-15T02:00:26.108103,2025-06-15T02:00:26.108103
6e51c34f-fdf2-4459-b3de-6c2b783ccbcd,c148b586-09dc-4020-9c29-07179e742c1d,c353cb06-f348-4612-ae98-c443b36a4c33,76,0,,2025-06-15T02:00:26.108103,2025-06-15T02:00:26.108103
bb1768a2-26a3-405d-891c-0c0685bf7eae,8c2417bf-d83b-4765-8e85-156f8b00712a,179b36e9-9e29-4926-b01d-9c83bd8aca16,71,0,,2025-06-15T02:00:26.108103,2025-06-15T02:00:26.108103
d98e57aa-c203-41eb-b1d8-0d13902ab115,6f65718f-b03b-4a63-906b-23bc487eee45,bb6df7c3-0b99-49a2-8cde-6692557d7556,90,0,,2025-06-15T02:00:26.108103,2025-06-15T02:00:26.108103
d081317b-36d3-4017-9a34-7702ac9a4dbb,83036321-2368-42d2-9b06-b6609fa7df99,655eff80-c57b-4ce9-b368-6587b124f3b1,7,0,,2025-06-15T02:00:26.108103,2025-06-15T02:00:26.108103
ed47ab15-380d-44ca-88e6-fdb3903201f3,053dc144-4087-4c85-ae92-9f824c903d5b,61ef4ec8-e68b-4fd4-acd0-54d718c8b6a1,3,0,,2025-06-15T02:00:26.108103,2025-06-15T02:00:26.108103
1c1ff3d6-6c5b-42d9-818b-d94201f40a27,4406db36-3550-4597-a3a5-7047322592cd,dd21ae37-34ae-471a-a7ed-5effc4e34ec0,78,0,,2025-06-15T02:00:26.108103,2025-06-15T02:00:26.108103
977756f7-6e31-471d-8c9a-74ed8db8616c,01322fb8-08c4-41d0-ae81-b0ce8275ee8f,5ac6814b-c32a-45db-adce-989a06241f84,65,0,,2025-06-15T02:00:26.108103,2025-06-15T02:00:26.108103
4dc59e81-2d81-465f-8865-784f2e4215f9,450a826f-74a9-4091-b436-593c0b5e8196,ac454df3-d84a-4de0-8997-e9c553a1b018,80,0,,2025-06-15T02:00:26.108103,2025-06-15T02:00:26.108103
67645d2f-6b3c-44b1-9436-8db141e617cc,7c48566c-3801-4c6c-8b60-68f2ff363ab2,e9681740-5504-4103-bc1d-5e521bbd2779,15,0,,2025-06-15T02:00:26.108103,2025-06-15T02:00:26.108103
8d9681b4-6107-412a-b02c-5f53eb7f0f8b,e8b25982-645e-49fc-a746-95871b0c6aa9,91dffaa0-8eee-4956-b250-806529ce1ca7,15,0,,2025-06-15T02:00:26.108103,2025-06-15T02:00:26.108103
d0ffecdb-fd3a-4ec1-9736-d0828d7ad850,be7eb94f-7e3a-4537-b398-9b4a4af612e0,e7e042fd-461d-4986-ad75-c09087672032,45,0,,2025-06-15T02:00:26.108103,2025-06-15T02:00:26.108103
b56e53f0-5d35-4fcd-8827-688938fe7116,31ebb9db-fcc4-4fd0-9119-dc0f1e4d6e91,ac454df3-d84a-4de0-8997-e9c553a1b018,45,0,,2025-06-15T02:00:26.108103,2025-06-15T02:00:26.108103
90a47906-1259-41fa-b2f5-24b22377a295,8922ad53-04f2-45ad-98f2-2ccee6d6ac13,a750875b-d4a7-4f7e-9c76-e8c98a6bd9b1,16,0,,2025-06-15T02:00:26.108103,2025-06-15T02:00:26.108103
82702a24-9ff1-4f8c-ad76-cc5c96b23baf,0b9db6a8-1bec-44e8-9e44-39345f86e1fc,57580ecf-5d5d-44ca-a245-c2b21999fc44,53,0,,2025-06-15T02:00:26.108103,2025-06-15T02:00:26.108103
1e5dd58e-a726-48f1-abfc-4e184aeb911d,4c370dee-f7d1-4ade-9773-2a44c092fabd,f1e25d79-082c-4c73-92af-0855702e0a06,3,0,,2025-06-15T02:00:26.108103,2025-06-15T02:00:26.108103
f1fa103e-acc5-45f7-af9b-153d48fa4dee,b589faf3-e4c8-4f74-80e9-29a0143fcd0b,139bd682-8fd3-4b47-a2d1-76b1e2265173,32,0,,2025-06-15T02:00:26.108103,2025-06-15T02:00:26.108103
f53d69d2-7d4d-4a5b-9108-0f06ce28ad4a,85c5641d-d6f9-4a21-ad1b-2cbc288a72da,3fa7a890-d669-4617-9e2c-cbb74eac360e,56,0,,2025-06-15T02:00:26.108103,2025-06-15T02:00:26.108103
6419505d-da06-494e-8f20-37a26db17e2e,fe82e751-909d-4b7c-96e3-2446deacdba8,73594091-b848-4d31-a6d6-b671633f537f,53,0,,2025-06-15T02:00:26.108103,2025-06-15T02:00:26.108103
d9bab2ca-933d-47b6-86c7-342ff794e666,cc94c90a-43c4-438e-974e-361dccf60686,cdbed585-1b01-44f8-a98d-8ebfea1d124e,52,0,,2025-06-15T02:00:26.108103,2025-06-15T02:00:26.108103
32297f0e-a829-47ad-a18d-42b80a5a5a5a,e4bf1bfb-91a8-4a1e-affd-b14126082ec3,04474e16-4fc4-47b6-b53a-bf5431fbc128,66,0,,2025-06-15T02:00:26.108103,2025-06-15T02:00:26.108103
407ec1dc-7caf-4c92-99f1-4e71e91360d2,d71ad577-3044-4a5f-945c-8675953714d6,70ced32a-2789-42aa-aa23-305b4a95a831,95,0,,2025-06-15T02:00:26.108103,2025-06-15T02:00:26.108103
7ffeb0af-8e95-4bc1-a0c2-1a59affaa837,152e0245-9ae2-4e05-aea2-5f5aebc0a868,93e492b2-1d32-45ac-84f4-c248b66dfc07,54,0,,2025-06-15T02:00:26.108103,2025-06-15T02:00:26.108103
67493bec-365f-4114-8bed-3f59129bb16e,182dfdf5-b0b8-4c5b-b59a-6c11241cf435,179b36e9-9e29-4926-b01d-9c83bd8aca16,47,0,,2025-06-15T02:00:26.108103,2025-06-15T02:00:26.108103
e97e185e-2122-4a29-b8e9-1f41b838537d,c2060370-39be-436a-acf7-021d1086b5f1,d3c4f539-e838-4c7e-9692-bac10b6d0f2b,79,0,,2025-06-15T02:00:26.108103,2025-06-15T02:00:26.108103
df3b893f-b2de-4d77-b489-d4d6cc326788,fa8dab33-5991-4dc4-baff-4091fea8d3a8,191a3bca-6037-4b5b-bca8-6ec851a79346,32,0,,2025-06-15T02:00:26.108103,2025-06-15T02:00:26.108103
2af879eb-8bf1-44fb-82d1-809fbc9a5740,4b3ba689-4650-414e-9081-a4d4cec2aa5a,6b18baee-edda-49fb-84ed-5f018cfe0f35,40,0,,2025-06-15T02:00:26.108103,2025-06-15T02:00:26.108103
1cb77650-eb14-49b0-a671-c06f11f52315,d2a8c24a-ec6b-42c3-badf-41ab2333c331,62e81290-8db3-41c2-87c4-f913c8322a26,59,0,,2025-06-15T02:00:26.108103,2025-06-15T02:00:26.108103
d2415fb9-23d5-42c3-80f1-8096543486a6,4f402d9e-c193-426c-83ed-c13f8a25fc9d,f69d882d-0c4a-404a-8fb6-25bbd63b3257,63,0,,2025-06-15T02:00:26.108103,2025-06-15T02:00:26.108103
38715acf-c1e8-45dc-8fb4-c729f24342c8,b8efb752-9170-458d-90c5-e8a42140838f,ac132ac6-f399-4836-8494-ac2e5ad43916,70,0,,2025-06-15T02:00:26.108103,2025-06-15T02:00:26.108103
109257bf-a447-4db5-ba0e-4c3fd9bceedb,fc1a2c09-0e80-4db9-a352-07643f2e77c5,b79f4c1c-1cc1-4a69-bd2a-4721cae21d53,20,0,,2025-06-15T02:00:26.108103,2025-06-15T02:00:26.108103
01e66a2b-f448-4e97-ad3a-3b2cd0f59b33,1e4ddb3b-ad68-4bc3-bb50-bd887f0efe8e,effdbfec-4c7f-4e5a-acdd-5a100a2c27f7,72,0,,2025-06-15T02:00:26.108103,2025-06-15T02:00:26.108103
44248c41-31fc-4a4c-b316-395015f5ae77,b03e2701-0f97-4ea6-bef7-4072a48743dc,e88fd9d9-c18f-42be-94b6-ab438e99ab11,79,0,,2025-06-15T02:00:26.108103,2025-06-15T02:00:26.108103
2616864a-15b3-48c4-be4b-342e9ed189de,53a45be4-a68c-4a54-9d8a-6a9d41ec8771,18fbb6f4-2781-4f74-bb29-61b1134cee6d,24,0,,2025-06-15T02:00:26.108103,2025-06-15T02:00:26.108103
bad471e6-b5d1-429f-800e-b628c9fe6cab,9f183edd-afd3-45f3-b3e6-4fe8a6b17f14,ba0e1ec9-06de-420a-87b4-375f71ebb45e,74,0,,2025-06-15T02:00:26.108103,2025-06-15T02:00:26.108103
60690403-a77e-424f-abe0-472a4c1528b2,188f80ba-5849-43b2-b458-8887c7061f84,a559b178-0e7a-4109-a5c8-113bf83069cc,13,0,,2025-06-15T02:00:26.108103,2025-06-15T02:00:26.108103
f14417e6-ec07-4610-a43c-0eb99bc7087b,2f90e68e-0a1a-47b3-93dd-d3d970080e31,f1c7e33a-7aed-4371-8639-ce40ccccb6eb,31,0,,2025-06-15T02:00:26.108103,2025-06-15T02:00:26.108103
9c66aa29-a98b-482a-af7e-e7cdc218e60d,d6c1980d-13c1-4428-81c0-e18697a890b3,45d9d38d-bfba-422e-a800-49cf8e7ebe32,81,0,,2025-06-15T02:00:26.108103,2025-06-15T02:00:26.108103
a584a432-1a70-4f8d-b857-e683dea86bdf,04fb6626-3e66-4992-9168-5420b57b991d,daeacc2a-a977-4d1e-be9b-9e78214a478b,31,0,,2025-06-15T02:00:26.108103,2025-06-15T02:00:26.108103
41aeef64-fe4a-46e9-b1aa-29c3ffe8e47c,7ee9af58-3678-4b89-a1ee-1da15a400b38,50947240-3c2c-4f7d-8280-d536c906fcbb,58,0,,2025-06-15T02:00:26.108103,2025-06-15T02:00:26.108103
3de4ba77-3115-4cdf-935b-3beec42db8e9,13f9dcf0-5ad2-4b69-9725-27d43f18cca6,7bfdad6d-6da1-4142-8990-e9346550bd39,18,0,,2025-06-15T02:00:26.108103,2025-06-15T02:00:26.108103
98ec6c2d-628c-4a35-8609-425283d0f8ba,29656b34-dabb-455c-bb7f-7414f586f5ac,404f3cde-bc73-4b69-86db-1fa7a8a26feb,77,0,,2025-06-15T02:00:26.108103,2025-06-15T02:00:26.108103
9b20346e-c3ad-45fb-ac1d-6cf98bf8b318,7db47c17-713b-4c82-9920-90712c71d78f,def51c17-7647-4c0b-aac4-e7d9934b3274,6,0,,2025-06-15T02:00:26.108103,2025-06-15T02:00:26.108103
3b541bd8-5182-403d-a242-e97032193bce,fb91934f-2c4f-4ca8-b3d5-61c6466f25b0,e7c6b9a2-a26b-4253-adde-5d3eb1194551,40,0,,2025-06-15T02:00:26.108103,2025-06-15T02:00:26.108103
782ae837-b9d4-4fff-9e97-10066ac9020f,ec470504-7cfd-42b0-9f97-935e8a1d86f1,095e0b31-e398-4a22-8738-8b5abee0d0a8,8,0,,2025-06-15T02:00:26.108103,2025-06-15T02:00:26.108103
bdb565c2-d3a2-41ea-8e10-f1afa9dc64ea,d9a04927-4465-4abd-8adf-4ebb7a4dca82,9152ea22-4858-45d7-99a6-7e8e64f0fe57,73,0,,2025-06-15T02:00:26.108103,2025-06-15T02:00:26.108103
fd3bfa59-9ef2-48df-9a2e-e4cd0a45494c,682c192a-dad9-49d7-95b0-1566228123c6,91dffaa0-8eee-4956-b250-806529ce1ca7,76,0,,2025-06-15T02:00:26.108103,2025-06-15T02:00:26.108103
0a0cad06-d233-4a54-905f-c166ec07be31,094430a2-c1f7-46ce-902c-1ccb7a751414,e68567fa-d998-43b4-aad8-ae7c1cb031b1,39,0,,2025-06-15T02:00:26.108103,2025-06-15T02:00:26.109103
823804f8-5c47-4c08-aa5c-85a10664527c,e8a8030f-f3f2-4865-8704-bc46032d913f,8423a3d5-404a-46af-8ca4-7f0e6c3495ac,48,0,,2025-06-15T02:00:26.109103,2025-06-15T02:00:26.109103
378358c3-c606-4106-a646-5866409d32d5,3d658616-d44c-44c9-bcf7-1e540422777a,4d6918ba-2066-4ae7-85e9-e4af1db19988,86,0,,2025-06-15T02:00:26.109103,2025-06-15T02:00:26.109103
be824509-8c29-4b4c-80e1-9fdba42a47f1,27fd9022-c6dc-4ae8-bc29-08ffd45a16b6,81ce4364-b99c-445a-8ecc-b5942b077f90,2,0,,2025-06-15T02:00:26.109103,2025-06-15T02:00:26.109103
edf0d5de-0bac-426c-928a-41e7baebcfba,8925c78d-416d-4054-a2c8-6e1cf8287ced,3a70d637-03f7-4e68-9464-4aef5b6c1973,3,0,,2025-06-15T02:00:26.109103,2025-06-15T02:00:26.109103
76df278e-2e8c-4ba8-b4fb-42c400c748da,574dba92-51ff-499e-8129-18e223e06d12,c157d283-3340-4fb3-9d1c-7741ee5c2290,80,0,,2025-06-15T02:00:26.109103,2025-06-15T02:00:26.109103
de675e55-7861-418b-8ed5-a145edac42bf,c43b15b4-8568-4474-911f-b809c10d99d7,d06fbec1-9023-4337-8cb2-17ba2b634006,29,0,,2025-06-15T02:00:26.109103,2025-06-15T02:00:26.109103
a78aa237-025b-4fb3-9086-b0ed3565daa1,9c97c529-846c-457b-8c2a-753e711776bf,abfc2976-a4b8-4f52-bd56-31be63527150,100,0,,2025-06-15T02:00:26.109103,2025-06-15T02:00:26.109103
0e9bcc04-2e65-42c8-98af-a3aa16e12df6,6b2f21a8-665e-4233-9b1e-f565ce12dc75,c8ac51de-a45f-452b-bb53-2a52d766eae4,1,0,,2025-06-15T02:00:26.109103,2025-06-15T02:00:26.109103
423eaa5b-617a-4496-8d6d-da1ca9e47ea4,00821e71-5c68-4416-81d0-b8748daa1edc,ac25920b-87a8-49d7-82ea-bf69f0a5b6de,51,0,,2025-06-15T02:00:26.109103,2025-06-15T02:00:26.109103
9f46585d-3cf9-415d-ae3f-b3ff6aaebebd,897f014e-927c-4d52-8154-07f9e5574d2e,6c25e8f9-12cd-4aaa-9448-95636e756711,3,0,,2025-06-15T02:00:26.109103,2025-06-15T02:00:26.109103
39034d49-e287-4284-a001-1e0dd744f9b5,fdf16c2d-a7ca-4df0-91c1-cf5137b5079d,b56eebf6-882b-428e-8681-241cbcdda417,89,0,,2025-06-15T02:00:26.109103,2025-06-15T02:00:26.109103
5fe51fdf-6f7d-4469-934f-253f828bc95a,641ae9db-b78b-4cc8-a7ec-8330be53b95d,fbe26604-5d7f-4026-8dfe-ef7f66e7331d,88,0,,2025-06-15T02:00:26.109103,2025-06-15T02:00:26.109103
bc6ade8c-8be6-4a39-80db-793ec6895834,a9001c32-45ae-4fa1-8726-73d74a49f87d,bf4d7455-06d6-48fd-83d2-39892e7dff81,76,0,,2025-06-15T02:00:26.109103,2025-06-15T02:00:26.109103
fc86b6c0-85be-43e7-bebe-55a960288052,c36d5c9f-9d75-4ee2-9bf9-3518029ab71b,987d86c9-3048-44ac-81a8-861319539fe2,17,0,,2025-06-15T02:00:26.109103,2025-06-15T02:00:26.109103
abe0a841-ae65-470f-bee7-c880a1a5da37,97d1dac6-2da8-42a3-b899-04c876d6ec5f,c353cb06-f348-4612-ae98-c443b36a4c33,6,0,,2025-06-15T02:00:26.109103,2025-06-15T02:00:26.109103
b66a964f-22e4-4834-95a1-bcda02eb3356,facc5c80-9880-4946-8990-b2b3cc05f570,78b580de-1e3a-4aea-bbd1-1172514bec16,68,0,,2025-06-15T02:00:26.109103,2025-06-15T02:00:26.109103
2abe5c18-c75b-48ff-ae0f-c53f9911552c,423909af-2f37-467c-863d-d3d7d3cf5617,1e734c0c-173d-48d5-ad7c-de80a7fb089c,63,0,,2025-06-15T02:00:26.109103,2025-06-15T02:00:26.109103
4ce41af2-b034-4c47-8176-0d7c2c743127,5e2c7094-a281-48a1-b70f-3f2944287052,5584496e-62b8-462e-a23e-eceb446bd141,28,0,,2025-06-15T02:00:26.109103,2025-06-15T02:00:26.109103
1db76be5-c37a-45b4-a20f-16d4255f8dae,dde51a7a-5bca-449b-bf13-c75de6b8dcac,f20b5b09-1e00-4c23-b862-22ad9fced82b,22,0,,2025-06-15T02:00:26.109103,2025-06-15T02:00:26.109103
11ec17fb-ae32-407f-9836-18d0c63d4a54,7186a075-8f7e-47dc-b51a-adcff62c7812,3fa7a890-d669-4617-9e2c-cbb74eac360e,37,0,,2025-06-15T02:00:26.109103,2025-06-15T02:00:26.109103
0ed60781-1b5a-42c8-8391-7cd529ad4eb1,6a4f7623-2a3a-40ed-bc8f-d8c1678dac61,63709b3e-73e6-46d5-bc44-51e6deb238eb,34,0,,2025-06-15T02:00:26.109103,2025-06-15T02:00:26.109103
ffe5ff2b-d951-4bc5-8714-d7ce578a09b8,09696c8a-46b7-47fd-b229-df2ec61698e0,2983533c-e071-4600-b4bf-b328e1726bd4,26,0,,2025-06-15T02:00:26.109103,2025-06-15T02:00:26.109103
9a0eab00-0c2e-47e1-9d71-4f86c60a3ee7,0c823f5b-8b09-4fb0-8b1e-1f366568769e,e7c6b9a2-a26b-4253-adde-5d3eb1194551,62,0,,2025-06-15T02:00:26.109103,2025-06-15T02:00:26.109103
9e9a7426-0295-4780-aec7-8cdd810a769a,80ca2080-cf4f-4528-b6ab-4b8b5b84d053,1a65252a-c32e-416f-8aef-b361f3512301,77,0,,2025-06-15T02:00:26.109103,2025-06-15T02:00:26.109103
634f429d-9abf-48eb-8271-308ee6eaafc7,d0705dff-8899-4884-9ebc-69d128d531cf,43f389a6-b630-406d-a12c-9e7ed1025483,71,0,,2025-06-15T02:00:26.109103,2025-06-15T02:00:26.109103
2871a1e2-414b-4dec-9258-dca4bbd9eac6,7a403ac5-b302-47e7-b1f2-5b84e182b1f3,b7dcc360-dfc8-4a61-8ab8-ce58cb45b1b8,22,0,,2025-06-15T02:00:26.109103,2025-06-15T02:00:26.109103
9b1be56c-20ec-4c3c-8901-09d8853202c2,6d4dff41-6996-44ad-9464-38ef4a9f2e55,6034357e-17a0-4fa4-a7f8-ab70f0b7ed54,12,0,,2025-06-15T02:00:26.109103,2025-06-15T02:00:26.109103
a8ec2edb-eb89-4bea-9ccd-9b236b6a29e2,1f19996b-b846-479a-bc90-9360700f014d,d41f8d2a-31fe-45bd-a931-bc55ce2d47e7,85,0,,2025-06-15T02:00:26.109103,2025-06-15T02:00:26.109103
ae91b197-d773-4428-b003-5dc40be3b045,191742e0-7333-4a08-8098-6b387b130510,c000b0c2-31da-4bde-b106-885e17a44904,14,0,,2025-06-15T02:00:26.109103,2025-06-15T02:00:26.109103
02bbf218-aa40-4e22-a03f-404c7d74f6b0,236c8152-9025-4dc0-980e-f63438208846,d34297ae-842d-431b-84b2-d7f0f5daddeb,12,0,,2025-06-15T02:00:26.109103,2025-06-15T02:00:26.109103
e85c3732-499a-4fd8-ac42-9f6e288f0f50,af47d7b7-a70a-4776-a412-6c1172e495d9,20293a30-d51f-431a-942a-d79c2f2bdd35,20,0,,2025-06-15T02:00:26.109103,2025-06-15T02:00:26.109103
a132ee3c-6b5d-44f4-be90-6f8cf32534e8,e5fed29f-7f05-4479-a811-f2930dd3c5f7,4dcaf615-aaa4-41ca-ac26-4341e3c8159d,16,0,,2025-06-15T02:00:26.109103,2025-06-15T02:00:26.109103
49f99403-cc2f-4d80-bc54-19acc1d289cc,ec8ed08b-2243-4354-a1ba-2541f5173cc7,7bfdad6d-6da1-4142-8990-e9346550bd39,12,0,,2025-06-15T02:00:26.109103,2025-06-15T02:00:26.109103
727d917e-4239-49cc-8daf-2f27dc829561,4a7ac489-27a3-49d5-a63b-e2d8cdc14e06,c40a828f-498e-4125-9507-4b1bef5a6f40,43,0,,2025-06-15T02:00:26.109103,2025-06-15T02:00:26.109103
21dd8eaa-5d73-42bb-91c4-abe0697fda1d,b97087ee-3c39-4875-b8be-7381c15d6b4f,9ec42848-3f03-4c50-affd-01df2ad0acfa,34,0,,2025-06-15T02:00:26.109103,2025-06-15T02:00:26.109103
e08c668b-958e-4f7e-af53-5bc8eef3e6b4,cf542903-eaa2-46a5-a8ff-9919458a85d8,9b9b7d7a-e7f5-403d-ac91-c14e2507f8cd,84,0,,2025-06-15T02:00:26.109103,2025-06-15T02:00:26.109103
b0a2119d-ecec-485e-84dc-46cf7eb0c412,0248a9d5-35f8-4843-9823-18ac99b835b1,ec74e3d8-2f48-4968-a052-77879e03b34f,22,0,,2025-06-15T02:00:26.109103,2025-06-15T02:00:26.109103
ea060322-acb3-4260-9d6f-c3ac087848c5,0795fd9e-6eff-4c6c-9be6-fa1d1d3c44b7,5ffc44c7-0f1f-47cf-8f2e-1a69cbae9636,87,0,,2025-06-15T02:00:26.109103,2025-06-15T02:00:26.109103
56ba2c8b-01d4-40bb-85a8-0a68680835fe,2d4f757d-7066-43f5-baaf-92f82897609f,4dcaf615-aaa4-41ca-ac26-4341e3c8159d,12,0,,2025-06-15T02:00:26.109103,2025-06-15T02:00:26.109103
541ea1c4-db14-4749-aa20-e98c5c1396fa,4cf5db8f-46fc-4f4c-b87a-68f8a5bada3c,87f98a22-bbd7-4cd3-9be1-7a3638284ffb,93,0,,2025-06-15T02:00:26.109103,2025-06-15T02:00:26.109103
cb1b5f6d-9518-4cd2-8e0f-38326a8f5b8d,7f4ad934-87b4-4d1e-8888-2755a1a9ac2a,66184d3e-8c4a-403b-b59e-79822f3cff79,38,0,,2025-06-15T02:00:26.109103,2025-06-15T02:00:26.109103
239f500b-d509-40ea-95f5-407f6f32902e,06295d51-d42f-4a0e-be3a-d9443f301c4a,1091269e-30c2-46de-aa74-4374be6beb99,40,0,,2025-06-15T02:00:26.109103,2025-06-15T02:00:26.109103
dea641bd-d6b7-48c6-b644-445ba210c1b0,98bd049c-4f3b-474b-944a-9d8623796a31,6b18baee-edda-49fb-84ed-5f018cfe0f35,52,0,,2025-06-15T02:00:26.109103,2025-06-15T02:00:26.109103
e6a83ddc-3495-4892-8bdd-2076f9a0fc41,eea4b676-9e59-4263-ac2c-90fa4476337e,dc2a0f28-f415-4c80-8ada-5d5b875e5399,18,0,,2025-06-15T02:00:26.109103,2025-06-15T02:00:26.109103
97ec8bd7-fa2d-4a2d-afd4-762615502872,b071fa5b-8fb7-4661-b5f7-203203472eb3,06efee8e-57cf-49a3-862a-950a14a0e433,11,0,,2025-06-15T02:00:26.109103,2025-06-15T02:00:26.109103
64dba62f-655e-4762-8950-afeff9e3651c,83c47344-a601-44f4-a95c-55062bc886ec,cf0d7e9a-f4e7-49f8-a708-3b5726c5a458,89,0,,2025-06-15T02:00:26.109103,2025-06-15T02:00:26.109103
b3550b24-02f7-4ace-a576-7e187fec5aad,e180764e-c370-4b02-af51-cf8366b46535,4b32e991-9bb4-4d22-86af-7c3a95fcc85b,27,0,,2025-06-15T02:00:26.109103,2025-06-15T02:00:26.109103
8783ed12-9acf-4b87-a8a5-e3693beca00f,4c8bea61-a225-4e50-9ba9-69319ac11779,3c610702-bde6-480b-a0d5-68038efb3bd9,64,0,,2025-06-15T02:00:26.109103,2025-06-15T02:00:26.109103
93bd05ab-7eb0-4901-b5e6-15160822a9b1,4dd9e7c5-774b-4396-8101-a89d80e0442e,f675fafe-8b2d-4283-a494-4f267168528d,77,0,,2025-06-15T02:00:26.109103,2025-06-15T02:00:26.109103
87f8c46a-5fdc-4696-b295-2a37c2abd618,c434a4c8-143e-42b4-9c26-d2126134ff2a,0b0ee457-7748-4bdb-b506-607be02bd249,49,0,,2025-06-15T02:00:26.109103,2025-06-15T02:00:26.109103
ae811a29-520d-4d5f-bf22-3cc7a643d652,4417e10c-4eae-4d48-9fa1-5f397c310eab,985d32c2-d139-4e9c-a603-04d5754c6a96,88,0,,2025-06-15T02:00:26.109103,2025-06-15T02:00:26.109103
b54c7291-dc69-489f-b34f-05f56dd3d253,49dabd64-bd28-4651-b6b0-06a07c250ab5,17c5ce65-ed24-4976-93dd-1088b2870b34,28,0,,2025-06-15T02:00:26.109103,2025-06-15T02:00:26.109103
39627efc-4703-495e-b2de-34b17f7d3bd0,c1f00c11-9eed-461c-a1ae-59e0b1be5974,1091269e-30c2-46de-aa74-4374be6beb99,100,0,,2025-06-15T02:00:26.109103,2025-06-15T02:00:26.109103
7c4788ba-e64b-4604-a172-7b1ccd152c34,bbfe92d7-0598-47cc-8175-7c2e85783c4a,2053d2c0-5737-436e-9d7c-354632675acb,99,0,,2025-06-15T02:00:26.109103,2025-06-15T02:00:26.109103
ed2cfe50-e6dd-4786-9521-1abad04c00eb,42437ba1-329c-44f0-a592-be21bc3a3b55,435a7457-488e-4a9b-b771-ff745d48c330,17,0,,2025-06-15T02:00:26.109103,2025-06-15T02:00:26.109103
df1d89a6-9415-4a5a-8dca-85019fd90bf3,bb3d5a38-802f-4f3e-bcb7-02cd4c04dd12,cb7a9fa7-d43b-4c36-bde1-44cbed805d91,87,0,,2025-06-15T02:00:26.109103,2025-06-15T02:00:26.109103
7c1ed5d0-ca80-41e2-880d-a939684ba3fc,a0771bad-920a-48d0-8ecb-ed8de8d836fe,a6e6d55e-fc78-4459-8185-95d8f967cf40,49,0,,2025-06-15T02:00:26.109103,2025-06-15T02:00:26.109103
d498d365-eb0a-4657-96d7-708c1acb4ff4,d5df1952-2555-4fd6-adae-9b1bbeb349ae,ddd0e2ad-1b08-45ed-aa27-16949673b972,9,0,,2025-06-15T02:00:26.109103,2025-06-15T02:00:26.109103
c3adc5dc-b87c-4daf-97c1-0b48f08386b9,af000164-3304-4583-bb5b-22c9bcd996a0,9ffb4336-8b18-4579-81f4-500780fc8248,93,0,,2025-06-15T02:00:26.109103,2025-06-15T02:00:26.109103
720acb32-a6fe-4d4b-ba02-6782fcba4c06,4e9c6c91-f2ae-4143-9016-f729f7126409,64b56ba8-ca66-4efe-bf9b-27bfc6866e9a,38,0,,2025-06-15T02:00:26.109103,2025-06-15T02:00:26.109103
8985126e-6cbf-47d1-8e3b-f53d311b8a55,2c21ee09-796b-4d15-af12-bda61997fc2d,ea7f7822-e3f8-41d5-933b-b18c87656f21,17,0,,2025-06-15T02:00:26.109103,2025-06-15T02:00:26.109103
a11148af-5b61-4c25-95b2-c5005bb51084,1a5632e4-e408-485f-9a2f-478309ab12fd,936eef77-0fda-4c3c-9e62-bf69c4bba915,55,0,,2025-06-15T02:00:26.109103,2025-06-15T02:00:26.110103
0725140e-18f3-411d-a813-2f7046c8f79c,bdeff7a3-c3b1-4aa0-80d1-eb281b94cf09,4f524576-7a1b-4d68-bc88-f2150ec2a462,2,0,,2025-06-15T02:00:26.110103,2025-06-15T02:00:26.110103
3202252f-149a-49a8-98a8-af7c5d8ce28f,42d454bc-9ba0-4a9e-9232-65b1b12ef49e,06efee8e-57cf-49a3-862a-950a14a0e433,15,0,,2025-06-15T02:00:26.110103,2025-06-15T02:00:26.110103
544a93c4-a68b-4db0-8224-f42661774109,6348cf71-d4e3-4c02-b66e-2a33740cca2f,4240a46a-be49-4505-88dc-cbb47793172c,34,0,,2025-06-15T02:00:26.110103,2025-06-15T02:00:26.110103
a0efdeec-76b8-47b4-b39b-9e13a66e0733,3433c8af-83a0-4bc3-a743-12678b58f64e,2715b125-c1fb-4aa9-b63b-c182ca477027,16,0,,2025-06-15T02:00:26.110103,2025-06-15T02:00:26.110103
767c326d-71cb-4e82-8d32-f5ddb8ca24e7,275c50c7-7f6b-4c5d-b8aa-f3da7e11970a,6c25e8f9-12cd-4aaa-9448-95636e756711,51,0,,2025-06-15T02:00:26.110103,2025-06-15T02:00:26.110103
66d7190e-730f-4081-aa41-3d47643698b3,be656c02-26e6-4832-bbc6-938dfc22dd0f,e8f79471-b4e1-40b8-9bf9-8ebb01814619,67,0,,2025-06-15T02:00:26.110103,2025-06-15T02:00:26.110103
257f3f19-a36b-4ff8-8abe-f653f92f7bfc,4fa04af0-cefe-46f3-96e7-ac4c142960da,e95df495-f7e0-4a3c-9e90-13d53e040bb5,13,0,,2025-06-15T02:00:26.110103,2025-06-15T02:00:26.110103
54504710-9c1c-4212-8780-e861c1a9e594,2535c21a-332c-48eb-90df-163320973764,15166f31-3847-4d54-ba61-c0499b8e10f9,16,0,,2025-06-15T02:00:26.110103,2025-06-15T02:00:26.110103
4d4c15c7-61c8-4579-a478-206efc643480,23175f28-3a11-4b31-bf5e-1ff5ef4866ae,11c7514e-65a1-4726-8eaf-299acb624235,1,0,,2025-06-15T02:00:26.110103,2025-06-15T02:00:26.110103
6e5a9a3a-2b6c-4268-a9b6-d4f45a388574,93cc1351-5e9f-4daf-8546-bc98b0518040,460b0f16-bceb-4e6e-bc51-f841b6daafae,50,0,,2025-06-15T02:00:26.110103,2025-06-15T02:00:26.110103
302bdc7c-60e2-4050-bc6a-88c06af52c32,6bff2415-cf92-45d4-ac6b-de0c21f5de66,138295a8-b4e3-406e-96fb-cd9beaf351b5,70,0,,2025-06-15T02:00:26.110103,2025-06-15T02:00:26.110103
593936c4-05c0-435d-afde-988bb65695b6,82ee1ec5-c42c-4013-8f51-52d7cf494610,bcb0a974-49b7-4cb2-8aa9-c63ef5f03972,93,0,,2025-06-15T02:00:26.110103,2025-06-15T02:00:26.110103
9a75c8bc-2a4e-4d6e-86b3-e137de07a738,dff2dcbf-1dcb-4a19-9bbd-7fdbc8f41724,6bed1a69-1c4e-49b2-b924-1fdbffcc0226,28,0,,2025-06-15T02:00:26.110103,2025-06-15T02:00:26.110103
e887e2ce-5ce9-44b4-92d4-8a566f197bf2,90e0d9f2-0617-4e70-9263-bfb76c3098b2,17d216e9-5901-4822-93f7-9b016c85cf06,97,0,,2025-06-15T02:00:26.110103,2025-06-15T02:00:26.110103
0857a3c8-d82c-4538-8d50-62098923fb2a,1f8d26e8-8afc-4d06-9a0d-cf1ace717b14,9198f601-c9e9-4b74-8858-aeb51b8c25cf,76,0,,2025-06-15T02:00:26.110103,2025-06-15T02:00:26.110103
096209a8-fb0b-4420-bfcc-c305cde8bae9,b64183d4-52ab-4fb6-b71c-eba3058e2fe2,dc3e3aa6-e714-4e17-b3de-05788af32b78,14,0,,2025-06-15T02:00:26.110103,2025-06-15T02:00:26.110103
0b024246-0ae2-4518-8662-7555784de347,592d7bd4-93c4-43f0-88d1-b72a806237a6,5da452f4-c75b-4d58-8795-99f37cf73c6b,99,0,,2025-06-15T02:00:26.110103,2025-06-15T02:00:26.110103
0b680827-a350-4e6e-bca3-76e6d5c77707,8c55be6c-8d64-4c0e-ad24-12ac6262a280,3fa7a890-d669-4617-9e2c-cbb74eac360e,21,0,,2025-06-15T02:00:26.110103,2025-06-15T02:00:26.110103
57c37a8a-fd37-426c-9d5a-71cceede8536,ad150f6a-d530-4c30-ae4b-27384e91673a,85145ed9-9d81-42f0-974e-8699791922f3,31,0,,2025-06-15T02:00:26.110103,2025-06-15T02:00:26.110103
e33378a0-1f7e-43d4-9f9e-2b2180f3f6da,a6a4a2d3-c1e8-407e-a462-4aa161a39a6c,e1d66d5c-dfc2-4c36-9f41-f83a730b09fe,8,0,,2025-06-15T02:00:26.110103,2025-06-15T02:00:26.110103
7e3e114c-324f-4d84-bf34-a98146f0fa69,ec2bdc14-6a69-4537-964d-4f436637009c,8cc1dd51-d16d-47bc-89b0-b81a40a88ce7,92,0,,2025-06-15T02:00:26.110103,2025-06-15T02:00:26.110103
e0948166-caa6-4dfa-84a2-c98e41f2ac61,dbeb999c-4129-4278-8db1-5d202c9f2f3e,dc956410-e8d3-436a-ae0c-709e1e9e5b9b,12,0,,2025-06-15T02:00:26.110103,2025-06-15T02:00:26.110103
0992e00c-4139-4c72-905e-b3a684ec72b4,081f6c67-667a-4ee6-9b08-ac055c765c3a,dad7a07d-25c2-4c74-8b10-d243c6f2cc17,63,0,,2025-06-15T02:00:26.110103,2025-06-15T02:00:26.110103
6a9d98cf-02c9-4ba2-96f1-7f9a64e9f792,12d90042-86a1-4c30-8ea0-547067617577,3738936b-7888-4576-ba6f-8cb8a96fdf04,84,0,,2025-06-15T02:00:26.110103,2025-06-15T02:00:26.110103
0795f85a-742a-4dfb-9e7f-a0d574796c50,eee49823-848f-4ecc-9fea-3054fc9dccf5,35cbf7dc-7c32-4136-aed8-e270aed3a3b5,12,0,,2025-06-15T02:00:26.110103,2025-06-15T02:00:26.110103
3d3b412c-1d4c-4c48-97fa-d20cd2c8f574,6640f392-427a-4569-bad5-19fe9d75253e,34d9b222-695d-478f-ba6d-e600790b9909,70,0,,2025-06-15T02:00:26.110103,2025-06-15T02:00:26.110103
0d9c6c0b-7a37-47f4-9d45-ed5d73d3bcdf,3197fd14-4541-4928-9bc4-66cdddc1ba57,c21c45d9-58d5-4ee0-a553-b99a815b5e3f,75,0,,2025-06-15T02:00:26.110103,2025-06-15T02:00:26.110103
a66d510a-db66-4836-8681-a525e4676dad,02ad791c-6442-478d-8720-7273c86f2c07,c27f5add-f109-41c1-b3ec-bac30d2052cd,40,0,,2025-06-15T02:00:26.110103,2025-06-15T02:00:26.110103
dc2b7e5b-97ef-4fb9-af8f-35a6521a801e,4f732d77-3599-4155-bac9-e6e456901426,8912f2a3-4450-4254-8223-0397a955c8d1,15,0,,2025-06-15T02:00:26.110103,2025-06-15T02:00:26.110103
1e3f9769-467b-4284-9cd7-f0edfb32c5aa,ddd2a387-367d-4cb8-96d5-9f06c00b7956,73731736-4f28-48e7-9d0f-2299212f7f41,67,0,,2025-06-15T02:00:26.110103,2025-06-15T02:00:26.110103
1adaad80-65ed-404f-9eee-10b4caa5a473,65bdee13-2f34-4ef7-8760-7da9122471e9,d0f47cf7-27ba-4d1a-a18c-905c75daa106,9,0,,2025-06-15T02:00:26.110103,2025-06-15T02:00:26.110103
a9b6169d-014d-4928-8e86-f02b98fa7e4c,00d2371b-7638-4f6c-96b1-9f0697be0708,54a99e46-c909-4960-9870-4801637fbacd,65,0,,2025-06-15T02:00:26.110103,2025-06-15T02:00:26.110103
41c8aa90-3947-4d55-bd26-03540ec9aa3c,a42d6c0e-2bde-41b0-b289-2ce2f9eaadd2,99404137-6a0a-4cec-9dba-402bb1d37d40,69,0,,2025-06-15T02:00:26.110103,2025-06-15T02:00:26.110103
57aaa5c6-69cf-46e5-bee7-8a3cf0faaa54,d89ce772-f3ec-490b-8d1b-7b1c79fcd08a,2db9d154-8613-4512-a190-355ad41b3df3,33,0,,2025-06-15T02:00:26.110103,2025-06-15T02:00:26.110103
2f89558e-491b-448b-b08b-ae97cc31afd0,1cd96ce3-7912-4965-9546-ff8df411a6c0,2d840834-ab9b-4fa1-a4af-be1d56e82387,83,0,,2025-06-15T02:00:26.110103,2025-06-15T02:00:26.110103
ed269600-b0ec-449a-83a1-a3273153f968,1a6fffd6-05c0-48ab-8467-a8ea1c996678,0e7786dc-eb0e-42bd-9fb6-84684ff4c40f,10,0,,2025-06-15T02:00:26.110103,2025-06-15T02:00:26.110103
cfafab23-5a93-4601-8a1a-f9ad458f9ee8,a64a77c3-7aee-484e-8e37-d90b07ce720d,9ec42848-3f03-4c50-affd-01df2ad0acfa,93,0,,2025-06-15T02:00:26.110103,2025-06-15T02:00:26.110103
f0c56624-d4a1-44f1-b47f-464383156f11,c54fb117-8aff-4821-be1a-da048cdbab1d,43891610-6490-4790-b551-6eefe2fdc57b,50,0,,2025-06-15T02:00:26.110103,2025-06-15T02:00:26.110103
b790b9ef-6ef7-4476-9b01-a4a81c0c0f87,d6beea22-c40d-4794-9e4a-3b9213a6ca5d,4798ec7b-d58a-4b85-aba0-93a1be65d766,98,0,,2025-06-15T02:00:26.110103,2025-06-15T02:00:26.110103
8a59ceac-ae1f-4a19-8015-c51f1b674562,03e5f62b-94f7-429a-b264-9682040abeee,8982ad26-566e-4fcf-9dd2-35f0a402334a,91,0,,2025-06-15T02:00:26.110103,2025-06-15T02:00:26.110103
007e7425-ba26-4e27-a5f8-bd8b2ccc3db3,a1e48e15-2bf8-470f-b5f1-b1fb18abf864,1811cbd1-18e6-4cf4-99e1-a16dc08c1b53,43,0,,2025-06-15T02:00:26.110103,2025-06-15T02:00:26.110103
3e8095e2-500b-4f9a-8e85-965a5da8084c,acc895b6-738a-42de-93ea-900dfe8ab718,765ce326-541b-4ed0-8fc2-df341ab3b1c2,10,0,,2025-06-15T02:00:26.110103,2025-06-15T02:00:26.110103
d5212d54-f7f3-4018-8057-8bf3cb34a3b9,ca911e16-fd83-460c-a91e-3fac30cf8bac,a33a4ab6-86aa-4513-b588-d1f62537734c,45,0,,2025-06-15T02:00:26.110103,2025-06-15T02:00:26.110103
1dc327af-b291-4389-9712-9448f7ca064e,e1175a14-0fd3-44b6-849a-e5ac71157d52,d1119c8a-b633-4390-8693-911bc546ef68,98,0,,2025-06-15T02:00:26.110103,2025-06-15T02:00:26.110103
93befc3c-02ed-44af-9316-35f0662dc69a,71afe2bb-bc23-490f-9bd2-ffa659c2286b,231dd6fe-831b-4850-9b95-d381c193bd2b,91,0,,2025-06-15T02:00:26.110103,2025-06-15T02:00:26.110103
24f36f87-6e8a-403a-8317-0fa09839daf8,87a18d8a-ab5a-46a0-900d-1aa82975e531,c8ac51de-a45f-452b-bb53-2a52d766eae4,22,0,,2025-06-15T02:00:26.110103,2025-06-15T02:00:26.110103
bec761fa-c62c-43c4-999f-d60ca2c9d114,6442e16f-880e-4e5e-a12b-b4474d929eba,5a8adb5a-ed01-43b9-a23a-ef882a45a6b0,83,0,,2025-06-15T02:00:26.110103,2025-06-15T02:00:26.110103
7de32ed9-bbd8-430b-b3f1-54cae9351b8d,39b99ce2-ceeb-4ebc-8a0f-a819169d0c07,4f524576-7a1b-4d68-bc88-f2150ec2a462,6,0,,2025-06-15T02:00:26.110103,2025-06-15T02:00:26.110103
2f5956c0-b926-4e67-84b2-ea3e5ef9c7f9,b47dfdaa-98b2-4457-ae72-98add49ef8fc,06d37287-8236-452d-afc1-707a4eb0cf53,19,0,,2025-06-15T02:00:26.110103,2025-06-15T02:00:26.110103
138c076c-512d-4849-8643-59cee6b5334f,bc09aa54-4fc7-4424-bb68-ee9262264e85,ff498c7a-3f7b-4aed-b98c-31936472f3c4,23,0,,2025-06-15T02:00:26.110103,2025-06-15T02:00:26.110103
3fbebb13-3f60-402e-82a4-02a4f988689d,ed177496-55b8-4b1e-b24d-42a17faa5cf4,cc652d00-1a20-4891-8d68-d28e354c6bff,3,0,,2025-06-15T02:00:26.110103,2025-06-15T02:00:26.110103
6a05a60e-76a2-4924-be95-386552804ea9,77a31049-0ca8-4965-825c-961cba2d4a5d,91da65a3-c4bd-4dee-b1f9-69266927dc22,38,0,,2025-06-15T02:00:26.110103,2025-06-15T02:00:26.110103
78abcec5-c53a-4300-8543-2d94070a42af,a1d1a80d-ce50-4b9c-bd61-683e77f93937,bb821c69-4d2c-49b8-a16b-1e240284ef6f,20,0,,2025-06-15T02:00:26.110103,2025-06-15T02:00:26.110103
87e216a9-a024-4906-88ca-800a81c3cb62,915b8658-5378-4acd-a313-b72353ee8ac0,2da53ebe-cc1c-4ffc-8d38-7be4180a2453,73,0,,2025-06-15T02:00:26.110103,2025-06-15T02:00:26.110103
dca58a27-af5b-49c9-96f9-3e8b00a5066a,b3b3f5a9-d2bc-4f4a-b7ad-74bc7522a78d,f2b6743e-1803-44ef-a71e-94b0f3138c1f,8,0,,2025-06-15T02:00:26.110103,2025-06-15T02:00:26.110103
b4d9aac5-da11-4320-84dd-a5deb09a76b1,18987136-5f6c-47d8-b95b-db36cc2179d4,35b23692-2f66-405b-ba3d-86d6dddc796d,60,0,,2025-06-15T02:00:26.110103,2025-06-15T02:00:26.110103
a15e6057-30c3-4231-84b9-fcfc70b7c1ce,e2c391d9-7a59-4413-bd5f-5d6da6362f4f,9bb6a732-93e5-4b87-b45b-4fc4d86c8e16,69,0,,2025-06-15T02:00:26.110103,2025-06-15T02:00:26.110103
987ef468-a086-4e73-b42a-da89ba073d7c,2ac4929d-f900-4e19-a7b4-d77464a27e5a,9c9145f5-a71b-4f69-bc5a-47429ed381ff,47,0,,2025-06-15T02:00:26.110103,2025-06-15T02:00:26.110103
1fdd7a2c-7647-4d6d-83a8-26c83e8bdcbd,d3426068-35fd-43cf-be4f-1e7eda62e0df,6928cf80-c5d4-4b76-ba11-6b990e3af847,52,0,,2025-06-15T02:00:26.110103,2025-06-15T02:00:26.110103
595966b5-269e-4585-85f6-dca32b714fc7,d8c4be62-f90c-4a4e-860e-d72a6de95830,44193589-0683-4527-bd75-301b6ee5d12d,8,0,,2025-06-15T02:00:26.110103,2025-06-15T02:00:26.110103
5d0b3712-370a-47c4-9f82-dd371d4b2cb8,17855b20-6ed6-432c-82f1-03a3e820322b,ec6d085d-9cd8-4896-8d8c-920a21b2cbfc,26,0,,2025-06-15T02:00:26.110103,2025-06-15T02:00:26.110103
b0d67470-e8f2-4467-a064-6bf4beb5be63,fd6ff5ec-107b-4b95-8486-863fa97b2e7c,b56eebf6-882b-428e-8681-241cbcdda417,91,0,,2025-06-15T02:00:26.110103,2025-06-15T02:00:26.110103
0ab293c0-5896-4d88-ab46-610992dace81,8cad85a0-2240-4b4e-91a1-d4ccf5a8dbaa,abfc2976-a4b8-4f52-bd56-31be63527150,77,0,,2025-06-15T02:00:26.111103,2025-06-15T02:00:26.111103
741814b5-cea4-4f1f-99bc-8700c00d04af,2c83bf48-6be6-456f-82fe-869828f8ccab,a9c21de6-1180-4220-b6e6-7c91f994058c,77,0,,2025-06-15T02:00:26.111103,2025-06-15T02:00:26.111103
42b2f8f3-dbd9-4ccc-8bad-3bbdb4eee52d,d4d19fe8-1e7a-4e27-921f-979d74cdf087,5aa0a2a5-b11e-4519-862e-f1014808b7db,7,0,,2025-06-15T02:00:26.111103,2025-06-15T02:00:26.111103
aef2ab32-4555-4c18-9810-3d8c92c4fc2d,a53f66f9-7610-494a-8b7e-44d1897e7d04,29b27e03-b2a6-4c58-842a-c6997ccc17fc,57,0,,2025-06-15T02:00:26.111103,2025-06-15T02:00:26.111103
0474eb93-6e5d-4b69-86ad-8ac1ebe8b6d0,647c7ac4-7f02-42c4-a317-96d88414052c,f3f35e98-c11f-40a4-9631-53696218e96e,46,0,,2025-06-15T02:00:26.111103,2025-06-15T02:00:26.111103
6f98d25f-b441-4a44-972b-85ce6a1c36ca,6bf599eb-024f-4b1b-ae92-4bbce3c8fda1,1e40360f-394a-4ea1-baaa-36b855551b4c,92,0,,2025-06-15T02:00:26.111103,2025-06-15T02:00:26.111103
3f94b90d-5111-4d07-b98e-dbf46bb3e9bd,289e9c8a-b9db-4871-b2bd-be548914b62a,34fef5cb-c969-42c0-8b0f-83b2696aa80c,100,0,,2025-06-15T02:00:26.111103,2025-06-15T02:00:26.111103
ae14db53-c5d6-4ca6-bf3f-d8eda0c961be,deb50db9-499b-404f-898f-8f847f2d3230,095e0b31-e398-4a22-8738-8b5abee0d0a8,93,0,,2025-06-15T02:00:26.111103,2025-06-15T02:00:26.111103
ed039fb8-1319-41dd-b827-8cb6be23b73c,da6f4b8e-6eff-4bb6-9781-b1041d0a38ba,f772e5ae-1747-473a-b1de-bc191b69810b,80,0,,2025-06-15T02:00:26.111103,2025-06-15T02:00:26.111103
ea239dea-ba91-4cc4-99dd-eca4ae8319b0,4d1c725e-1323-49ae-b74e-13a611dac9c2,8c6e20fb-b5c9-477f-a312-816d87a02650,88,0,,2025-06-15T02:00:26.111103,2025-06-15T02:00:26.111103
d3964c00-eddf-43b2-bb00-01585a73439a,7edd2f7f-3c6e-4527-8fc4-7639591ba001,294156ef-ea68-4921-ba45-a9d44fe7c64a,57,0,,2025-06-15T02:00:26.111103,2025-06-15T02:00:26.111103
b4c3997a-4390-4d85-b3c8-aeebbe5e0bf5,53952d4e-4b19-4873-8587-a36b38730277,1f16be65-72d5-44a1-9ca8-8b0f081954e8,63,0,,2025-06-15T02:00:26.111103,2025-06-15T02:00:26.111103
861d6886-7814-4e90-9e22-bbaeec4a5b76,80af1cc7-f452-4e73-aacb-b3ba4c89c8cd,a6e0bad8-4090-4638-9b35-2c9472779edc,54,0,,2025-06-15T02:00:26.111103,2025-06-15T02:00:26.111103
450c51b0-29a2-4cc4-af11-780a5e098dd7,ab46ea55-cc7a-4397-a777-18ed7948b615,bcb0a974-49b7-4cb2-8aa9-c63ef5f03972,41,0,,2025-06-15T02:00:26.111103,2025-06-15T02:00:26.111103
b9542b3b-29d8-4af4-9b7f-b24bdd3dbc34,895abf25-6e4c-4113-9740-1f49c61a524a,7f9bc5e9-e2c3-45f6-ba26-b4deca7225b9,30,0,,2025-06-15T02:00:26.111103,2025-06-15T02:00:26.111103
0f05ac1b-e5c7-42ba-8a60-18d2223f7313,81ffd3ae-bebb-4a04-8294-249a51fced3d,d00ef813-0f7e-4e0b-a23e-8e26af0b02b8,49,0,,2025-06-15T02:00:26.111103,2025-06-15T02:00:26.111103
b3e43b7b-c290-4efc-b8d3-a6d2fbd9693e,e3a1b352-4ca0-4b19-b661-8176bb0aaa78,e929e9ad-c315-4051-be60-28b2c8569ae8,45,0,,2025-06-15T02:00:26.111103,2025-06-15T02:00:26.111103
955d1516-05fd-4047-a696-b21c272ac78e,ea228186-4ab9-4591-92fc-719113762797,69bac7d8-f098-4cd6-874b-9b2b7845b001,68,0,,2025-06-15T02:00:26.111103,2025-06-15T02:00:26.111103
2159832b-f6db-4683-9c1a-a17976c195a6,8712017c-a2bc-4bdb-88a7-7caf5ae02b6b,8de05dfb-f921-41b2-b635-25f987262fcc,35,0,,2025-06-15T02:00:26.111103,2025-06-15T02:00:26.111103
7961fa86-564f-4b86-bc7d-87933795b892,9e14c70c-20e2-4e02-b8bc-2cd4e018529b,6c25e8f9-12cd-4aaa-9448-95636e756711,77,0,,2025-06-15T02:00:26.111103,2025-06-15T02:00:26.111103
c237f725-37fe-4a83-9377-056acedd1e5c,e1ee32a8-768b-4f28-994c-e9669daf4563,83338999-061c-4f30-8b3e-33d926636043,31,0,,2025-06-15T02:00:26.111103,2025-06-15T02:00:26.111103
