id_entrega,id_despacho,id_usuario,fecha_entrega,estado_entrega,firma_cliente,evidencia,observaciones,punto_entrega,fecha_creacion,fecha_actualizacion
9fd07e78-c826-4529-827c-fa8b88f947e3,ec916a2a-c10c-4dc3-b59a-375c3c98fda2,166ffb4e-3dc0-455c-b782-8abf26479433,2025-06-15T02:00:26.106103,pendiente,,,,a945b39b-e65c-484c-9170-3c4a2c84fb2a,2025-06-15T02:00:26.106103,2025-06-15T02:00:26.106103
b062b1f3-b01c-45ff-a70f-b526521cac19,18e08150-7e64-4148-a421-5bffcbf76417,429bd7fb-b7a0-4390-8e0a-03e3ba597a16,2025-06-15T02:00:26.106103,cancelada,,,,2ae9bf25-2297-47ec-8382-69437c821d9c,2025-06-15T02:00:26.106103,2025-06-15T02:00:26.106103
90e20165-500e-4b60-835f-5237942e29a5,cce2cb41-3b42-4d9a-b462-3f96da0ad493,837fef48-f3af-41fc-af54-4677427a66b8,2025-06-15T02:00:26.106103,cancelada,,,,3e44dcfc-1a2a-4be7-9ef2-753dd17104bb,2025-06-15T02:00:26.106103,2025-06-15T02:00:26.106103
2849b4f4-45f7-499f-8695-89f43ebf7161,048342d9-9534-4665-8fef-70a856fd4647,df15a814-78a1-43bf-b533-361d16931f58,2025-06-15T02:00:26.106103,cancelada,,,,86a14a4e-f4ca-490e-b09a-2a086df2792f,2025-06-15T02:00:26.106103,2025-06-15T02:00:26.106103
f8d46d25-f89d-4e76-b260-f0e25eac16f7,18e08150-7e64-4148-a421-5bffcbf76417,342d1d68-52bd-4301-840e-40702f66d9b0,2025-06-15T02:00:26.106103,completada,,,,9bd29b12-2b8a-4188-b786-db4a1b4719e1,2025-06-15T02:00:26.106103,2025-06-15T02:00:26.106103
eb2074df-0968-4081-bd71-b9f7ebca658f,6f40ed65-1be2-41de-a328-8cd8682b7b0f,43ef1852-5036-4af8-952c-ebe9f5455cc6,2025-06-15T02:00:26.106103,cancelada,,,,04454813-a724-4138-a8bf-eb30d3364ee8,2025-06-15T02:00:26.106103,2025-06-15T02:00:26.106103
4f84ef8e-9a5b-4248-80fb-7dd781b66a78,048342d9-9534-4665-8fef-70a856fd4647,1dbac2d5-5649-4985-992e-7dce91bde3ec,2025-06-15T02:00:26.106103,cancelada,,,,2086000d-ac79-499a-97fa-180228ee1b99,2025-06-15T02:00:26.106103,2025-06-15T02:00:26.106103
5b032c74-7551-4c54-b07a-0b80ed514d76,3a32cf70-346a-4c94-a93a-752f67826afd,1c3f563c-6146-4feb-bd76-4d93225a2ce7,2025-06-15T02:00:26.106103,cancelada,,,,443fad7b-b3cc-456b-af50-d86fd534a3e8,2025-06-15T02:00:26.106103,2025-06-15T02:00:26.106103
289c66b4-adde-44d1-8e86-403fba4930ab,3a32cf70-346a-4c94-a93a-752f67826afd,3d12d450-ab72-4396-ae4d-7b4b48ed54aa,2025-06-15T02:00:26.106103,cancelada,,,,f4ad5805-d80e-4d8d-b0d6-192c3ac6e95c,2025-06-15T02:00:26.106103,2025-06-15T02:00:26.106103
289c2dff-cedd-4ae6-88c9-6ed3d2784cf0,3a32cf70-346a-4c94-a93a-752f67826afd,1d5c27b1-9adb-45ad-b89b-742e10afc1ab,2025-06-15T02:00:26.106103,completada,,,,f1b247f4-82b4-492a-876b-53901f696b9d,2025-06-15T02:00:26.106103,2025-06-15T02:00:26.106103
1fcd8d10-d3d7-4867-897a-25c965a89a86,cce2cb41-3b42-4d9a-b462-3f96da0ad493,d3d4215d-2549-4a60-90ae-5673fe6147a2,2025-06-15T02:00:26.106103,completada,,,,6c89e2d7-e405-4820-aa1a-c7db01ae15d8,2025-06-15T02:00:26.106103,2025-06-15T02:00:26.106103
d07d7db8-2451-4bdb-befa-8a1b6cd13995,3a32cf70-346a-4c94-a93a-752f67826afd,635e34cf-a03e-4725-8dd7-ecbcf1809c09,2025-06-15T02:00:26.106103,cancelada,,,,d50ffef7-5cae-450f-a2f2-7ae99bff84cc,2025-06-15T02:00:26.106103,2025-06-15T02:00:26.106103
6b5edea4-3414-40f8-b8cc-b288ae6ea873,6f40ed65-1be2-41de-a328-8cd8682b7b0f,af241b4e-fcc3-4c96-8119-8c4119ace35e,2025-06-15T02:00:26.106103,pendiente,,,,cac2c07f-0a30-4e89-aad0-f6e40342e923,2025-06-15T02:00:26.106103,2025-06-15T02:00:26.106103
dde17c9d-39d2-4737-acdb-fa7714225050,6f40ed65-1be2-41de-a328-8cd8682b7b0f,a4e35730-eb2f-4717-b7a6-22eb355364ab,2025-06-15T02:00:26.106103,pendiente,,,,a945b39b-e65c-484c-9170-3c4a2c84fb2a,2025-06-15T02:00:26.106103,2025-06-15T02:00:26.106103
cb1f5fe4-b554-4c87-b727-d6db9f6a855d,cce2cb41-3b42-4d9a-b462-3f96da0ad493,98e6f282-ee6f-4552-b926-8bedc9277e14,2025-06-15T02:00:26.106103,pendiente,,,,47de10dd-7a53-4536-980b-5b0c31bc6e53,2025-06-15T02:00:26.106103,2025-06-15T02:00:26.106103
9418da96-1190-4f41-8441-bf5df3f50788,048342d9-9534-4665-8fef-70a856fd4647,5dc4ffbb-4321-4219-aaf9-f3719ed232cb,2025-06-15T02:00:26.106103,cancelada,,,,7f55296f-64e0-4048-a188-5b5314568830,2025-06-15T02:00:26.106103,2025-06-15T02:00:26.106103
7129b921-f733-4859-88a3-a9517755c4a4,18e08150-7e64-4148-a421-5bffcbf76417,51a4a869-b4d7-44c9-bd24-f818612ebff8,2025-06-15T02:00:26.106103,pendiente,,,,fae2a816-26ca-4e24-a2bc-633591ee3162,2025-06-15T02:00:26.106103,2025-06-15T02:00:26.106103
21476e38-0e3b-4f15-8112-f35888220625,3a32cf70-346a-4c94-a93a-752f67826afd,059ce99a-5b31-4e3c-9eee-2b56b7507bb4,2025-06-15T02:00:26.106103,pendiente,,,,f8ca6e62-f231-48db-a6ac-90917e0e70f8,2025-06-15T02:00:26.106103,2025-06-15T02:00:26.106103
f4daa0dc-9bb8-4cf1-94e5-34d2b961f4d8,048342d9-9534-4665-8fef-70a856fd4647,707ef963-2712-48d7-91f3-ad65061f8fc9,2025-06-15T02:00:26.106103,completada,,,,95f3c108-80ba-4379-b50f-9f1c62479160,2025-06-15T02:00:26.106103,2025-06-15T02:00:26.106103
ca96d9ed-91db-4ac2-967e-5770eb904c4c,6f40ed65-1be2-41de-a328-8cd8682b7b0f,697683ef-a377-4ad4-bdfd-6ec8268a58af,2025-06-15T02:00:26.106103,pendiente,,,,98e58a91-2679-4a49-b7db-74ceacf181fa,2025-06-15T02:00:26.106103,2025-06-15T02:00:26.106103
9e220ceb-4415-43a4-8765-e735f4c2b182,9bbfb9de-d359-420d-91d4-2cfd88a23caf,8235396e-34cc-4f97-9ad0-be60ffa29aaf,2025-06-15T02:00:26.106103,completada,,,,b15318a6-32de-42c9-a93d-0d2970e411d0,2025-06-15T02:00:26.106103,2025-06-15T02:00:26.106103
72866be3-bb1d-4db2-b526-b403bba3384c,6f40ed65-1be2-41de-a328-8cd8682b7b0f,0190be6c-bcc5-4c09-b46d-e3fc91706dfe,2025-06-15T02:00:26.106103,completada,,,,f1b247f4-82b4-492a-876b-53901f696b9d,2025-06-15T02:00:26.106103,2025-06-15T02:00:26.106103
8292af9d-2b8d-4a04-a13a-da406584d3dc,6f40ed65-1be2-41de-a328-8cd8682b7b0f,7973dee7-9028-4b3d-b98c-59e62727629d,2025-06-15T02:00:26.106103,pendiente,,,,98a9ff6e-d00a-4452-abc7-72427036918c,2025-06-15T02:00:26.106103,2025-06-15T02:00:26.106103
c3163773-47b9-4c60-81ea-e89179267ffa,ec916a2a-c10c-4dc3-b59a-375c3c98fda2,4a607e6f-4b86-46e1-a29d-73393d191bc3,2025-06-15T02:00:26.106103,completada,,,,22b9fa98-65b9-49c9-9f84-c71cfdd32ccd,2025-06-15T02:00:26.106103,2025-06-15T02:00:26.106103
010874e9-89ee-4377-9b25-9b0dece54544,048342d9-9534-4665-8fef-70a856fd4647,ec2ea81f-e84b-4bf2-a0d4-d5e9a6bd0b03,2025-06-15T02:00:26.106103,pendiente,,,,4e2d3071-ba55-4aba-9a5b-e9a77b6339bc,2025-06-15T02:00:26.106103,2025-06-15T02:00:26.106103
30a33dec-2332-48a2-a89f-6ce35a2f327f,6f40ed65-1be2-41de-a328-8cd8682b7b0f,c9bdb678-c5b2-4004-b813-68b4745942ca,2025-06-15T02:00:26.106103,pendiente,,,,f1d0ab3a-6856-45c0-bc34-c34899144481,2025-06-15T02:00:26.106103,2025-06-15T02:00:26.106103
d9251d30-ffa4-47aa-ab8f-d71b7126758e,048342d9-9534-4665-8fef-70a856fd4647,ac356e7f-d481-4806-8bb5-c4eb89cf58f7,2025-06-15T02:00:26.106103,pendiente,,,,c1ee89d1-98a1-4254-92fb-45ed0a80a21a,2025-06-15T02:00:26.106103,2025-06-15T02:00:26.106103
33d10f3f-067b-4df9-8697-8dc5c827a466,6f40ed65-1be2-41de-a328-8cd8682b7b0f,8547d8db-fc49-4612-ac0c-9d4546260149,2025-06-15T02:00:26.106103,completada,,,,9c9b8d67-2965-456d-bc07-5fa5426a3c09,2025-06-15T02:00:26.106103,2025-06-15T02:00:26.106103
0747758a-3d56-4f4c-8240-b34269865c99,84aadf1d-cf47-40d2-8334-d0ecf86998a6,958a96fd-df1c-4b2f-af15-eee3f985ede5,2025-06-15T02:00:26.106103,completada,,,,66cb5a11-3d3a-46aa-bbda-c87e01322925,2025-06-15T02:00:26.106103,2025-06-15T02:00:26.106103
52586db4-fd36-4c92-b567-a62fcaca4955,ec916a2a-c10c-4dc3-b59a-375c3c98fda2,9284e405-8ea7-43c1-bcef-fd0e9de64b0e,2025-06-15T02:00:26.106103,cancelada,,,,f8ca6e62-f231-48db-a6ac-90917e0e70f8,2025-06-15T02:00:26.106103,2025-06-15T02:00:26.106103
65da2c10-a4a1-4487-961b-d5af92090467,6f40ed65-1be2-41de-a328-8cd8682b7b0f,50f85fc1-e16f-487f-aae8-36521406ff81,2025-06-15T02:00:26.106103,cancelada,,,,9b7df0a4-7e4c-4a73-9c95-25259ef5194e,2025-06-15T02:00:26.106103,2025-06-15T02:00:26.106103
806fc4cf-24e9-4302-90e0-6c4842358fab,18e08150-7e64-4148-a421-5bffcbf76417,55903055-7cfd-4b08-937c-71d02ab562c6,2025-06-15T02:00:26.106103,completada,,,,6fbd2e05-2b37-4ecb-ac3d-21e73890364a,2025-06-15T02:00:26.106103,2025-06-15T02:00:26.106103
ef52a427-0149-432e-bb01-fcd98f994f12,3a32cf70-346a-4c94-a93a-752f67826afd,824658e2-b1e0-438d-9860-afb580e69ac8,2025-06-15T02:00:26.106103,pendiente,,,,b911ae5b-0c43-46d4-8dce-e83c606970fe,2025-06-15T02:00:26.106103,2025-06-15T02:00:26.106103
520e04e8-9f8c-400c-86e8-351754deca1b,18e08150-7e64-4148-a421-5bffcbf76417,668fd4b3-1234-44ff-9d09-70e9c1596871,2025-06-15T02:00:26.106103,cancelada,,,,8002ee3d-e935-48f7-a362-0e5bfbaaaf0b,2025-06-15T02:00:26.106103,2025-06-15T02:00:26.106103
fabaf3bb-8a5f-4457-975d-6d3fe9f0f1d4,84aadf1d-cf47-40d2-8334-d0ecf86998a6,c87f54ff-704a-484f-aa8d-36b3309d6743,2025-06-15T02:00:26.106103,cancelada,,,,ecdda402-ae99-4288-ae5c-47b9de7f66fb,2025-06-15T02:00:26.106103,2025-06-15T02:00:26.106103
77a8b0a9-a753-46d5-bfac-5a79cfb3a3ec,18e08150-7e64-4148-a421-5bffcbf76417,e1082cf1-0930-40d9-8249-a861364bdac4,2025-06-15T02:00:26.106103,completada,,,,61b71c5d-3ad2-4eef-8319-0402ec444f69,2025-06-15T02:00:26.106103,2025-06-15T02:00:26.106103
020feb08-ecdb-4d5b-95bb-94f26caef55e,18e08150-7e64-4148-a421-5bffcbf76417,824658e2-b1e0-438d-9860-afb580e69ac8,2025-06-15T02:00:26.106103,pendiente,,,,3109ec84-2b73-481e-843b-badc3f9a36da,2025-06-15T02:00:26.106103,2025-06-15T02:00:26.106103
28aa8f64-1677-4af4-ad28-75e5b6b0df73,18e08150-7e64-4148-a421-5bffcbf76417,f6469f46-79b4-44d4-b214-c3e1267ba3a5,2025-06-15T02:00:26.106103,completada,,,,7e98eb42-a21b-406a-94d1-77e37f2da4b2,2025-06-15T02:00:26.106103,2025-06-15T02:00:26.106103
f55958f7-b87c-4860-9e53-350226c80e67,9bbfb9de-d359-420d-91d4-2cfd88a23caf,97324d1f-aa3b-4f3e-8119-87e005f7deba,2025-06-15T02:00:26.107104,cancelada,,,,aff16ce3-8c5c-4721-a8f2-f2da6d461ef6,2025-06-15T02:00:26.107104,2025-06-15T02:00:26.107104
514cbf3e-c60d-4f89-984b-b4f260206182,18e08150-7e64-4148-a421-5bffcbf76417,2540f804-8e5d-4b67-88d5-f55e4a494d55,2025-06-15T02:00:26.107104,cancelada,,,,1c1aee4e-e38c-46d1-a49d-8b2cd3c0176b,2025-06-15T02:00:26.107104,2025-06-15T02:00:26.107104
232f04c7-b38d-4de7-b7d0-0439d1377ba7,6f40ed65-1be2-41de-a328-8cd8682b7b0f,513a64a6-c725-49c2-94c3-938f5ad32c00,2025-06-15T02:00:26.107104,completada,,,,407bf8b3-407b-486c-b707-10aa7af95322,2025-06-15T02:00:26.107104,2025-06-15T02:00:26.107104
dc423214-7104-4355-a844-68b50aaf3398,3a32cf70-346a-4c94-a93a-752f67826afd,99adc527-ee60-4295-b370-bfe4e910fe22,2025-06-15T02:00:26.107104,pendiente,,,,897fd960-2feb-4f58-8121-684575a2ad4a,2025-06-15T02:00:26.107104,2025-06-15T02:00:26.107104
e922d615-a574-4abd-8fbf-7447c9cc6848,9bbfb9de-d359-420d-91d4-2cfd88a23caf,c1ce271d-30ce-4197-beb0-e38ac09d0579,2025-06-15T02:00:26.107104,completada,,,,62bb0798-427c-47ac-8cc4-a6a45c32ed60,2025-06-15T02:00:26.107104,2025-06-15T02:00:26.107104
f953425b-4043-4666-b8f1-0a2f457e6196,6f40ed65-1be2-41de-a328-8cd8682b7b0f,7b134324-922a-4fae-86a7-319a57682196,2025-06-15T02:00:26.107104,cancelada,,,,98b3bdde-0182-47b6-8156-832d548c23ca,2025-06-15T02:00:26.107104,2025-06-15T02:00:26.107104
e90e72ec-56d7-4aa3-ab4f-27863739d489,18e08150-7e64-4148-a421-5bffcbf76417,c3cd6440-2169-4e9a-9ccc-62674641248e,2025-06-15T02:00:26.107104,pendiente,,,,d3d521b1-de6d-405b-8edb-17e57e0bde19,2025-06-15T02:00:26.107104,2025-06-15T02:00:26.107104
188d6300-320f-46ad-98e1-f1de0607ed32,6f40ed65-1be2-41de-a328-8cd8682b7b0f,edd15fdc-1a58-4010-ad53-fc95782a06f0,2025-06-15T02:00:26.107104,cancelada,,,,57b204e0-a999-40f2-a523-509e5f819f94,2025-06-15T02:00:26.107104,2025-06-15T02:00:26.107104
e1a9c1f2-5d0b-49c1-8a79-8adb92dcf6cf,84aadf1d-cf47-40d2-8334-d0ecf86998a6,d26b78ad-d655-4788-8a57-6f55398dab7e,2025-06-15T02:00:26.107104,pendiente,,,,e24e7796-5d1c-4092-b8ea-b98824f531dd,2025-06-15T02:00:26.107104,2025-06-15T02:00:26.107104
f918b71a-f95e-4da7-946c-82eb0267702a,9bbfb9de-d359-420d-91d4-2cfd88a23caf,77c9947a-f83f-4b23-acd5-8f184092e720,2025-06-15T02:00:26.107104,pendiente,,,,a1c3fa4e-0aa5-47ca-90a6-b2f4b01836d2,2025-06-15T02:00:26.107104,2025-06-15T02:00:26.107104
ee5ee460-3ceb-4c20-a7cb-070f296ec090,6f40ed65-1be2-41de-a328-8cd8682b7b0f,b21fab0a-3d01-4f25-a62f-1dad05b5ec39,2025-06-15T02:00:26.107104,pendiente,,,,8222f23d-7746-4ceb-a804-55679a361710,2025-06-15T02:00:26.107104,2025-06-15T02:00:26.107104
a4831cc5-9e4d-4857-ab23-3f259f649322,6f40ed65-1be2-41de-a328-8cd8682b7b0f,b36f37d4-27bf-456a-b435-c0092e868660,2025-06-15T02:00:26.107104,completada,,,,fb23146d-89a5-449c-9920-b0b4fad43526,2025-06-15T02:00:26.107104,2025-06-15T02:00:26.107104
7731c8ac-bae9-4cb2-976b-06666b62fb7d,048342d9-9534-4665-8fef-70a856fd4647,f34b490b-ca66-4f2d-b7b3-778b86951feb,2025-06-15T02:00:26.107104,completada,,,,f8ca6e62-f231-48db-a6ac-90917e0e70f8,2025-06-15T02:00:26.107104,2025-06-15T02:00:26.107104
e22addfa-9fd6-4ef2-b276-f45f0950e48d,9bbfb9de-d359-420d-91d4-2cfd88a23caf,a3664404-7477-48da-af98-1cb70e871d18,2025-06-15T02:00:26.107104,cancelada,,,,4b16ee6a-e04d-43e2-9cda-9220b7724ee8,2025-06-15T02:00:26.107104,2025-06-15T02:00:26.107104
c009f412-3e41-45ee-9b7d-c4961cf0724c,84aadf1d-cf47-40d2-8334-d0ecf86998a6,e492f7e6-295d-42c4-8881-7ff94a725533,2025-06-15T02:00:26.107104,cancelada,,,,62bb0798-427c-47ac-8cc4-a6a45c32ed60,2025-06-15T02:00:26.107104,2025-06-15T02:00:26.107104
b4936ce0-4272-4374-98cc-643a648dc23f,6f40ed65-1be2-41de-a328-8cd8682b7b0f,d06cd773-f809-4449-a156-3ca4fa358775,2025-06-15T02:00:26.107104,completada,,,,1b1710ca-8774-42ca-9e3f-739e7e9088ed,2025-06-15T02:00:26.107104,2025-06-15T02:00:26.107104
4fcba649-aaa2-41a2-9868-6ee1fce2d0e8,ec916a2a-c10c-4dc3-b59a-375c3c98fda2,6f81cdce-f444-48ad-bcc0-b987e28e38e8,2025-06-15T02:00:26.107104,completada,,,,c1f4d52c-64cc-4147-a111-70baf584dc90,2025-06-15T02:00:26.107104,2025-06-15T02:00:26.107104
aad62b42-eba4-4935-869d-2ebd12a526bc,cce2cb41-3b42-4d9a-b462-3f96da0ad493,992353e1-ce25-4061-8661-be23f7427f8b,2025-06-15T02:00:26.107104,pendiente,,,,a6e515ba-3446-4f8a-bdc8-e785c3540fa9,2025-06-15T02:00:26.107104,2025-06-15T02:00:26.107104
4553a520-96b4-4ae7-920e-09903af736c2,048342d9-9534-4665-8fef-70a856fd4647,21d98432-0ba5-4855-b7e0-199d67c49934,2025-06-15T02:00:26.107104,pendiente,,,,09cd3b5b-59fa-48e6-ae06-5023c72df9c0,2025-06-15T02:00:26.107104,2025-06-15T02:00:26.107104
5739e007-8b75-4b8c-9b39-4ee89cdfc539,cce2cb41-3b42-4d9a-b462-3f96da0ad493,d7c0d5a3-9e87-4ef7-a649-565a79d22fc1,2025-06-15T02:00:26.107104,cancelada,,,,c4e6e732-700c-4b32-a966-cf8e390d2c36,2025-06-15T02:00:26.107104,2025-06-15T02:00:26.107104
f833271e-a391-4003-bde6-4edb5d5047dc,6f40ed65-1be2-41de-a328-8cd8682b7b0f,775fdc56-325a-464a-9c7c-3deb15cd1886,2025-06-15T02:00:26.107104,cancelada,,,,d1e3a3e5-49cc-40da-8bb2-23a10a498561,2025-06-15T02:00:26.107104,2025-06-15T02:00:26.107104
5ae151da-82d8-4df3-869d-19d9961d266a,84aadf1d-cf47-40d2-8334-d0ecf86998a6,60d7a539-4cba-4024-978f-1f385bbccd4d,2025-06-15T02:00:26.107104,completada,,,,43a1687d-d198-49d4-9a75-d6a72d9314d7,2025-06-15T02:00:26.107104,2025-06-15T02:00:26.107104
24291486-664b-4c9e-b994-a5d850f38fd2,18e08150-7e64-4148-a421-5bffcbf76417,c87f54ff-704a-484f-aa8d-36b3309d6743,2025-06-15T02:00:26.107104,completada,,,,faf004d1-0020-4265-93c7-7de56d1881ab,2025-06-15T02:00:26.107104,2025-06-15T02:00:26.107104
f92246be-b290-48e9-bb7c-106750f2a137,ec916a2a-c10c-4dc3-b59a-375c3c98fda2,1881e4cd-7c8d-4a25-a4eb-2574558dc79f,2025-06-15T02:00:26.107104,completada,,,,418c48fc-1d30-4c70-8804-b1dafc0a0400,2025-06-15T02:00:26.107104,2025-06-15T02:00:26.107104
d62d44c5-7cbd-43b7-a3c6-e4f6325f567e,3a32cf70-346a-4c94-a93a-752f67826afd,56c6189d-9412-4e39-9ea0-ec96463d5622,2025-06-15T02:00:26.107104,pendiente,,,,8f493f2b-33bf-4a8a-82ee-bcb705cecd9c,2025-06-15T02:00:26.107104,2025-06-15T02:00:26.107104
7214869b-2b4b-4801-8c27-15409799a11e,048342d9-9534-4665-8fef-70a856fd4647,ac356e7f-d481-4806-8bb5-c4eb89cf58f7,2025-06-15T02:00:26.107104,completada,,,,7a02c554-d5f2-4289-8a4b-3a96395c9587,2025-06-15T02:00:26.107104,2025-06-15T02:00:26.107104
715113c0-b25a-4c22-8ada-a5ecc108d7c6,84aadf1d-cf47-40d2-8334-d0ecf86998a6,d123b1eb-a154-49a8-9983-3134533db388,2025-06-15T02:00:26.107104,completada,,,,2182e116-ed92-47f1-9dd3-94901c0ebdca,2025-06-15T02:00:26.107104,2025-06-15T02:00:26.107104
3ccddbff-8598-43cf-ad14-11b0b591b635,048342d9-9534-4665-8fef-70a856fd4647,8369ee32-a457-47c4-bcd0-7134c02e0993,2025-06-15T02:00:26.107104,cancelada,,,,4e2d3071-ba55-4aba-9a5b-e9a77b6339bc,2025-06-15T02:00:26.107104,2025-06-15T02:00:26.107104
eb63899d-8d9f-47cb-a060-33447755d49e,3a32cf70-346a-4c94-a93a-752f67826afd,ab245e77-dbb0-4c8a-887b-34d188a6d2c0,2025-06-15T02:00:26.107104,pendiente,,,,c8902c38-4cd5-4b6b-b943-4a35c949778b,2025-06-15T02:00:26.107104,2025-06-15T02:00:26.107104
7651b239-a5e9-4b65-a139-6d8667f0c89c,048342d9-9534-4665-8fef-70a856fd4647,7b134324-922a-4fae-86a7-319a57682196,2025-06-15T02:00:26.107104,completada,,,,b4b48f46-c21b-49cc-94bb-8b5bbe092bbe,2025-06-15T02:00:26.107104,2025-06-15T02:00:26.107104
8f74f3ef-a5df-4436-8f21-15930037a4f9,3a32cf70-346a-4c94-a93a-752f67826afd,0e8a54be-99b9-4456-86ad-194c07c1fd12,2025-06-15T02:00:26.107104,cancelada,,,,1bb4e136-094b-44e0-b55c-915e43898f00,2025-06-15T02:00:26.107104,2025-06-15T02:00:26.107104
754f5d42-7c4e-4f9e-983e-97793db1dad8,84aadf1d-cf47-40d2-8334-d0ecf86998a6,e9b31ad4-800c-40f9-a045-0dd5d6c90de7,2025-06-15T02:00:26.107104,completada,,,,458158af-98ab-407e-b86d-fc8929d34f57,2025-06-15T02:00:26.107104,2025-06-15T02:00:26.107104
c4aef44a-670f-4900-ae26-64d9ed874db4,9bbfb9de-d359-420d-91d4-2cfd88a23caf,b18eec02-bd97-44e5-8ff6-8a14cc9e7bf6,2025-06-15T02:00:26.107104,cancelada,,,,6c2f08c3-ef2f-49fa-a048-e046e82b5e2c,2025-06-15T02:00:26.107104,2025-06-15T02:00:26.107104
3f578587-5db7-47e7-92a2-2d013894626b,cce2cb41-3b42-4d9a-b462-3f96da0ad493,1aee7c47-fefe-4906-a355-b6e72117fef4,2025-06-15T02:00:26.107104,completada,,,,e5ccbc01-3bd1-48f7-a955-34388f84053a,2025-06-15T02:00:26.107104,2025-06-15T02:00:26.107104
a7f3ac84-3e4a-4881-83f1-ccc23d9433ab,ec916a2a-c10c-4dc3-b59a-375c3c98fda2,4ec9990f-2709-4161-943b-d636d21da809,2025-06-15T02:00:26.107104,pendiente,,,,7644961a-69fc-476b-ab70-d124e22979cc,2025-06-15T02:00:26.107104,2025-06-15T02:00:26.107104
23c1ed9a-e586-4fd0-abb5-ca2da6b24d89,6f40ed65-1be2-41de-a328-8cd8682b7b0f,f6469f46-79b4-44d4-b214-c3e1267ba3a5,2025-06-15T02:00:26.107104,pendiente,,,,a945b39b-e65c-484c-9170-3c4a2c84fb2a,2025-06-15T02:00:26.107104,2025-06-15T02:00:26.107104
c514c2f5-34b4-4d21-afc6-cd29f60ae2c6,6f40ed65-1be2-41de-a328-8cd8682b7b0f,77c9947a-f83f-4b23-acd5-8f184092e720,2025-06-15T02:00:26.107104,pendiente,,,,8032f48c-1cd0-4000-918a-43da2619fef9,2025-06-15T02:00:26.107104,2025-06-15T02:00:26.107104
052be14e-3a49-4e10-8889-cb6aeade5f85,ec916a2a-c10c-4dc3-b59a-375c3c98fda2,0190be6c-bcc5-4c09-b46d-e3fc91706dfe,2025-06-15T02:00:26.107104,completada,,,,57b204e0-a999-40f2-a523-509e5f819f94,2025-06-15T02:00:26.107104,2025-06-15T02:00:26.107104
5ddb09b9-a59a-4b64-b474-8586faaf71cf,ec916a2a-c10c-4dc3-b59a-375c3c98fda2,0baaebef-1d25-41c2-a54b-07bda16cd83c,2025-06-15T02:00:26.107104,completada,,,,7f0bdc22-132f-4f42-9480-7e4d59eb424c,2025-06-15T02:00:26.107104,2025-06-15T02:00:26.107104
009dfb12-f195-4f49-bbc3-fe94de331b2e,18e08150-7e64-4148-a421-5bffcbf76417,359326f9-b8b7-4849-a175-f93dd72d3f5b,2025-06-15T02:00:26.107104,completada,,,,12fbce43-eb0a-44ce-b177-b32db19dc9dd,2025-06-15T02:00:26.107104,2025-06-15T02:00:26.107104
7dca8870-cce9-4e27-bdc7-4c851b784090,6f40ed65-1be2-41de-a328-8cd8682b7b0f,13f36ba8-2e3e-4280-8fd5-62aaea9a6e2b,2025-06-15T02:00:26.107104,completada,,,,0d67c04f-753f-4494-ba89-c5070eab89f4,2025-06-15T02:00:26.107104,2025-06-15T02:00:26.107104
b6a4fd21-6aca-430e-9a4c-35a02157aa35,cce2cb41-3b42-4d9a-b462-3f96da0ad493,8d347fcd-6150-420f-b677-55fca7d6c3be,2025-06-15T02:00:26.107104,cancelada,,,,c4e6e732-700c-4b32-a966-cf8e390d2c36,2025-06-15T02:00:26.107104,2025-06-15T02:00:26.107104
847e06a2-7fa3-409b-8c02-b2bc043fbbb4,cce2cb41-3b42-4d9a-b462-3f96da0ad493,d121bfd9-08e7-441e-b97f-2ade2620333a,2025-06-15T02:00:26.107104,pendiente,,,,8ad73c94-c6fc-4564-b799-d6c29d02daf0,2025-06-15T02:00:26.107104,2025-06-15T02:00:26.107104
7569ce23-53ca-4603-8885-66c4a215c0cc,6f40ed65-1be2-41de-a328-8cd8682b7b0f,9672bd1d-ca59-4099-8c8a-d0eb84334b04,2025-06-15T02:00:26.107104,pendiente,,,,2b7d5130-bbce-4bf9-bcc2-108755ffc263,2025-06-15T02:00:26.107104,2025-06-15T02:00:26.107104
84ef7d57-6ee7-43e3-8777-3b9ab8a1e3b9,6f40ed65-1be2-41de-a328-8cd8682b7b0f,69d30068-3f2e-459c-bcc7-87b64c930d96,2025-06-15T02:00:26.107104,pendiente,,,,a1c3fa4e-0aa5-47ca-90a6-b2f4b01836d2,2025-06-15T02:00:26.107104,2025-06-15T02:00:26.107104
ec83f702-2164-4872-8bda-556c330ca470,cce2cb41-3b42-4d9a-b462-3f96da0ad493,fdafe91c-3460-4edf-828e-c6e65fa44856,2025-06-15T02:00:26.107104,pendiente,,,,65376a22-a61b-4165-8a67-6c4c89220a01,2025-06-15T02:00:26.107104,2025-06-15T02:00:26.107104
08a0c20e-22c4-4f4a-b853-5e2f19a921bb,3a32cf70-346a-4c94-a93a-752f67826afd,ec2ea81f-e84b-4bf2-a0d4-d5e9a6bd0b03,2025-06-15T02:00:26.107104,pendiente,,,,da9232af-11a6-4fcc-bb94-4f4ab4867d0f,2025-06-15T02:00:26.107104,2025-06-15T02:00:26.107104
b692cade-4e30-4e8b-8c04-57e89350a3ee,ec916a2a-c10c-4dc3-b59a-375c3c98fda2,810195da-8f81-4eb5-8540-15b843d18f0d,2025-06-15T02:00:26.107104,pendiente,,,,fae2a816-26ca-4e24-a2bc-633591ee3162,2025-06-15T02:00:26.107104,2025-06-15T02:00:26.107104
053cfbd7-3a3f-4169-93b7-a4789d7fca4e,3a32cf70-346a-4c94-a93a-752f67826afd,3d3ea4c7-d4cd-4afa-a416-bbb8ebefe34b,2025-06-15T02:00:26.107104,completada,,,,b5faf115-0ccd-43e7-8f0b-942baba7fab1,2025-06-15T02:00:26.107104,2025-06-15T02:00:26.107104
cf56a8da-d0d2-4837-9d7d-3c4272b39685,6f40ed65-1be2-41de-a328-8cd8682b7b0f,9672bd1d-ca59-4099-8c8a-d0eb84334b04,2025-06-15T02:00:26.107104,cancelada,,,,7f2fe946-c756-426b-aa41-581e835ea45d,2025-06-15T02:00:26.107104,2025-06-15T02:00:26.107104
84ea34ec-bdab-456b-80cb-3f1d5c9a1fc5,048342d9-9534-4665-8fef-70a856fd4647,6a4183e8-2150-45aa-b844-cfd8cb2ba6c4,2025-06-15T02:00:26.107104,pendiente,,,,ad4988ff-0f90-4bc2-9569-2e6b086287b4,2025-06-15T02:00:26.107104,2025-06-15T02:00:26.107104
d09012ee-a3b5-4b5c-be2c-81cf4f975669,3a32cf70-346a-4c94-a93a-752f67826afd,0675298b-f135-4b90-ac9d-1f7919b7cd93,2025-06-15T02:00:26.107104,cancelada,,,,ddf99b6e-7434-463e-b637-16f1e3961ea9,2025-06-15T02:00:26.107104,2025-06-15T02:00:26.107104
3a8ff97e-0a4f-4250-9308-f23f4399d763,18e08150-7e64-4148-a421-5bffcbf76417,27dc231e-8207-4cd0-a710-e5d138ef8bc2,2025-06-15T02:00:26.107104,pendiente,,,,8222f23d-7746-4ceb-a804-55679a361710,2025-06-15T02:00:26.107104,2025-06-15T02:00:26.107104
07ec8e82-682b-4d9b-8c59-1ef96de1e89c,84aadf1d-cf47-40d2-8334-d0ecf86998a6,c799ebce-6aa5-4cde-90a4-b38e603947cb,2025-06-15T02:00:26.107104,cancelada,,,,92e30e35-4bc3-457e-b2e8-014d20790e04,2025-06-15T02:00:26.107104,2025-06-15T02:00:26.107104
db109a6a-3c20-4d2e-a90c-43c1ce6d9f31,9bbfb9de-d359-420d-91d4-2cfd88a23caf,f69b60e3-74d4-4f0b-be06-9ff54d84a66d,2025-06-15T02:00:26.107104,completada,,,,443fad7b-b3cc-456b-af50-d86fd534a3e8,2025-06-15T02:00:26.107104,2025-06-15T02:00:26.107104
5ac12e16-3fb7-4f39-b4b1-74ad3b573bc5,18e08150-7e64-4148-a421-5bffcbf76417,445efb38-13d6-41b0-98e5-33354414c576,2025-06-15T02:00:26.107104,pendiente,,,,4f89c4db-8beb-4906-bc45-a26dd8dee60d,2025-06-15T02:00:26.107104,2025-06-15T02:00:26.107104
eebaca62-9dd7-411a-9210-a4ba243b21e8,84aadf1d-cf47-40d2-8334-d0ecf86998a6,645067ab-7f47-43d9-a1fb-2fc26e734a8a,2025-06-15T02:00:26.108103,pendiente,,,,92e30e35-4bc3-457e-b2e8-014d20790e04,2025-06-15T02:00:26.108103,2025-06-15T02:00:26.108103
3edf5fab-7c46-4fb3-b103-db9ac1f95bba,048342d9-9534-4665-8fef-70a856fd4647,b961b5f3-df31-4687-8da8-c4fd9f5c15f5,2025-06-15T02:00:26.108103,pendiente,,,,d08f2a36-6095-4526-aa14-956ffea4d332,2025-06-15T02:00:26.108103,2025-06-15T02:00:26.108103
6e00cb3d-507a-4265-a13f-ab65df4ac642,84aadf1d-cf47-40d2-8334-d0ecf86998a6,6f875374-0cb7-4c05-bd9b-21064ba0927d,2025-06-15T02:00:26.108103,pendiente,,,,3109ec84-2b73-481e-843b-badc3f9a36da,2025-06-15T02:00:26.108103,2025-06-15T02:00:26.108103
b2471057-793f-4e58-9e49-6be08c2a0422,3a32cf70-346a-4c94-a93a-752f67826afd,d71c9716-af16-48e3-a010-6d3d0f8ba63e,2025-06-15T02:00:26.108103,cancelada,,,,98a9ff6e-d00a-4452-abc7-72427036918c,2025-06-15T02:00:26.108103,2025-06-15T02:00:26.108103
e82e0c0d-ee4a-4d1e-815e-5eef61e6232c,18e08150-7e64-4148-a421-5bffcbf76417,bee4e019-ecc8-4cab-9eb1-cd4568291c53,2025-06-15T02:00:26.108103,completada,,,,da8c4d90-e4e5-4630-85e1-e36d55b81018,2025-06-15T02:00:26.108103,2025-06-15T02:00:26.108103
241fc024-e0c9-4ce0-8a65-15ddd269fed0,048342d9-9534-4665-8fef-70a856fd4647,0e9a3284-1e76-42e1-9c95-a1a6e41201eb,2025-06-15T02:00:26.108103,cancelada,,,,9fda846e-5971-4281-a160-e1a20e91b452,2025-06-15T02:00:26.108103,2025-06-15T02:00:26.108103
b1537a00-7c51-42e0-b082-2fb6693b4d27,048342d9-9534-4665-8fef-70a856fd4647,e1fd5b85-b84b-434e-b073-de1d9c81bf25,2025-06-15T02:00:26.108103,cancelada,,,,b4ff69cd-71f2-4094-b3f0-b5c14e687980,2025-06-15T02:00:26.108103,2025-06-15T02:00:26.108103
8b5179db-cbea-4131-adcc-a4bad72e0eac,ec916a2a-c10c-4dc3-b59a-375c3c98fda2,0e9a3284-1e76-42e1-9c95-a1a6e41201eb,2025-06-15T02:00:26.108103,completada,,,,1bdf0817-be06-4519-a642-3dfde9b32f70,2025-06-15T02:00:26.108103,2025-06-15T02:00:26.108103
e9e228c1-0932-4554-8226-7244511bdbb0,cce2cb41-3b42-4d9a-b462-3f96da0ad493,d6f70c95-2281-4d1b-86ce-29ba140bc93c,2025-06-15T02:00:26.108103,completada,,,,edbfd6c8-4875-43e0-a975-79cb9562314a,2025-06-15T02:00:26.108103,2025-06-15T02:00:26.108103
e14ff08c-f157-4de1-892f-8ccafc713ac2,3a32cf70-346a-4c94-a93a-752f67826afd,c9bdb678-c5b2-4004-b813-68b4745942ca,2025-06-15T02:00:26.108103,pendiente,,,,04454813-a724-4138-a8bf-eb30d3364ee8,2025-06-15T02:00:26.108103,2025-06-15T02:00:26.108103
4ed27237-94c2-49e4-9370-a4993501028c,cce2cb41-3b42-4d9a-b462-3f96da0ad493,1fca5c1c-cbb4-4814-ad2b-df104ce54956,2025-06-15T02:00:26.108103,completada,,,,1bb4e136-094b-44e0-b55c-915e43898f00,2025-06-15T02:00:26.108103,2025-06-15T02:00:26.108103
14fa5f85-06fa-44f7-9538-63acb55dacfc,84aadf1d-cf47-40d2-8334-d0ecf86998a6,70d573f4-c60d-4f10-b1bf-06c473782203,2025-06-15T02:00:26.108103,completada,,,,b3b10d2f-06f7-4aac-bd9f-4f03962c9c22,2025-06-15T02:00:26.108103,2025-06-15T02:00:26.108103
e72c6837-29f8-43ec-a607-8ca5dff2ce1f,6f40ed65-1be2-41de-a328-8cd8682b7b0f,6a74a7e0-9486-495f-a5bb-1cc7de4e769e,2025-06-15T02:00:26.108103,pendiente,,,,d08f2a36-6095-4526-aa14-956ffea4d332,2025-06-15T02:00:26.108103,2025-06-15T02:00:26.108103
d2c98b90-2838-4c12-be5a-609fff0c6700,9bbfb9de-d359-420d-91d4-2cfd88a23caf,8f98c08f-06be-4d6c-9c4c-8bf0192d9985,2025-06-15T02:00:26.108103,completada,,,,8002ee3d-e935-48f7-a362-0e5bfbaaaf0b,2025-06-15T02:00:26.108103,2025-06-15T02:00:26.108103
c148b586-09dc-4020-9c29-07179e742c1d,6f40ed65-1be2-41de-a328-8cd8682b7b0f,d6f70c95-2281-4d1b-86ce-29ba140bc93c,2025-06-15T02:00:26.108103,completada,,,,b6d4663e-c52f-4b21-8ef3-a35c0588e0eb,2025-06-15T02:00:26.108103,2025-06-15T02:00:26.108103
8c2417bf-d83b-4765-8e85-156f8b00712a,048342d9-9534-4665-8fef-70a856fd4647,8369ee32-a457-47c4-bcd0-7134c02e0993,2025-06-15T02:00:26.108103,pendiente,,,,6fbd2e05-2b37-4ecb-ac3d-21e73890364a,2025-06-15T02:00:26.108103,2025-06-15T02:00:26.108103
6f65718f-b03b-4a63-906b-23bc487eee45,6f40ed65-1be2-41de-a328-8cd8682b7b0f,26713abd-588f-49e4-83bb-c4be8c50c518,2025-06-15T02:00:26.108103,pendiente,,,,aed98354-4672-4b28-b57c-d33bb629a9bb,2025-06-15T02:00:26.108103,2025-06-15T02:00:26.108103
83036321-2368-42d2-9b06-b6609fa7df99,84aadf1d-cf47-40d2-8334-d0ecf86998a6,27dc231e-8207-4cd0-a710-e5d138ef8bc2,2025-06-15T02:00:26.108103,pendiente,,,,a750f6e4-bb72-45b2-b68b-16bca67eba9e,2025-06-15T02:00:26.108103,2025-06-15T02:00:26.108103
053dc144-4087-4c85-ae92-9f824c903d5b,ec916a2a-c10c-4dc3-b59a-375c3c98fda2,b21fab0a-3d01-4f25-a62f-1dad05b5ec39,2025-06-15T02:00:26.108103,cancelada,,,,341e4789-c099-414c-93ea-9808dcc491e1,2025-06-15T02:00:26.108103,2025-06-15T02:00:26.108103
4406db36-3550-4597-a3a5-7047322592cd,84aadf1d-cf47-40d2-8334-d0ecf86998a6,98e6f282-ee6f-4552-b926-8bedc9277e14,2025-06-15T02:00:26.108103,pendiente,,,,62d8ec00-dca3-4764-859b-012bd46771de,2025-06-15T02:00:26.108103,2025-06-15T02:00:26.108103
01322fb8-08c4-41d0-ae81-b0ce8275ee8f,18e08150-7e64-4148-a421-5bffcbf76417,32aae54c-4c41-4aac-a8f1-7ad450d5c182,2025-06-15T02:00:26.108103,cancelada,,,,2b957c21-1f7a-4a35-ae53-99f43e82df4e,2025-06-15T02:00:26.108103,2025-06-15T02:00:26.108103
450a826f-74a9-4091-b436-593c0b5e8196,cce2cb41-3b42-4d9a-b462-3f96da0ad493,313e74c9-c15f-48ce-9c3c-8fe0bab3dade,2025-06-15T02:00:26.108103,cancelada,,,,e3532dc7-1f7e-49df-97c4-c55370e21533,2025-06-15T02:00:26.108103,2025-06-15T02:00:26.108103
7c48566c-3801-4c6c-8b60-68f2ff363ab2,18e08150-7e64-4148-a421-5bffcbf76417,d71c9716-af16-48e3-a010-6d3d0f8ba63e,2025-06-15T02:00:26.108103,pendiente,,,,62bb0798-427c-47ac-8cc4-a6a45c32ed60,2025-06-15T02:00:26.108103,2025-06-15T02:00:26.108103
e8b25982-645e-49fc-a746-95871b0c6aa9,84aadf1d-cf47-40d2-8334-d0ecf86998a6,958a96fd-df1c-4b2f-af15-eee3f985ede5,2025-06-15T02:00:26.108103,pendiente,,,,0d67c04f-753f-4494-ba89-c5070eab89f4,2025-06-15T02:00:26.108103,2025-06-15T02:00:26.108103
be7eb94f-7e3a-4537-b398-9b4a4af612e0,ec916a2a-c10c-4dc3-b59a-375c3c98fda2,5c97b1e8-2c81-4699-a18b-126f5a889b29,2025-06-15T02:00:26.108103,pendiente,,,,1bb4e136-094b-44e0-b55c-915e43898f00,2025-06-15T02:00:26.108103,2025-06-15T02:00:26.108103
31ebb9db-fcc4-4fd0-9119-dc0f1e4d6e91,18e08150-7e64-4148-a421-5bffcbf76417,300dba2f-9e12-463f-b380-aabd716ecd3b,2025-06-15T02:00:26.108103,pendiente,,,,6b1ffa82-229c-423a-a7a9-bf2acc6a6058,2025-06-15T02:00:26.108103,2025-06-15T02:00:26.108103
8922ad53-04f2-45ad-98f2-2ccee6d6ac13,cce2cb41-3b42-4d9a-b462-3f96da0ad493,ffb79f57-ab3d-494e-88e0-0f7ee9534aa6,2025-06-15T02:00:26.108103,cancelada,,,,bb41b5e5-1df5-4988-a105-d80ed8b5ec66,2025-06-15T02:00:26.108103,2025-06-15T02:00:26.108103
0b9db6a8-1bec-44e8-9e44-39345f86e1fc,3a32cf70-346a-4c94-a93a-752f67826afd,ec2ea81f-e84b-4bf2-a0d4-d5e9a6bd0b03,2025-06-15T02:00:26.108103,completada,,,,aeca82b4-60ef-4d6c-aa6b-4cd0709d7790,2025-06-15T02:00:26.108103,2025-06-15T02:00:26.108103
4c370dee-f7d1-4ade-9773-2a44c092fabd,6f40ed65-1be2-41de-a328-8cd8682b7b0f,eb1fa1e9-d06b-4261-908d-13e76a75c226,2025-06-15T02:00:26.108103,pendiente,,,,a945b39b-e65c-484c-9170-3c4a2c84fb2a,2025-06-15T02:00:26.108103,2025-06-15T02:00:26.108103
b589faf3-e4c8-4f74-80e9-29a0143fcd0b,cce2cb41-3b42-4d9a-b462-3f96da0ad493,76872232-7841-4abe-9266-f999a671a6f8,2025-06-15T02:00:26.108103,completada,,,,6961c6c7-5837-4fc0-99e4-52ffa09fd4dc,2025-06-15T02:00:26.108103,2025-06-15T02:00:26.108103
85c5641d-d6f9-4a21-ad1b-2cbc288a72da,9bbfb9de-d359-420d-91d4-2cfd88a23caf,d6389ad0-ce17-413c-a613-6e7f80c22557,2025-06-15T02:00:26.108103,cancelada,,,,a7d1ca70-c234-46ca-867c-d12be9bc0ce3,2025-06-15T02:00:26.108103,2025-06-15T02:00:26.108103
fe82e751-909d-4b7c-96e3-2446deacdba8,6f40ed65-1be2-41de-a328-8cd8682b7b0f,ab245e77-dbb0-4c8a-887b-34d188a6d2c0,2025-06-15T02:00:26.108103,completada,,,,68f86f0d-85a6-455e-9d69-3814539797f3,2025-06-15T02:00:26.108103,2025-06-15T02:00:26.108103
cc94c90a-43c4-438e-974e-361dccf60686,9bbfb9de-d359-420d-91d4-2cfd88a23caf,64269380-ee4f-4d64-ba8d-dfc7f6b7bf44,2025-06-15T02:00:26.108103,cancelada,,,,0f66fafe-cfb4-46e9-ae56-3d3114d7e4ef,2025-06-15T02:00:26.108103,2025-06-15T02:00:26.108103
e4bf1bfb-91a8-4a1e-affd-b14126082ec3,ec916a2a-c10c-4dc3-b59a-375c3c98fda2,4fd1d128-a869-428b-b219-bfbe0f301bee,2025-06-15T02:00:26.108103,pendiente,,,,87da2054-a6ee-45fa-8e7f-f6883b1146c4,2025-06-15T02:00:26.108103,2025-06-15T02:00:26.108103
d71ad577-3044-4a5f-945c-8675953714d6,048342d9-9534-4665-8fef-70a856fd4647,91f65af7-bbd9-4494-8c3d-a3b8bcdf9e19,2025-06-15T02:00:26.108103,cancelada,,,,62d8ec00-dca3-4764-859b-012bd46771de,2025-06-15T02:00:26.108103,2025-06-15T02:00:26.108103
152e0245-9ae2-4e05-aea2-5f5aebc0a868,18e08150-7e64-4148-a421-5bffcbf76417,ff832fea-1ac6-4a2f-8b96-5f67d2045156,2025-06-15T02:00:26.108103,pendiente,,,,a9a75a54-6600-4fd0-bce5-8817d2cec064,2025-06-15T02:00:26.108103,2025-06-15T02:00:26.108103
182dfdf5-b0b8-4c5b-b59a-6c11241cf435,048342d9-9534-4665-8fef-70a856fd4647,37245c6f-e2e8-4fa8-9f99-f53143a4ee3d,2025-06-15T02:00:26.108103,completada,,,,c8902c38-4cd5-4b6b-b943-4a35c949778b,2025-06-15T02:00:26.108103,2025-06-15T02:00:26.108103
c2060370-39be-436a-acf7-021d1086b5f1,18e08150-7e64-4148-a421-5bffcbf76417,ab73797a-a0e2-4e27-933a-382ad1960415,2025-06-15T02:00:26.108103,cancelada,,,,2182e116-ed92-47f1-9dd3-94901c0ebdca,2025-06-15T02:00:26.108103,2025-06-15T02:00:26.108103
fa8dab33-5991-4dc4-baff-4091fea8d3a8,048342d9-9534-4665-8fef-70a856fd4647,84b4dec3-2fdf-478c-ad7c-34917663b6e9,2025-06-15T02:00:26.108103,completada,,,,d1e3a3e5-49cc-40da-8bb2-23a10a498561,2025-06-15T02:00:26.108103,2025-06-15T02:00:26.108103
4b3ba689-4650-414e-9081-a4d4cec2aa5a,ec916a2a-c10c-4dc3-b59a-375c3c98fda2,f79de586-5620-45a2-beca-fe72ab2406fa,2025-06-15T02:00:26.108103,pendiente,,,,93f767bc-72fe-4c34-9e5a-4962fa458049,2025-06-15T02:00:26.108103,2025-06-15T02:00:26.108103
d2a8c24a-ec6b-42c3-badf-41ab2333c331,048342d9-9534-4665-8fef-70a856fd4647,3983c8a7-6165-413f-b567-7063f508c17c,2025-06-15T02:00:26.108103,completada,,,,2ae9bf25-2297-47ec-8382-69437c821d9c,2025-06-15T02:00:26.108103,2025-06-15T02:00:26.108103
4f402d9e-c193-426c-83ed-c13f8a25fc9d,9bbfb9de-d359-420d-91d4-2cfd88a23caf,161511e7-0f2f-4569-a6eb-86adf3820449,2025-06-15T02:00:26.108103,cancelada,,,,1e78bce4-4572-44a8-a756-12274f8a2087,2025-06-15T02:00:26.108103,2025-06-15T02:00:26.108103
b8efb752-9170-458d-90c5-e8a42140838f,84aadf1d-cf47-40d2-8334-d0ecf86998a6,e98eafeb-cc5b-4f23-8804-77a9fe1357e3,2025-06-15T02:00:26.108103,pendiente,,,,2086000d-ac79-499a-97fa-180228ee1b99,2025-06-15T02:00:26.108103,2025-06-15T02:00:26.108103
fc1a2c09-0e80-4db9-a352-07643f2e77c5,ec916a2a-c10c-4dc3-b59a-375c3c98fda2,300dba2f-9e12-463f-b380-aabd716ecd3b,2025-06-15T02:00:26.108103,completada,,,,012e1f6f-fa37-4b8a-a1d8-567df67eb17f,2025-06-15T02:00:26.108103,2025-06-15T02:00:26.108103
1e4ddb3b-ad68-4bc3-bb50-bd887f0efe8e,cce2cb41-3b42-4d9a-b462-3f96da0ad493,a13993ab-45d5-4e46-9abd-83b5714ea344,2025-06-15T02:00:26.108103,completada,,,,bb6075f9-a6f1-4bd7-aad8-279e09294e14,2025-06-15T02:00:26.108103,2025-06-15T02:00:26.108103
b03e2701-0f97-4ea6-bef7-4072a48743dc,3a32cf70-346a-4c94-a93a-752f67826afd,8638df49-1364-41a7-ba79-e6643e912ca4,2025-06-15T02:00:26.108103,pendiente,,,,f92eee4f-224a-4c67-9f82-f2e6b678fc71,2025-06-15T02:00:26.108103,2025-06-15T02:00:26.108103
53a45be4-a68c-4a54-9d8a-6a9d41ec8771,cce2cb41-3b42-4d9a-b462-3f96da0ad493,d7c0d5a3-9e87-4ef7-a649-565a79d22fc1,2025-06-15T02:00:26.108103,pendiente,,,,1de94061-d8ae-44cc-a99a-efd01957547b,2025-06-15T02:00:26.108103,2025-06-15T02:00:26.108103
9f183edd-afd3-45f3-b3e6-4fe8a6b17f14,3a32cf70-346a-4c94-a93a-752f67826afd,707ef963-2712-48d7-91f3-ad65061f8fc9,2025-06-15T02:00:26.108103,completada,,,,255f56b1-1902-4a55-92f0-8a38ce041c0d,2025-06-15T02:00:26.108103,2025-06-15T02:00:26.108103
188f80ba-5849-43b2-b458-8887c7061f84,9bbfb9de-d359-420d-91d4-2cfd88a23caf,f79de586-5620-45a2-beca-fe72ab2406fa,2025-06-15T02:00:26.108103,completada,,,,fa7cd5da-6a3b-4bbd-ad0d-641a08066441,2025-06-15T02:00:26.108103,2025-06-15T02:00:26.108103
2f90e68e-0a1a-47b3-93dd-d3d970080e31,9bbfb9de-d359-420d-91d4-2cfd88a23caf,43dbdb80-f4a0-4b83-816e-1b268de94d65,2025-06-15T02:00:26.108103,cancelada,,,,a267f7e2-5cda-4357-8eed-bf025a04840b,2025-06-15T02:00:26.108103,2025-06-15T02:00:26.108103
d6c1980d-13c1-4428-81c0-e18697a890b3,048342d9-9534-4665-8fef-70a856fd4647,fee75ce3-2840-4715-ad14-73aa3be68876,2025-06-15T02:00:26.108103,pendiente,,,,d08f2a36-6095-4526-aa14-956ffea4d332,2025-06-15T02:00:26.108103,2025-06-15T02:00:26.108103
04fb6626-3e66-4992-9168-5420b57b991d,84aadf1d-cf47-40d2-8334-d0ecf86998a6,fc11d5a3-7248-430f-a92d-a910a251e68e,2025-06-15T02:00:26.108103,completada,,,,9fda846e-5971-4281-a160-e1a20e91b452,2025-06-15T02:00:26.108103,2025-06-15T02:00:26.108103
7ee9af58-3678-4b89-a1ee-1da15a400b38,9bbfb9de-d359-420d-91d4-2cfd88a23caf,497349d1-0102-47bf-8a33-25c239530ea5,2025-06-15T02:00:26.108103,completada,,,,0f66fafe-cfb4-46e9-ae56-3d3114d7e4ef,2025-06-15T02:00:26.108103,2025-06-15T02:00:26.108103
13f9dcf0-5ad2-4b69-9725-27d43f18cca6,ec916a2a-c10c-4dc3-b59a-375c3c98fda2,c2a7be29-5088-4402-a4ce-9a1b2bbf7ff5,2025-06-15T02:00:26.108103,cancelada,,,,98a9ff6e-d00a-4452-abc7-72427036918c,2025-06-15T02:00:26.108103,2025-06-15T02:00:26.108103
29656b34-dabb-455c-bb7f-7414f586f5ac,6f40ed65-1be2-41de-a328-8cd8682b7b0f,cae72d84-2447-41d9-bd0f-c209c3d5c2be,2025-06-15T02:00:26.108103,cancelada,,,,47de10dd-7a53-4536-980b-5b0c31bc6e53,2025-06-15T02:00:26.108103,2025-06-15T02:00:26.108103
7db47c17-713b-4c82-9920-90712c71d78f,18e08150-7e64-4148-a421-5bffcbf76417,ea5e663c-b33c-4d18-a388-dceff9598f52,2025-06-15T02:00:26.108103,pendiente,,,,64b21638-2d9c-4a79-b060-a1a52c56ec42,2025-06-15T02:00:26.108103,2025-06-15T02:00:26.108103
fb91934f-2c4f-4ca8-b3d5-61c6466f25b0,6f40ed65-1be2-41de-a328-8cd8682b7b0f,707ef963-2712-48d7-91f3-ad65061f8fc9,2025-06-15T02:00:26.108103,cancelada,,,,b7e6a32a-f464-401d-8072-c04c442cc994,2025-06-15T02:00:26.108103,2025-06-15T02:00:26.108103
ec470504-7cfd-42b0-9f97-935e8a1d86f1,6f40ed65-1be2-41de-a328-8cd8682b7b0f,1aee7c47-fefe-4906-a355-b6e72117fef4,2025-06-15T02:00:26.108103,cancelada,,,,c7d5987e-2780-44d1-b126-4a89d5031a4a,2025-06-15T02:00:26.108103,2025-06-15T02:00:26.108103
d9a04927-4465-4abd-8adf-4ebb7a4dca82,84aadf1d-cf47-40d2-8334-d0ecf86998a6,2eee8c70-7ac2-4109-856f-9e5698f13794,2025-06-15T02:00:26.108103,completada,,,,980a0213-eff5-448b-bb11-8cf1f6af365f,2025-06-15T02:00:26.108103,2025-06-15T02:00:26.108103
682c192a-dad9-49d7-95b0-1566228123c6,048342d9-9534-4665-8fef-70a856fd4647,9e2081ca-8843-4d8a-a0b0-bc2425736069,2025-06-15T02:00:26.108103,pendiente,,,,8c87aef2-515a-4ef7-a19e-f8b676632ecc,2025-06-15T02:00:26.108103,2025-06-15T02:00:26.108103
094430a2-c1f7-46ce-902c-1ccb7a751414,9bbfb9de-d359-420d-91d4-2cfd88a23caf,340d4655-9af1-4438-8474-0d70afac807e,2025-06-15T02:00:26.108103,cancelada,,,,94d07940-bb17-4c73-b5fd-9514fe79f75a,2025-06-15T02:00:26.108103,2025-06-15T02:00:26.108103
e8a8030f-f3f2-4865-8704-bc46032d913f,cce2cb41-3b42-4d9a-b462-3f96da0ad493,f0e3c66b-8fd0-4f71-a396-241df9502712,2025-06-15T02:00:26.109103,pendiente,,,,48c7f3d9-fda0-43cb-a35e-a838ce156652,2025-06-15T02:00:26.109103,2025-06-15T02:00:26.109103
3d658616-d44c-44c9-bcf7-1e540422777a,ec916a2a-c10c-4dc3-b59a-375c3c98fda2,342d1d68-52bd-4301-840e-40702f66d9b0,2025-06-15T02:00:26.109103,completada,,,,5fc01c57-1988-4d64-bd41-6a3e4cf66f6d,2025-06-15T02:00:26.109103,2025-06-15T02:00:26.109103
27fd9022-c6dc-4ae8-bc29-08ffd45a16b6,18e08150-7e64-4148-a421-5bffcbf76417,424d6cd7-bf50-4b26-abe6-259835f10c6e,2025-06-15T02:00:26.109103,completada,,,,a267f7e2-5cda-4357-8eed-bf025a04840b,2025-06-15T02:00:26.109103,2025-06-15T02:00:26.109103
8925c78d-416d-4054-a2c8-6e1cf8287ced,9bbfb9de-d359-420d-91d4-2cfd88a23caf,8d538381-f8e7-4966-9a7d-75a053b64e03,2025-06-15T02:00:26.109103,pendiente,,,,23ce0f6b-f885-4038-a41c-651058d9ba00,2025-06-15T02:00:26.109103,2025-06-15T02:00:26.109103
574dba92-51ff-499e-8129-18e223e06d12,cce2cb41-3b42-4d9a-b462-3f96da0ad493,c27d113d-959d-4496-a042-d71fa91c3239,2025-06-15T02:00:26.109103,cancelada,,,,7de32d27-2d24-462c-aefc-7f9b7e35c8c0,2025-06-15T02:00:26.109103,2025-06-15T02:00:26.109103
c43b15b4-8568-4474-911f-b809c10d99d7,cce2cb41-3b42-4d9a-b462-3f96da0ad493,ffc91a76-fbdb-464a-86b0-0ec6c5667748,2025-06-15T02:00:26.109103,completada,,,,ecf7af2d-adc1-4d74-b30d-72e126939c81,2025-06-15T02:00:26.109103,2025-06-15T02:00:26.109103
9c97c529-846c-457b-8c2a-753e711776bf,6f40ed65-1be2-41de-a328-8cd8682b7b0f,707ef963-2712-48d7-91f3-ad65061f8fc9,2025-06-15T02:00:26.109103,cancelada,,,,da9232af-11a6-4fcc-bb94-4f4ab4867d0f,2025-06-15T02:00:26.109103,2025-06-15T02:00:26.109103
6b2f21a8-665e-4233-9b1e-f565ce12dc75,18e08150-7e64-4148-a421-5bffcbf76417,c2a7be29-5088-4402-a4ce-9a1b2bbf7ff5,2025-06-15T02:00:26.109103,pendiente,,,,33aab399-e785-46e1-a6e2-d9f10c74d37c,2025-06-15T02:00:26.109103,2025-06-15T02:00:26.109103
00821e71-5c68-4416-81d0-b8748daa1edc,3a32cf70-346a-4c94-a93a-752f67826afd,69bc38d4-e4aa-4330-ad1b-8d7ac9adf282,2025-06-15T02:00:26.109103,pendiente,,,,dbc7fa0e-574e-4470-bde3-f01834ecf7d3,2025-06-15T02:00:26.109103,2025-06-15T02:00:26.109103
897f014e-927c-4d52-8154-07f9e5574d2e,cce2cb41-3b42-4d9a-b462-3f96da0ad493,4425e250-3f5f-40c0-a45d-ef7b396b0ba2,2025-06-15T02:00:26.109103,completada,,,,10c78db6-cb1a-42e2-811e-605998eb8135,2025-06-15T02:00:26.109103,2025-06-15T02:00:26.109103
fdf16c2d-a7ca-4df0-91c1-cf5137b5079d,9bbfb9de-d359-420d-91d4-2cfd88a23caf,ea5e663c-b33c-4d18-a388-dceff9598f52,2025-06-15T02:00:26.109103,pendiente,,,,22b9fa98-65b9-49c9-9f84-c71cfdd32ccd,2025-06-15T02:00:26.109103,2025-06-15T02:00:26.109103
641ae9db-b78b-4cc8-a7ec-8330be53b95d,cce2cb41-3b42-4d9a-b462-3f96da0ad493,c1ce271d-30ce-4197-beb0-e38ac09d0579,2025-06-15T02:00:26.109103,completada,,,,8832e893-2939-4123-8c7d-e8e4e65f49c0,2025-06-15T02:00:26.109103,2025-06-15T02:00:26.109103
a9001c32-45ae-4fa1-8726-73d74a49f87d,3a32cf70-346a-4c94-a93a-752f67826afd,e1e13edc-4276-4517-9cb2-c60e686f9bac,2025-06-15T02:00:26.109103,cancelada,,,,2ae9bf25-2297-47ec-8382-69437c821d9c,2025-06-15T02:00:26.109103,2025-06-15T02:00:26.109103
c36d5c9f-9d75-4ee2-9bf9-3518029ab71b,9bbfb9de-d359-420d-91d4-2cfd88a23caf,f2e1c665-ea6e-46cc-a41e-ebd49fa13e0b,2025-06-15T02:00:26.109103,completada,,,,b15318a6-32de-42c9-a93d-0d2970e411d0,2025-06-15T02:00:26.109103,2025-06-15T02:00:26.109103
97d1dac6-2da8-42a3-b899-04c876d6ec5f,18e08150-7e64-4148-a421-5bffcbf76417,63de5fda-90c0-4c72-b0b2-a82e92e65117,2025-06-15T02:00:26.109103,cancelada,,,,65ba26fd-ccc6-4bb5-91d3-f25b1bf63b52,2025-06-15T02:00:26.109103,2025-06-15T02:00:26.109103
facc5c80-9880-4946-8990-b2b3cc05f570,84aadf1d-cf47-40d2-8334-d0ecf86998a6,dd2908f0-43ca-459f-9bd2-8c6791b97d77,2025-06-15T02:00:26.109103,completada,,,,c7d5987e-2780-44d1-b126-4a89d5031a4a,2025-06-15T02:00:26.109103,2025-06-15T02:00:26.109103
423909af-2f37-467c-863d-d3d7d3cf5617,ec916a2a-c10c-4dc3-b59a-375c3c98fda2,a059aa7d-5870-447e-85a5-a962d1ef0176,2025-06-15T02:00:26.109103,cancelada,,,,05864a0e-6367-45f9-832d-d92035053f0b,2025-06-15T02:00:26.109103,2025-06-15T02:00:26.109103
5e2c7094-a281-48a1-b70f-3f2944287052,9bbfb9de-d359-420d-91d4-2cfd88a23caf,cb75f495-50d2-462b-a62c-777370c33cc8,2025-06-15T02:00:26.109103,pendiente,,,,a1c3fa4e-0aa5-47ca-90a6-b2f4b01836d2,2025-06-15T02:00:26.109103,2025-06-15T02:00:26.109103
dde51a7a-5bca-449b-bf13-c75de6b8dcac,3a32cf70-346a-4c94-a93a-752f67826afd,99adc527-ee60-4295-b370-bfe4e910fe22,2025-06-15T02:00:26.109103,completada,,,,f92eee4f-224a-4c67-9f82-f2e6b678fc71,2025-06-15T02:00:26.109103,2025-06-15T02:00:26.109103
7186a075-8f7e-47dc-b51a-adcff62c7812,9bbfb9de-d359-420d-91d4-2cfd88a23caf,424d6cd7-bf50-4b26-abe6-259835f10c6e,2025-06-15T02:00:26.109103,cancelada,,,,b6d4663e-c52f-4b21-8ef3-a35c0588e0eb,2025-06-15T02:00:26.109103,2025-06-15T02:00:26.109103
6a4f7623-2a3a-40ed-bc8f-d8c1678dac61,048342d9-9534-4665-8fef-70a856fd4647,3d12d450-ab72-4396-ae4d-7b4b48ed54aa,2025-06-15T02:00:26.109103,completada,,,,18f37ec2-2b0c-4f45-ba03-3c3888951cb3,2025-06-15T02:00:26.109103,2025-06-15T02:00:26.109103
09696c8a-46b7-47fd-b229-df2ec61698e0,84aadf1d-cf47-40d2-8334-d0ecf86998a6,481be87c-aa2a-4ee2-940d-e6c0a0583a38,2025-06-15T02:00:26.109103,pendiente,,,,c1ee89d1-98a1-4254-92fb-45ed0a80a21a,2025-06-15T02:00:26.109103,2025-06-15T02:00:26.109103
0c823f5b-8b09-4fb0-8b1e-1f366568769e,6f40ed65-1be2-41de-a328-8cd8682b7b0f,9cbb24cd-cecd-4a85-ae6b-d3bbee01570f,2025-06-15T02:00:26.109103,cancelada,,,,992fde67-0430-4cc8-9153-2bdf6d70ad8c,2025-06-15T02:00:26.109103,2025-06-15T02:00:26.109103
80ca2080-cf4f-4528-b6ab-4b8b5b84d053,3a32cf70-346a-4c94-a93a-752f67826afd,5e8037e9-71d6-4a68-bd5b-815f5677fb0b,2025-06-15T02:00:26.109103,completada,,,,491d02c8-f973-494a-b665-2e71f03ea154,2025-06-15T02:00:26.109103,2025-06-15T02:00:26.109103
d0705dff-8899-4884-9ebc-69d128d531cf,6f40ed65-1be2-41de-a328-8cd8682b7b0f,b21fab0a-3d01-4f25-a62f-1dad05b5ec39,2025-06-15T02:00:26.109103,cancelada,,,,38383a19-1f81-4a0f-ae49-4d01f5201057,2025-06-15T02:00:26.109103,2025-06-15T02:00:26.109103
7a403ac5-b302-47e7-b1f2-5b84e182b1f3,048342d9-9534-4665-8fef-70a856fd4647,06a4b920-2d83-452e-ac4a-961ba0dc0425,2025-06-15T02:00:26.109103,completada,,,,62d8ec00-dca3-4764-859b-012bd46771de,2025-06-15T02:00:26.109103,2025-06-15T02:00:26.109103
6d4dff41-6996-44ad-9464-38ef4a9f2e55,3a32cf70-346a-4c94-a93a-752f67826afd,0190be6c-bcc5-4c09-b46d-e3fc91706dfe,2025-06-15T02:00:26.109103,completada,,,,43a1687d-d198-49d4-9a75-d6a72d9314d7,2025-06-15T02:00:26.109103,2025-06-15T02:00:26.109103
1f19996b-b846-479a-bc90-9360700f014d,ec916a2a-c10c-4dc3-b59a-375c3c98fda2,ec2ea81f-e84b-4bf2-a0d4-d5e9a6bd0b03,2025-06-15T02:00:26.109103,pendiente,,,,b123ef6e-e91b-4a2a-b976-0ea4820a82cf,2025-06-15T02:00:26.109103,2025-06-15T02:00:26.109103
191742e0-7333-4a08-8098-6b387b130510,6f40ed65-1be2-41de-a328-8cd8682b7b0f,775fdc56-325a-464a-9c7c-3deb15cd1886,2025-06-15T02:00:26.109103,completada,,,,04c3408c-a221-4c3b-866a-7779fbd0169e,2025-06-15T02:00:26.109103,2025-06-15T02:00:26.109103
236c8152-9025-4dc0-980e-f63438208846,cce2cb41-3b42-4d9a-b462-3f96da0ad493,2540f804-8e5d-4b67-88d5-f55e4a494d55,2025-06-15T02:00:26.109103,completada,,,,1bb4e136-094b-44e0-b55c-915e43898f00,2025-06-15T02:00:26.109103,2025-06-15T02:00:26.109103
af47d7b7-a70a-4776-a412-6c1172e495d9,cce2cb41-3b42-4d9a-b462-3f96da0ad493,b11aadbd-d90f-474c-8787-6343c89975c1,2025-06-15T02:00:26.109103,completada,,,,83899fb4-104d-425c-9cf8-7836da1bb9bd,2025-06-15T02:00:26.109103,2025-06-15T02:00:26.109103
e5fed29f-7f05-4479-a811-f2930dd3c5f7,6f40ed65-1be2-41de-a328-8cd8682b7b0f,176b87d7-0bf5-464c-9de4-4c795f0ef336,2025-06-15T02:00:26.109103,cancelada,,,,7e98eb42-a21b-406a-94d1-77e37f2da4b2,2025-06-15T02:00:26.109103,2025-06-15T02:00:26.109103
ec8ed08b-2243-4354-a1ba-2541f5173cc7,18e08150-7e64-4148-a421-5bffcbf76417,fe0ed0da-2411-450b-85a1-dd7ef077564c,2025-06-15T02:00:26.109103,cancelada,,,,7155d23f-1105-44c8-a354-cf3cf062209b,2025-06-15T02:00:26.109103,2025-06-15T02:00:26.109103
4a7ac489-27a3-49d5-a63b-e2d8cdc14e06,3a32cf70-346a-4c94-a93a-752f67826afd,98e6f282-ee6f-4552-b926-8bedc9277e14,2025-06-15T02:00:26.109103,cancelada,,,,491d02c8-f973-494a-b665-2e71f03ea154,2025-06-15T02:00:26.109103,2025-06-15T02:00:26.109103
b97087ee-3c39-4875-b8be-7381c15d6b4f,3a32cf70-346a-4c94-a93a-752f67826afd,775fdc56-325a-464a-9c7c-3deb15cd1886,2025-06-15T02:00:26.109103,pendiente,,,,905844cc-6b4d-4286-90bc-1bd613f6f0c7,2025-06-15T02:00:26.109103,2025-06-15T02:00:26.109103
cf542903-eaa2-46a5-a8ff-9919458a85d8,9bbfb9de-d359-420d-91d4-2cfd88a23caf,4fd1d128-a869-428b-b219-bfbe0f301bee,2025-06-15T02:00:26.109103,cancelada,,,,4f89c4db-8beb-4906-bc45-a26dd8dee60d,2025-06-15T02:00:26.109103,2025-06-15T02:00:26.109103
0248a9d5-35f8-4843-9823-18ac99b835b1,048342d9-9534-4665-8fef-70a856fd4647,26358019-2575-4fa2-9887-6fb4f7774e47,2025-06-15T02:00:26.109103,cancelada,,,,992fde67-0430-4cc8-9153-2bdf6d70ad8c,2025-06-15T02:00:26.109103,2025-06-15T02:00:26.109103
0795fd9e-6eff-4c6c-9be6-fa1d1d3c44b7,18e08150-7e64-4148-a421-5bffcbf76417,d96ab3b7-7e0e-4501-b44b-31c132a34bd3,2025-06-15T02:00:26.109103,cancelada,,,,8b807d81-4ef1-48ab-99b8-4028fdc8a301,2025-06-15T02:00:26.109103,2025-06-15T02:00:26.109103
2d4f757d-7066-43f5-baaf-92f82897609f,84aadf1d-cf47-40d2-8334-d0ecf86998a6,5791569d-38d9-4030-ad40-aa8b9fbd15cc,2025-06-15T02:00:26.109103,completada,,,,a267f7e2-5cda-4357-8eed-bf025a04840b,2025-06-15T02:00:26.109103,2025-06-15T02:00:26.109103
4cf5db8f-46fc-4f4c-b87a-68f8a5bada3c,84aadf1d-cf47-40d2-8334-d0ecf86998a6,56c6189d-9412-4e39-9ea0-ec96463d5622,2025-06-15T02:00:26.109103,completada,,,,f92eee4f-224a-4c67-9f82-f2e6b678fc71,2025-06-15T02:00:26.109103,2025-06-15T02:00:26.109103
7f4ad934-87b4-4d1e-8888-2755a1a9ac2a,048342d9-9534-4665-8fef-70a856fd4647,824658e2-b1e0-438d-9860-afb580e69ac8,2025-06-15T02:00:26.109103,pendiente,,,,897fd960-2feb-4f58-8121-684575a2ad4a,2025-06-15T02:00:26.109103,2025-06-15T02:00:26.109103
06295d51-d42f-4a0e-be3a-d9443f301c4a,6f40ed65-1be2-41de-a328-8cd8682b7b0f,71ac6874-0963-450f-9c9f-44d865459c3e,2025-06-15T02:00:26.109103,pendiente,,,,7644961a-69fc-476b-ab70-d124e22979cc,2025-06-15T02:00:26.109103,2025-06-15T02:00:26.109103
98bd049c-4f3b-474b-944a-9d8623796a31,3a32cf70-346a-4c94-a93a-752f67826afd,90fa6237-27cf-4b92-b774-c4c4fdb9f5e7,2025-06-15T02:00:26.109103,completada,,,,38383a19-1f81-4a0f-ae49-4d01f5201057,2025-06-15T02:00:26.109103,2025-06-15T02:00:26.109103
eea4b676-9e59-4263-ac2c-90fa4476337e,84aadf1d-cf47-40d2-8334-d0ecf86998a6,d7c0d5a3-9e87-4ef7-a649-565a79d22fc1,2025-06-15T02:00:26.109103,completada,,,,7e98eb42-a21b-406a-94d1-77e37f2da4b2,2025-06-15T02:00:26.109103,2025-06-15T02:00:26.109103
b071fa5b-8fb7-4661-b5f7-203203472eb3,18e08150-7e64-4148-a421-5bffcbf76417,211ba499-d814-468e-aa1b-c19386da803c,2025-06-15T02:00:26.109103,completada,,,,04c3408c-a221-4c3b-866a-7779fbd0169e,2025-06-15T02:00:26.109103,2025-06-15T02:00:26.109103
83c47344-a601-44f4-a95c-55062bc886ec,84aadf1d-cf47-40d2-8334-d0ecf86998a6,e1e13edc-4276-4517-9cb2-c60e686f9bac,2025-06-15T02:00:26.109103,completada,,,,a8fa61ec-64d0-42ff-b398-31dc71103109,2025-06-15T02:00:26.109103,2025-06-15T02:00:26.109103
e180764e-c370-4b02-af51-cf8366b46535,cce2cb41-3b42-4d9a-b462-3f96da0ad493,af7f1481-56f8-404d-9cc9-9c4127de250e,2025-06-15T02:00:26.109103,pendiente,,,,341e4789-c099-414c-93ea-9808dcc491e1,2025-06-15T02:00:26.109103,2025-06-15T02:00:26.109103
4c8bea61-a225-4e50-9ba9-69319ac11779,9bbfb9de-d359-420d-91d4-2cfd88a23caf,1881e4cd-7c8d-4a25-a4eb-2574558dc79f,2025-06-15T02:00:26.109103,pendiente,,,,d5132872-9f32-4c68-8a9e-25f81dcfea75,2025-06-15T02:00:26.109103,2025-06-15T02:00:26.109103
4dd9e7c5-774b-4396-8101-a89d80e0442e,048342d9-9534-4665-8fef-70a856fd4647,3940ac26-5d3b-438a-bc04-a8745801694c,2025-06-15T02:00:26.109103,completada,,,,81e6a1b6-2da4-403f-bab9-b9a7fcde9cb9,2025-06-15T02:00:26.109103,2025-06-15T02:00:26.109103
c434a4c8-143e-42b4-9c26-d2126134ff2a,18e08150-7e64-4148-a421-5bffcbf76417,43dae8a1-57fd-468a-8dfd-f570b5b1f9c4,2025-06-15T02:00:26.109103,completada,,,,0f203a35-3609-47f0-b13f-886544ab102a,2025-06-15T02:00:26.109103,2025-06-15T02:00:26.109103
4417e10c-4eae-4d48-9fa1-5f397c310eab,3a32cf70-346a-4c94-a93a-752f67826afd,d96ab3b7-7e0e-4501-b44b-31c132a34bd3,2025-06-15T02:00:26.109103,cancelada,,,,da9232af-11a6-4fcc-bb94-4f4ab4867d0f,2025-06-15T02:00:26.109103,2025-06-15T02:00:26.109103
49dabd64-bd28-4651-b6b0-06a07c250ab5,cce2cb41-3b42-4d9a-b462-3f96da0ad493,4fd1d128-a869-428b-b219-bfbe0f301bee,2025-06-15T02:00:26.109103,pendiente,,,,408cdddf-d6f4-4813-83c0-8c7cf4d38480,2025-06-15T02:00:26.109103,2025-06-15T02:00:26.109103
c1f00c11-9eed-461c-a1ae-59e0b1be5974,ec916a2a-c10c-4dc3-b59a-375c3c98fda2,00f2064c-8561-49fd-b999-160a360f3215,2025-06-15T02:00:26.109103,completada,,,,23ce0f6b-f885-4038-a41c-651058d9ba00,2025-06-15T02:00:26.109103,2025-06-15T02:00:26.109103
bbfe92d7-0598-47cc-8175-7c2e85783c4a,84aadf1d-cf47-40d2-8334-d0ecf86998a6,2c498ddd-fdf6-4406-8e82-b4572a205946,2025-06-15T02:00:26.109103,pendiente,,,,2ae9bf25-2297-47ec-8382-69437c821d9c,2025-06-15T02:00:26.109103,2025-06-15T02:00:26.109103
42437ba1-329c-44f0-a592-be21bc3a3b55,18e08150-7e64-4148-a421-5bffcbf76417,32aae54c-4c41-4aac-a8f1-7ad450d5c182,2025-06-15T02:00:26.109103,pendiente,,,,ba4ee03e-8a5a-4ae0-adbd-fa8a636c4d8f,2025-06-15T02:00:26.109103,2025-06-15T02:00:26.109103
bb3d5a38-802f-4f3e-bcb7-02cd4c04dd12,18e08150-7e64-4148-a421-5bffcbf76417,4dcbc702-28ad-4e13-8757-f39a37af0157,2025-06-15T02:00:26.109103,completada,,,,8ad73c94-c6fc-4564-b799-d6c29d02daf0,2025-06-15T02:00:26.109103,2025-06-15T02:00:26.109103
a0771bad-920a-48d0-8ecb-ed8de8d836fe,ec916a2a-c10c-4dc3-b59a-375c3c98fda2,edd15fdc-1a58-4010-ad53-fc95782a06f0,2025-06-15T02:00:26.109103,completada,,,,e24e7796-5d1c-4092-b8ea-b98824f531dd,2025-06-15T02:00:26.109103,2025-06-15T02:00:26.109103
d5df1952-2555-4fd6-adae-9b1bbeb349ae,3a32cf70-346a-4c94-a93a-752f67826afd,ac356e7f-d481-4806-8bb5-c4eb89cf58f7,2025-06-15T02:00:26.109103,pendiente,,,,37571669-77d7-4d2b-9ea2-28d176bd639d,2025-06-15T02:00:26.109103,2025-06-15T02:00:26.109103
af000164-3304-4583-bb5b-22c9bcd996a0,9bbfb9de-d359-420d-91d4-2cfd88a23caf,2aa21b82-d67d-470d-bee8-30a139eab0e5,2025-06-15T02:00:26.109103,pendiente,,,,566509bc-5bfb-4711-87f6-5344c154d2ab,2025-06-15T02:00:26.109103,2025-06-15T02:00:26.109103
4e9c6c91-f2ae-4143-9016-f729f7126409,18e08150-7e64-4148-a421-5bffcbf76417,9cbb24cd-cecd-4a85-ae6b-d3bbee01570f,2025-06-15T02:00:26.109103,pendiente,,,,57b204e0-a999-40f2-a523-509e5f819f94,2025-06-15T02:00:26.109103,2025-06-15T02:00:26.109103
2c21ee09-796b-4d15-af12-bda61997fc2d,3a32cf70-346a-4c94-a93a-752f67826afd,5dc4ffbb-4321-4219-aaf9-f3719ed232cb,2025-06-15T02:00:26.109103,pendiente,,,,b123ef6e-e91b-4a2a-b976-0ea4820a82cf,2025-06-15T02:00:26.109103,2025-06-15T02:00:26.109103
1a5632e4-e408-485f-9a2f-478309ab12fd,6f40ed65-1be2-41de-a328-8cd8682b7b0f,64f27c09-ab72-4f96-bf71-2327f2662475,2025-06-15T02:00:26.109103,pendiente,,,,f0ca2716-4e67-4c64-9f2c-e9609c8e0157,2025-06-15T02:00:26.109103,2025-06-15T02:00:26.109103
bdeff7a3-c3b1-4aa0-80d1-eb281b94cf09,cce2cb41-3b42-4d9a-b462-3f96da0ad493,a40d8039-d807-44a8-94de-e9bd1d8c7c68,2025-06-15T02:00:26.110103,cancelada,,,,04454813-a724-4138-a8bf-eb30d3364ee8,2025-06-15T02:00:26.110103,2025-06-15T02:00:26.110103
42d454bc-9ba0-4a9e-9232-65b1b12ef49e,ec916a2a-c10c-4dc3-b59a-375c3c98fda2,645067ab-7f47-43d9-a1fb-2fc26e734a8a,2025-06-15T02:00:26.110103,pendiente,,,,6c2f08c3-ef2f-49fa-a048-e046e82b5e2c,2025-06-15T02:00:26.110103,2025-06-15T02:00:26.110103
6348cf71-d4e3-4c02-b66e-2a33740cca2f,9bbfb9de-d359-420d-91d4-2cfd88a23caf,a13993ab-45d5-4e46-9abd-83b5714ea344,2025-06-15T02:00:26.110103,completada,,,,9ef1c693-8ffb-4ef1-8675-76c96f803fd0,2025-06-15T02:00:26.110103,2025-06-15T02:00:26.110103
3433c8af-83a0-4bc3-a743-12678b58f64e,3a32cf70-346a-4c94-a93a-752f67826afd,e39b5846-e8cf-4d74-811a-04f5d5e9c89d,2025-06-15T02:00:26.110103,completada,,,,3109ec84-2b73-481e-843b-badc3f9a36da,2025-06-15T02:00:26.110103,2025-06-15T02:00:26.110103
275c50c7-7f6b-4c5d-b8aa-f3da7e11970a,cce2cb41-3b42-4d9a-b462-3f96da0ad493,8b14115f-904b-436a-bc8d-60a2276d3d70,2025-06-15T02:00:26.110103,completada,,,,b4ac7e45-7140-4afc-97bd-4c392d082f1d,2025-06-15T02:00:26.110103,2025-06-15T02:00:26.110103
be656c02-26e6-4832-bbc6-938dfc22dd0f,9bbfb9de-d359-420d-91d4-2cfd88a23caf,61c01d60-89cc-4372-9151-fc7820a42a08,2025-06-15T02:00:26.110103,cancelada,,,,22c5ac7d-360d-4536-883f-4460395a4cc2,2025-06-15T02:00:26.110103,2025-06-15T02:00:26.110103
4fa04af0-cefe-46f3-96e7-ac4c142960da,9bbfb9de-d359-420d-91d4-2cfd88a23caf,9e2081ca-8843-4d8a-a0b0-bc2425736069,2025-06-15T02:00:26.110103,cancelada,,,,8ad73c94-c6fc-4564-b799-d6c29d02daf0,2025-06-15T02:00:26.110103,2025-06-15T02:00:26.110103
2535c21a-332c-48eb-90df-163320973764,9bbfb9de-d359-420d-91d4-2cfd88a23caf,9bcb8be0-3847-4e5a-a231-089901f9e5c1,2025-06-15T02:00:26.110103,completada,,,,46b49222-56aa-4a5c-8f6c-0b526216f123,2025-06-15T02:00:26.110103,2025-06-15T02:00:26.110103
23175f28-3a11-4b31-bf5e-1ff5ef4866ae,6f40ed65-1be2-41de-a328-8cd8682b7b0f,2ad8c2fd-4258-4dd1-aff6-9b3ebc320af0,2025-06-15T02:00:26.110103,cancelada,,,,98b3bdde-0182-47b6-8156-832d548c23ca,2025-06-15T02:00:26.110103,2025-06-15T02:00:26.110103
93cc1351-5e9f-4daf-8546-bc98b0518040,84aadf1d-cf47-40d2-8334-d0ecf86998a6,b6491079-787c-4e13-b909-2ab7303d55cc,2025-06-15T02:00:26.110103,completada,,,,c4e6e732-700c-4b32-a966-cf8e390d2c36,2025-06-15T02:00:26.110103,2025-06-15T02:00:26.110103
6bff2415-cf92-45d4-ac6b-de0c21f5de66,3a32cf70-346a-4c94-a93a-752f67826afd,166ffb4e-3dc0-455c-b782-8abf26479433,2025-06-15T02:00:26.110103,completada,,,,d8eb275d-ed1a-4d13-b68f-d6b8d9a9bddb,2025-06-15T02:00:26.110103,2025-06-15T02:00:26.110103
82ee1ec5-c42c-4013-8f51-52d7cf494610,3a32cf70-346a-4c94-a93a-752f67826afd,ea5e663c-b33c-4d18-a388-dceff9598f52,2025-06-15T02:00:26.110103,pendiente,,,,fb23146d-89a5-449c-9920-b0b4fad43526,2025-06-15T02:00:26.110103,2025-06-15T02:00:26.110103
dff2dcbf-1dcb-4a19-9bbd-7fdbc8f41724,9bbfb9de-d359-420d-91d4-2cfd88a23caf,54227fb2-eabe-407b-bafa-475233c6572b,2025-06-15T02:00:26.110103,completada,,,,d775e9b5-8e60-4aa4-96a0-f1e99a0a9eed,2025-06-15T02:00:26.110103,2025-06-15T02:00:26.110103
90e0d9f2-0617-4e70-9263-bfb76c3098b2,84aadf1d-cf47-40d2-8334-d0ecf86998a6,635e34cf-a03e-4725-8dd7-ecbcf1809c09,2025-06-15T02:00:26.110103,pendiente,,,,aed98354-4672-4b28-b57c-d33bb629a9bb,2025-06-15T02:00:26.110103,2025-06-15T02:00:26.110103
1f8d26e8-8afc-4d06-9a0d-cf1ace717b14,84aadf1d-cf47-40d2-8334-d0ecf86998a6,fee75ce3-2840-4715-ad14-73aa3be68876,2025-06-15T02:00:26.110103,cancelada,,,,43f87f61-db49-4fa5-8feb-4bc76baf4863,2025-06-15T02:00:26.110103,2025-06-15T02:00:26.110103
b64183d4-52ab-4fb6-b71c-eba3058e2fe2,cce2cb41-3b42-4d9a-b462-3f96da0ad493,b6491079-787c-4e13-b909-2ab7303d55cc,2025-06-15T02:00:26.110103,cancelada,,,,3935b9de-a5f4-4ae9-8d82-a6a5f8f91e82,2025-06-15T02:00:26.110103,2025-06-15T02:00:26.110103
592d7bd4-93c4-43f0-88d1-b72a806237a6,84aadf1d-cf47-40d2-8334-d0ecf86998a6,1d5c27b1-9adb-45ad-b89b-742e10afc1ab,2025-06-15T02:00:26.110103,cancelada,,,,ddaa9f94-fe6f-43d2-9de6-7ae537897673,2025-06-15T02:00:26.110103,2025-06-15T02:00:26.110103
8c55be6c-8d64-4c0e-ad24-12ac6262a280,cce2cb41-3b42-4d9a-b462-3f96da0ad493,43dbdb80-f4a0-4b83-816e-1b268de94d65,2025-06-15T02:00:26.110103,completada,,,,6b5d2d15-ac34-475b-9b02-2cbf809957db,2025-06-15T02:00:26.110103,2025-06-15T02:00:26.110103
ad150f6a-d530-4c30-ae4b-27384e91673a,6f40ed65-1be2-41de-a328-8cd8682b7b0f,e1cd2056-ddc1-4203-9d6d-911eee509c13,2025-06-15T02:00:26.110103,pendiente,,,,2182e116-ed92-47f1-9dd3-94901c0ebdca,2025-06-15T02:00:26.110103,2025-06-15T02:00:26.110103
a6a4a2d3-c1e8-407e-a462-4aa161a39a6c,9bbfb9de-d359-420d-91d4-2cfd88a23caf,3e9fd66d-02e4-48a1-807c-483ea7130da4,2025-06-15T02:00:26.110103,cancelada,,,,57b204e0-a999-40f2-a523-509e5f819f94,2025-06-15T02:00:26.110103,2025-06-15T02:00:26.110103
ec2bdc14-6a69-4537-964d-4f436637009c,048342d9-9534-4665-8fef-70a856fd4647,26713abd-588f-49e4-83bb-c4be8c50c518,2025-06-15T02:00:26.110103,pendiente,,,,48a0b37f-605e-4fe9-9344-2a2ee83b28de,2025-06-15T02:00:26.110103,2025-06-15T02:00:26.110103
dbeb999c-4129-4278-8db1-5d202c9f2f3e,3a32cf70-346a-4c94-a93a-752f67826afd,810195da-8f81-4eb5-8540-15b843d18f0d,2025-06-15T02:00:26.110103,pendiente,,,,706265ef-4c3f-4d5b-aa72-ace57754ded8,2025-06-15T02:00:26.110103,2025-06-15T02:00:26.110103
081f6c67-667a-4ee6-9b08-ac055c765c3a,3a32cf70-346a-4c94-a93a-752f67826afd,d2a4a449-9a1c-43ea-8f0e-89fd2177d4a5,2025-06-15T02:00:26.110103,cancelada,,,,cf7be525-e6f8-4428-8dc1-c4ebbfadf61f,2025-06-15T02:00:26.110103,2025-06-15T02:00:26.110103
12d90042-86a1-4c30-8ea0-547067617577,9bbfb9de-d359-420d-91d4-2cfd88a23caf,340d4655-9af1-4438-8474-0d70afac807e,2025-06-15T02:00:26.110103,cancelada,,,,526fcd96-0ea9-409b-874f-0b31ae409f6d,2025-06-15T02:00:26.110103,2025-06-15T02:00:26.110103
eee49823-848f-4ecc-9fea-3054fc9dccf5,3a32cf70-346a-4c94-a93a-752f67826afd,5ecf6353-f300-45db-b30c-01edc66c3b26,2025-06-15T02:00:26.110103,pendiente,,,,b7509369-2585-48ac-97ff-43b57d487edf,2025-06-15T02:00:26.110103,2025-06-15T02:00:26.110103
6640f392-427a-4569-bad5-19fe9d75253e,cce2cb41-3b42-4d9a-b462-3f96da0ad493,6f81cdce-f444-48ad-bcc0-b987e28e38e8,2025-06-15T02:00:26.110103,pendiente,,,,7a02c554-d5f2-4289-8a4b-3a96395c9587,2025-06-15T02:00:26.110103,2025-06-15T02:00:26.110103
3197fd14-4541-4928-9bc4-66cdddc1ba57,84aadf1d-cf47-40d2-8334-d0ecf86998a6,ff14f17d-2121-4498-8b36-e846534577b2,2025-06-15T02:00:26.110103,completada,,,,052f6b56-c5fd-4016-9595-852c60c909ed,2025-06-15T02:00:26.110103,2025-06-15T02:00:26.110103
02ad791c-6442-478d-8720-7273c86f2c07,048342d9-9534-4665-8fef-70a856fd4647,1716753f-d415-4fd2-9897-c1db99f7ee6b,2025-06-15T02:00:26.110103,cancelada,,,,c5029917-9d6d-42b5-9bf8-5b72e317268e,2025-06-15T02:00:26.110103,2025-06-15T02:00:26.110103
4f732d77-3599-4155-bac9-e6e456901426,3a32cf70-346a-4c94-a93a-752f67826afd,bfb25689-14f7-4d4c-9ab0-22f1b7c2ece5,2025-06-15T02:00:26.110103,cancelada,,,,ecf7af2d-adc1-4d74-b30d-72e126939c81,2025-06-15T02:00:26.110103,2025-06-15T02:00:26.110103
ddd2a387-367d-4cb8-96d5-9f06c00b7956,6f40ed65-1be2-41de-a328-8cd8682b7b0f,64269380-ee4f-4d64-ba8d-dfc7f6b7bf44,2025-06-15T02:00:26.110103,completada,,,,81e6a1b6-2da4-403f-bab9-b9a7fcde9cb9,2025-06-15T02:00:26.110103,2025-06-15T02:00:26.110103
65bdee13-2f34-4ef7-8760-7da9122471e9,9bbfb9de-d359-420d-91d4-2cfd88a23caf,0e9a3284-1e76-42e1-9c95-a1a6e41201eb,2025-06-15T02:00:26.110103,pendiente,,,,8cf29c0d-d5cf-4ad1-92b6-6ffe577c32d2,2025-06-15T02:00:26.110103,2025-06-15T02:00:26.110103
00d2371b-7638-4f6c-96b1-9f0697be0708,ec916a2a-c10c-4dc3-b59a-375c3c98fda2,9008db7e-b3f1-4a5b-bcfe-817040584a07,2025-06-15T02:00:26.110103,completada,,,,c201a9f3-fddb-4280-a497-ce37b4f7eaaa,2025-06-15T02:00:26.110103,2025-06-15T02:00:26.110103
a42d6c0e-2bde-41b0-b289-2ce2f9eaadd2,048342d9-9534-4665-8fef-70a856fd4647,d5ee2479-474a-4d9b-9ae6-dc470a67befb,2025-06-15T02:00:26.110103,cancelada,,,,2ae9bf25-2297-47ec-8382-69437c821d9c,2025-06-15T02:00:26.110103,2025-06-15T02:00:26.110103
d89ce772-f3ec-490b-8d1b-7b1c79fcd08a,6f40ed65-1be2-41de-a328-8cd8682b7b0f,e492f7e6-295d-42c4-8881-7ff94a725533,2025-06-15T02:00:26.110103,cancelada,,,,a267f7e2-5cda-4357-8eed-bf025a04840b,2025-06-15T02:00:26.110103,2025-06-15T02:00:26.110103
1cd96ce3-7912-4965-9546-ff8df411a6c0,ec916a2a-c10c-4dc3-b59a-375c3c98fda2,43b471cb-71e8-42ad-8ef5-6c0501933f44,2025-06-15T02:00:26.110103,pendiente,,,,44b5cc8a-58ef-4495-b256-ece96746c780,2025-06-15T02:00:26.110103,2025-06-15T02:00:26.110103
1a6fffd6-05c0-48ab-8467-a8ea1c996678,cce2cb41-3b42-4d9a-b462-3f96da0ad493,f8e77acc-0671-43f6-a97a-203d592f9d13,2025-06-15T02:00:26.110103,pendiente,,,,09651616-c8a0-4dd4-8967-e2b0e944d2b4,2025-06-15T02:00:26.110103,2025-06-15T02:00:26.110103
a64a77c3-7aee-484e-8e37-d90b07ce720d,9bbfb9de-d359-420d-91d4-2cfd88a23caf,c9bdb678-c5b2-4004-b813-68b4745942ca,2025-06-15T02:00:26.110103,cancelada,,,,0b3b0ab2-fefc-4482-8154-c28779bf2045,2025-06-15T02:00:26.110103,2025-06-15T02:00:26.110103
c54fb117-8aff-4821-be1a-da048cdbab1d,18e08150-7e64-4148-a421-5bffcbf76417,77c9947a-f83f-4b23-acd5-8f184092e720,2025-06-15T02:00:26.110103,cancelada,,,,43f87f61-db49-4fa5-8feb-4bc76baf4863,2025-06-15T02:00:26.110103,2025-06-15T02:00:26.110103
d6beea22-c40d-4794-9e4a-3b9213a6ca5d,9bbfb9de-d359-420d-91d4-2cfd88a23caf,4425e250-3f5f-40c0-a45d-ef7b396b0ba2,2025-06-15T02:00:26.110103,completada,,,,d775e9b5-8e60-4aa4-96a0-f1e99a0a9eed,2025-06-15T02:00:26.110103,2025-06-15T02:00:26.110103
03e5f62b-94f7-429a-b264-9682040abeee,9bbfb9de-d359-420d-91d4-2cfd88a23caf,677eceaa-cd6d-4ed4-9d6a-49f78f08d55e,2025-06-15T02:00:26.110103,completada,,,,93f767bc-72fe-4c34-9e5a-4962fa458049,2025-06-15T02:00:26.110103,2025-06-15T02:00:26.110103
a1e48e15-2bf8-470f-b5f1-b1fb18abf864,18e08150-7e64-4148-a421-5bffcbf76417,78fc512d-a1ea-4d3f-b107-4e302ac4187d,2025-06-15T02:00:26.110103,completada,,,,48a0b37f-605e-4fe9-9344-2a2ee83b28de,2025-06-15T02:00:26.110103,2025-06-15T02:00:26.110103
acc895b6-738a-42de-93ea-900dfe8ab718,3a32cf70-346a-4c94-a93a-752f67826afd,e21dded0-b457-4525-acb7-11842f4bedfe,2025-06-15T02:00:26.110103,pendiente,,,,8832e893-2939-4123-8c7d-e8e4e65f49c0,2025-06-15T02:00:26.110103,2025-06-15T02:00:26.110103
ca911e16-fd83-460c-a91e-3fac30cf8bac,3a32cf70-346a-4c94-a93a-752f67826afd,0190be6c-bcc5-4c09-b46d-e3fc91706dfe,2025-06-15T02:00:26.110103,pendiente,,,,5ea5199d-94b6-4cac-8e77-aa8808c379b8,2025-06-15T02:00:26.110103,2025-06-15T02:00:26.110103
e1175a14-0fd3-44b6-849a-e5ac71157d52,18e08150-7e64-4148-a421-5bffcbf76417,6fed4398-e805-4dfc-8af8-350ba1187ce7,2025-06-15T02:00:26.110103,cancelada,,,,62d8ec00-dca3-4764-859b-012bd46771de,2025-06-15T02:00:26.110103,2025-06-15T02:00:26.110103
71afe2bb-bc23-490f-9bd2-ffa659c2286b,cce2cb41-3b42-4d9a-b462-3f96da0ad493,55903055-7cfd-4b08-937c-71d02ab562c6,2025-06-15T02:00:26.110103,cancelada,,,,e4f0dbde-b18c-4cc1-81ff-fe29d5d17b0b,2025-06-15T02:00:26.110103,2025-06-15T02:00:26.110103
87a18d8a-ab5a-46a0-900d-1aa82975e531,18e08150-7e64-4148-a421-5bffcbf76417,69d30068-3f2e-459c-bcc7-87b64c930d96,2025-06-15T02:00:26.110103,completada,,,,1b1710ca-8774-42ca-9e3f-739e7e9088ed,2025-06-15T02:00:26.110103,2025-06-15T02:00:26.110103
6442e16f-880e-4e5e-a12b-b4474d929eba,9bbfb9de-d359-420d-91d4-2cfd88a23caf,68c88b9a-9e4c-46c2-9a9f-f9b852b1c254,2025-06-15T02:00:26.110103,pendiente,,,,e0c67b6f-b370-4a5d-b77f-8dae9fa97e06,2025-06-15T02:00:26.110103,2025-06-15T02:00:26.110103
39b99ce2-ceeb-4ebc-8a0f-a819169d0c07,84aadf1d-cf47-40d2-8334-d0ecf86998a6,63de5fda-90c0-4c72-b0b2-a82e92e65117,2025-06-15T02:00:26.110103,pendiente,,,,418c48fc-1d30-4c70-8804-b1dafc0a0400,2025-06-15T02:00:26.110103,2025-06-15T02:00:26.110103
b47dfdaa-98b2-4457-ae72-98add49ef8fc,3a32cf70-346a-4c94-a93a-752f67826afd,8b14115f-904b-436a-bc8d-60a2276d3d70,2025-06-15T02:00:26.110103,pendiente,,,,8f493f2b-33bf-4a8a-82ee-bcb705cecd9c,2025-06-15T02:00:26.110103,2025-06-15T02:00:26.110103
bc09aa54-4fc7-4424-bb68-ee9262264e85,048342d9-9534-4665-8fef-70a856fd4647,e1082cf1-0930-40d9-8249-a861364bdac4,2025-06-15T02:00:26.110103,cancelada,,,,2cca4f0c-d3da-4683-acaa-bd27896ed971,2025-06-15T02:00:26.110103,2025-06-15T02:00:26.110103
ed177496-55b8-4b1e-b24d-42a17faa5cf4,cce2cb41-3b42-4d9a-b462-3f96da0ad493,b36f37d4-27bf-456a-b435-c0092e868660,2025-06-15T02:00:26.110103,cancelada,,,,1de94061-d8ae-44cc-a99a-efd01957547b,2025-06-15T02:00:26.110103,2025-06-15T02:00:26.110103
77a31049-0ca8-4965-825c-961cba2d4a5d,9bbfb9de-d359-420d-91d4-2cfd88a23caf,a5c9a132-0d6d-4629-bc88-d7e3e8c688e7,2025-06-15T02:00:26.110103,pendiente,,,,e84013fc-ffa4-463f-9565-49d8363a8d38,2025-06-15T02:00:26.110103,2025-06-15T02:00:26.110103
a1d1a80d-ce50-4b9c-bd61-683e77f93937,3a32cf70-346a-4c94-a93a-752f67826afd,4086ce7b-6943-4ff7-bc1b-94a7039ea50c,2025-06-15T02:00:26.110103,pendiente,,,,e2a5b733-946f-4890-a224-930b6c248b6c,2025-06-15T02:00:26.110103,2025-06-15T02:00:26.110103
915b8658-5378-4acd-a313-b72353ee8ac0,048342d9-9534-4665-8fef-70a856fd4647,1f25e9e8-6495-45ae-9770-f152dba16582,2025-06-15T02:00:26.110103,cancelada,,,,66cb5a11-3d3a-46aa-bbda-c87e01322925,2025-06-15T02:00:26.110103,2025-06-15T02:00:26.110103
b3b3f5a9-d2bc-4f4a-b7ad-74bc7522a78d,cce2cb41-3b42-4d9a-b462-3f96da0ad493,6a4183e8-2150-45aa-b844-cfd8cb2ba6c4,2025-06-15T02:00:26.110103,cancelada,,,,4b16ee6a-e04d-43e2-9cda-9220b7724ee8,2025-06-15T02:00:26.110103,2025-06-15T02:00:26.110103
18987136-5f6c-47d8-b95b-db36cc2179d4,cce2cb41-3b42-4d9a-b462-3f96da0ad493,97324d1f-aa3b-4f3e-8119-87e005f7deba,2025-06-15T02:00:26.110103,pendiente,,,,14c21ad7-5e7c-4e81-b959-d624b8a73eba,2025-06-15T02:00:26.110103,2025-06-15T02:00:26.110103
e2c391d9-7a59-4413-bd5f-5d6da6362f4f,9bbfb9de-d359-420d-91d4-2cfd88a23caf,1aee7c47-fefe-4906-a355-b6e72117fef4,2025-06-15T02:00:26.110103,completada,,,,2438b89e-593d-4c64-8f6b-e529530f589d,2025-06-15T02:00:26.110103,2025-06-15T02:00:26.110103
2ac4929d-f900-4e19-a7b4-d77464a27e5a,ec916a2a-c10c-4dc3-b59a-375c3c98fda2,1758b530-cb28-4b41-8fc5-ee8443200dd7,2025-06-15T02:00:26.110103,pendiente,,,,66cb5a11-3d3a-46aa-bbda-c87e01322925,2025-06-15T02:00:26.110103,2025-06-15T02:00:26.110103
d3426068-35fd-43cf-be4f-1e7eda62e0df,3a32cf70-346a-4c94-a93a-752f67826afd,d30579d5-1f8a-4e65-b826-72b797b2492a,2025-06-15T02:00:26.110103,pendiente,,,,43f87f61-db49-4fa5-8feb-4bc76baf4863,2025-06-15T02:00:26.110103,2025-06-15T02:00:26.110103
d8c4be62-f90c-4a4e-860e-d72a6de95830,3a32cf70-346a-4c94-a93a-752f67826afd,55903055-7cfd-4b08-937c-71d02ab562c6,2025-06-15T02:00:26.110103,completada,,,,8032f48c-1cd0-4000-918a-43da2619fef9,2025-06-15T02:00:26.110103,2025-06-15T02:00:26.110103
17855b20-6ed6-432c-82f1-03a3e820322b,ec916a2a-c10c-4dc3-b59a-375c3c98fda2,668fd4b3-1234-44ff-9d09-70e9c1596871,2025-06-15T02:00:26.110103,completada,,,,f1d0ab3a-6856-45c0-bc34-c34899144481,2025-06-15T02:00:26.110103,2025-06-15T02:00:26.110103
fd6ff5ec-107b-4b95-8486-863fa97b2e7c,18e08150-7e64-4148-a421-5bffcbf76417,8f98c08f-06be-4d6c-9c4c-8bf0192d9985,2025-06-15T02:00:26.110103,pendiente,,,,5a2c6ea0-0857-4f93-ac5a-c34c1bc8a581,2025-06-15T02:00:26.110103,2025-06-15T02:00:26.110103
8cad85a0-2240-4b4e-91a1-d4ccf5a8dbaa,cce2cb41-3b42-4d9a-b462-3f96da0ad493,4086ce7b-6943-4ff7-bc1b-94a7039ea50c,2025-06-15T02:00:26.111103,cancelada,,,,cc021669-23de-48ed-b428-07d8407270d9,2025-06-15T02:00:26.111103,2025-06-15T02:00:26.111103
2c83bf48-6be6-456f-82fe-869828f8ccab,048342d9-9534-4665-8fef-70a856fd4647,8369ee32-a457-47c4-bcd0-7134c02e0993,2025-06-15T02:00:26.111103,pendiente,,,,7155d23f-1105-44c8-a354-cf3cf062209b,2025-06-15T02:00:26.111103,2025-06-15T02:00:26.111103
d4d19fe8-1e7a-4e27-921f-979d74cdf087,cce2cb41-3b42-4d9a-b462-3f96da0ad493,bfb25689-14f7-4d4c-9ab0-22f1b7c2ece5,2025-06-15T02:00:26.111103,pendiente,,,,a6e515ba-3446-4f8a-bdc8-e785c3540fa9,2025-06-15T02:00:26.111103,2025-06-15T02:00:26.111103
a53f66f9-7610-494a-8b7e-44d1897e7d04,6f40ed65-1be2-41de-a328-8cd8682b7b0f,e492f7e6-295d-42c4-8881-7ff94a725533,2025-06-15T02:00:26.111103,completada,,,,fa7cd5da-6a3b-4bbd-ad0d-641a08066441,2025-06-15T02:00:26.111103,2025-06-15T02:00:26.111103
647c7ac4-7f02-42c4-a317-96d88414052c,18e08150-7e64-4148-a421-5bffcbf76417,044af920-ae5b-448c-a146-20db6d383604,2025-06-15T02:00:26.111103,pendiente,,,,cac2c07f-0a30-4e89-aad0-f6e40342e923,2025-06-15T02:00:26.111103,2025-06-15T02:00:26.111103
6bf599eb-024f-4b1b-ae92-4bbce3c8fda1,9bbfb9de-d359-420d-91d4-2cfd88a23caf,0190be6c-bcc5-4c09-b46d-e3fc91706dfe,2025-06-15T02:00:26.111103,pendiente,,,,21dce8c6-da90-48c6-a77c-4527ca0cb9c3,2025-06-15T02:00:26.111103,2025-06-15T02:00:26.111103
289e9c8a-b9db-4871-b2bd-be548914b62a,ec916a2a-c10c-4dc3-b59a-375c3c98fda2,e1fd5b85-b84b-434e-b073-de1d9c81bf25,2025-06-15T02:00:26.111103,pendiente,,,,86a14a4e-f4ca-490e-b09a-2a086df2792f,2025-06-15T02:00:26.111103,2025-06-15T02:00:26.111103
deb50db9-499b-404f-898f-8f847f2d3230,ec916a2a-c10c-4dc3-b59a-375c3c98fda2,4a3bdf88-e320-49f7-af29-07e528ac40fe,2025-06-15T02:00:26.111103,cancelada,,,,b844e70c-3d05-4ece-92fc-29491274821e,2025-06-15T02:00:26.111103,2025-06-15T02:00:26.111103
da6f4b8e-6eff-4bb6-9781-b1041d0a38ba,cce2cb41-3b42-4d9a-b462-3f96da0ad493,342d1d68-52bd-4301-840e-40702f66d9b0,2025-06-15T02:00:26.111103,completada,,,,053bf75f-8cd2-40f5-91cc-ee4296a43133,2025-06-15T02:00:26.111103,2025-06-15T02:00:26.111103
4d1c725e-1323-49ae-b74e-13a611dac9c2,ec916a2a-c10c-4dc3-b59a-375c3c98fda2,f0e3c66b-8fd0-4f71-a396-241df9502712,2025-06-15T02:00:26.111103,cancelada,,,,a945b39b-e65c-484c-9170-3c4a2c84fb2a,2025-06-15T02:00:26.111103,2025-06-15T02:00:26.111103
7edd2f7f-3c6e-4527-8fc4-7639591ba001,18e08150-7e64-4148-a421-5bffcbf76417,2302ffd7-9fde-4272-a1f0-a03e5ad284e4,2025-06-15T02:00:26.111103,cancelada,,,,8b807d81-4ef1-48ab-99b8-4028fdc8a301,2025-06-15T02:00:26.111103,2025-06-15T02:00:26.111103
53952d4e-4b19-4873-8587-a36b38730277,048342d9-9534-4665-8fef-70a856fd4647,635e34cf-a03e-4725-8dd7-ecbcf1809c09,2025-06-15T02:00:26.111103,pendiente,,,,65376a22-a61b-4165-8a67-6c4c89220a01,2025-06-15T02:00:26.111103,2025-06-15T02:00:26.111103
80af1cc7-f452-4e73-aacb-b3ba4c89c8cd,84aadf1d-cf47-40d2-8334-d0ecf86998a6,0e9a3284-1e76-42e1-9c95-a1a6e41201eb,2025-06-15T02:00:26.111103,pendiente,,,,19d786b1-0417-4e8a-aa67-7c2ecc5817e2,2025-06-15T02:00:26.111103,2025-06-15T02:00:26.111103
ab46ea55-cc7a-4397-a777-18ed7948b615,048342d9-9534-4665-8fef-70a856fd4647,3e9fd66d-02e4-48a1-807c-483ea7130da4,2025-06-15T02:00:26.111103,cancelada,,,,dbc7fa0e-574e-4470-bde3-f01834ecf7d3,2025-06-15T02:00:26.111103,2025-06-15T02:00:26.111103
895abf25-6e4c-4113-9740-1f49c61a524a,ec916a2a-c10c-4dc3-b59a-375c3c98fda2,61c01d60-89cc-4372-9151-fc7820a42a08,2025-06-15T02:00:26.111103,cancelada,,,,8b807d81-4ef1-48ab-99b8-4028fdc8a301,2025-06-15T02:00:26.111103,2025-06-15T02:00:26.111103
81ffd3ae-bebb-4a04-8294-249a51fced3d,cce2cb41-3b42-4d9a-b462-3f96da0ad493,37da15e5-d690-4c14-98e6-ae918f2266c0,2025-06-15T02:00:26.111103,completada,,,,d8eb275d-ed1a-4d13-b68f-d6b8d9a9bddb,2025-06-15T02:00:26.111103,2025-06-15T02:00:26.111103
e3a1b352-4ca0-4b19-b661-8176bb0aaa78,cce2cb41-3b42-4d9a-b462-3f96da0ad493,f69b60e3-74d4-4f0b-be06-9ff54d84a66d,2025-06-15T02:00:26.111103,cancelada,,,,a267f7e2-5cda-4357-8eed-bf025a04840b,2025-06-15T02:00:26.111103,2025-06-15T02:00:26.111103
ea228186-4ab9-4591-92fc-719113762797,ec916a2a-c10c-4dc3-b59a-375c3c98fda2,2cadcbfb-44c2-4601-abc0-52fbb7e5a61a,2025-06-15T02:00:26.111103,cancelada,,,,bad078c6-b810-4bc5-9c24-df51e7dbb76c,2025-06-15T02:00:26.111103,2025-06-15T02:00:26.111103
8712017c-a2bc-4bdb-88a7-7caf5ae02b6b,ec916a2a-c10c-4dc3-b59a-375c3c98fda2,f6469f46-79b4-44d4-b214-c3e1267ba3a5,2025-06-15T02:00:26.111103,pendiente,,,,73777140-a1dd-4f5f-a6f1-8f1069ccd4fc,2025-06-15T02:00:26.111103,2025-06-15T02:00:26.111103
9e14c70c-20e2-4e02-b8bc-2cd4e018529b,18e08150-7e64-4148-a421-5bffcbf76417,4dcbc702-28ad-4e13-8757-f39a37af0157,2025-06-15T02:00:26.111103,cancelada,,,,f1b247f4-82b4-492a-876b-53901f696b9d,2025-06-15T02:00:26.111103,2025-06-15T02:00:26.111103
e1ee32a8-768b-4f28-994c-e9669daf4563,9bbfb9de-d359-420d-91d4-2cfd88a23caf,0675298b-f135-4b90-ac9d-1f7919b7cd93,2025-06-15T02:00:26.111103,cancelada,,,,b7509369-2585-48ac-97ff-43b57d487edf,2025-06-15T02:00:26.111103,2025-06-15T02:00:26.111103
