id_evidencia,id_reclamo,tipo_evidencia,tipo_archivo,url_archivo,fecha_subida,id_usuario_subida,descripcion
7e68aea6-d7a0-40a5-9a10-5bf8146b45e3,03b37ca9-6e31-47d9-bdfe-c4e396c7cc36,video,png,https://ejemplo.com/evidencia/ae5a0c54-86f9-41fd-b6f0-e897c37498f0,2025-06-15T02:00:26.118103,ec2ea81f-e84b-4bf2-a0d4-d5e9a6bd0b03,
97bc3c1f-eee9-4f0e-8c79-0da42cf7ecec,748175b2-800b-43d0-ad8d-14c28b26f331,video,mp4,https://ejemplo.com/evidencia/7cc694f2-df01-43d4-abfb-c2aecdd518a9,2025-06-15T02:00:26.118103,166ffb4e-3dc0-455c-b782-8abf26479433,
e0a256dd-b6de-491a-b069-b968eda0f675,373ee8c9-2ea1-4353-a0e1-0f5aee794078,video,jpg,https://ejemplo.com/evidencia/8998a8bf-6d4b-4281-b2ae-5e030d867823,2025-06-15T02:00:26.118103,91f65af7-bbd9-4494-8c3d-a3b8bcdf9e19,
480731cb-11c4-43bb-ace4-8a86ee5a21b4,1dbe961a-5d7c-4f75-957c-e04b17eae9f1,documento,pdf,https://ejemplo.com/evidencia/48f5482b-3a3e-4bb2-b0c2-1f28c707bc69,2025-06-15T02:00:26.118103,786cdb53-b307-4b3e-b14e-10de302c3b70,
d444e5bf-8d73-4905-9fab-f621c5c1b069,68edba50-82a3-40d7-ab41-74473628a5a4,documento,mp4,https://ejemplo.com/evidencia/2e5e4cc5-d101-4ef3-bf09-bc3dfddd89e1,2025-06-15T02:00:26.118103,64269380-ee4f-4d64-ba8d-dfc7f6b7bf44,
2ecfce4b-959c-48e3-94bd-4dd1d2639258,2c7247b9-bd20-4a01-91b0-26646d96541f,foto,pdf,https://ejemplo.com/evidencia/4c86084b-8154-462b-bafb-6fe87142267f,2025-06-15T02:00:26.118103,824658e2-b1e0-438d-9860-afb580e69ac8,
dfc451ab-7db5-4ff1-90d4-6bfb89e8b34f,b7b65cc0-3991-4a00-869b-be4f4eaeabc0,documento,jpg,https://ejemplo.com/evidencia/da5f27f9-97cc-418b-b21f-5205cf80ef21,2025-06-15T02:00:26.118103,1f25e9e8-6495-45ae-9770-f152dba16582,
cda39140-58b2-43f1-ac65-005cbf2261b3,e16907c4-dbee-4044-bb84-0d38e491c722,video,jpg,https://ejemplo.com/evidencia/c44b8586-7f27-48ef-af81-82ab92926229,2025-06-15T02:00:26.118103,f547bd89-ed38-4dc6-982a-650331b66221,
ea030327-4578-44ba-bcbc-4dbb9e8a4315,261b3a21-42b4-47cf-84cb-5ccfb537836d,documento,jpg,https://ejemplo.com/evidencia/a76d4353-4ce6-4977-b78c-9faf1cf78481,2025-06-15T02:00:26.118103,5dc4ffbb-4321-4219-aaf9-f3719ed232cb,
65ce051a-4e16-4c02-a99a-c5ddd20bc01a,43d2617c-d9f8-4635-bf28-a784015892a8,foto,jpg,https://ejemplo.com/evidencia/e4833b43-03f5-403f-addc-37fabfeaaa1c,2025-06-15T02:00:26.118103,82aac3de-6993-4729-8536-b25c73367ef4,
7f585cf4-9236-46f6-94ee-a285a784b654,43459ed2-2cc7-47ad-a3d3-4b52c01fd927,documento,pdf,https://ejemplo.com/evidencia/a29a835b-1854-4a48-b552-7f004473a338,2025-06-15T02:00:26.118103,61c01d60-89cc-4372-9151-fc7820a42a08,
862f69b0-6434-44eb-86c3-e5dd6beac4fb,d83023df-0a23-44ea-9ddf-1ec64216b70b,documento,mp3,https://ejemplo.com/evidencia/e67e6c2a-596e-4502-8b66-0f88801542af,2025-06-15T02:00:26.118103,a059aa7d-5870-447e-85a5-a962d1ef0176,
f539b632-46fd-4930-9b8c-c23f97be2ec5,d4f25908-7e13-4f3b-8650-ba2964425360,foto,jpg,https://ejemplo.com/evidencia/0125146d-d034-48a1-8470-972312cd3918,2025-06-15T02:00:26.118103,1fca5c1c-cbb4-4814-ad2b-df104ce54956,
4377ad90-1bc5-4c43-91a3-99d1f00cc793,ef2495bb-97c9-46dd-ad79-487465ee2691,video,pdf,https://ejemplo.com/evidencia/a2dd6ea5-21ac-4c8f-85a9-27390c760277,2025-06-15T02:00:26.118103,1dbac2d5-5649-4985-992e-7dce91bde3ec,
78fcdd4b-bb7a-4d09-a7ce-d7855c3198ea,ab138c89-2d01-473d-be39-459e6563d934,documento,pdf,https://ejemplo.com/evidencia/9b0d2a3a-a801-40dc-bf2e-39d01cfb1897,2025-06-15T02:00:26.118103,73509ad7-c973-4e87-a1a0-7d7cb22e1cbb,
fd4a9b7a-10b7-4240-a350-691ddc030d74,95746b23-607e-48f4-8028-26d63b5c0bb1,foto,mp4,https://ejemplo.com/evidencia/1bc42284-9a08-450a-853f-40293e0892f5,2025-06-15T02:00:26.118103,f1b27759-9dbc-473c-a6ab-8d4c2e132b11,
171fc28a-888f-448e-ac52-82d3d41787e3,14df07cf-3619-4a6b-bf96-c0a4aedac9ca,video,mp3,https://ejemplo.com/evidencia/93086ee2-f2b2-4003-8044-7b4a82008238,2025-06-15T02:00:26.118103,b11aadbd-d90f-474c-8787-6343c89975c1,
f75c51af-285a-4e03-8b98-7e0da101bed2,a3161bb6-c275-44f5-8657-0d1021f33a1a,documento,pdf,https://ejemplo.com/evidencia/78db0d29-1428-4304-b453-776965594b65,2025-06-15T02:00:26.118103,56c6189d-9412-4e39-9ea0-ec96463d5622,
f550479a-10c1-4a0a-b740-e0e38c488031,a7273dc1-effa-420b-b4dd-1cb743db824e,documento,png,https://ejemplo.com/evidencia/413aa980-ff0c-43cf-8875-513e3381d8d4,2025-06-15T02:00:26.118103,445efb38-13d6-41b0-98e5-33354414c576,
cc4929ed-5a94-45c9-ab8b-edd2596ea3a2,7854a0f6-fca8-47b3-9848-2005884d6459,documento,jpg,https://ejemplo.com/evidencia/5e074121-0c0d-4cae-b7a6-d44b521735d4,2025-06-15T02:00:26.118103,9b6d1931-2d3a-45bd-8bec-40d3afd2f115,
4ae35b83-ef7d-4462-8162-bbbf622d39b0,cc7ce2ee-dcc3-4726-a3ce-3e363ceef804,foto,png,https://ejemplo.com/evidencia/ecb8fe18-ebcd-4a72-a12c-db9544f717a3,2025-06-15T02:00:26.118103,97334f1d-e559-45c4-ae39-a75e2f055687,
52de56fc-a3ea-4451-90a1-7c9abbd37e4c,77140f4b-7129-44d0-87fe-5f3e2ab41cdb,foto,mp3,https://ejemplo.com/evidencia/319c78cc-fcc1-48e4-9ffb-da4a300cac0f,2025-06-15T02:00:26.118103,d30579d5-1f8a-4e65-b826-72b797b2492a,
55931f72-e65c-4388-bc59-8e8ddd3295ab,9f5c6c37-6c68-43bd-8d0b-bb3bbbcf4c68,video,pdf,https://ejemplo.com/evidencia/e52c4382-7c7a-474e-bcab-3b1df30c09ad,2025-06-15T02:00:26.118103,bfb25689-14f7-4d4c-9ab0-22f1b7c2ece5,
e6bb91f7-7cff-4800-86c8-c2f18ddf1316,4343c0a6-c868-4510-8cca-83dbb4ffeb7a,foto,mp4,https://ejemplo.com/evidencia/9f5ac746-d72d-4132-b586-067b4c87745b,2025-06-15T02:00:26.118103,113b42ff-eecb-4a56-b6c3-fd644ae5f3f5,
e4ff8a1f-64e9-4712-8e1e-ff94b624e023,a08ec622-3c20-47be-891c-ed66ed3a54c0,documento,pdf,https://ejemplo.com/evidencia/8b9394a8-bb97-41e9-8b04-e243f0e9187f,2025-06-15T02:00:26.118103,a5c9a132-0d6d-4629-bc88-d7e3e8c688e7,
03a895ee-3261-44c0-8ad7-8808b0094007,459b1b61-8fc0-4f62-bfcc-5066dad53506,foto,mp4,https://ejemplo.com/evidencia/8074b4c2-0cd8-4aad-85c5-09428c5498b9,2025-06-15T02:00:26.118103,d30579d5-1f8a-4e65-b826-72b797b2492a,
1905f5ea-5c5f-4ee3-8ccc-186de5c023d6,8e7ab46e-7461-46c0-a316-b13d369ac7a6,video,mp4,https://ejemplo.com/evidencia/03646eec-279b-4dc8-aed5-b5a41f2a1b1d,2025-06-15T02:00:26.118103,359326f9-b8b7-4849-a175-f93dd72d3f5b,
8103b005-4fa4-47dc-934c-c8612a6f69b9,748c2ac6-4743-4333-abc5-c25d30aa42a5,foto,mp4,https://ejemplo.com/evidencia/82566cfe-3dce-457b-80b0-e8186c6af6f9,2025-06-15T02:00:26.118103,424d6cd7-bf50-4b26-abe6-259835f10c6e,
32ed17b8-5399-412e-9016-8494ae8ea545,69bcb72b-de8b-4e47-afb1-edf1e29f34be,documento,jpg,https://ejemplo.com/evidencia/f41bba20-18ab-442e-862d-28cd2e7ce7f9,2025-06-15T02:00:26.118103,ffb79f57-ab3d-494e-88e0-0f7ee9534aa6,
1e9b268b-dc62-4c8a-9f4c-9b1a5662dcf1,584be1e2-8517-4c03-bfc3-01d0e5ae2a62,video,jpg,https://ejemplo.com/evidencia/bb47ab0f-aff7-4755-9216-dc87893c968b,2025-06-15T02:00:26.118103,98e6f282-ee6f-4552-b926-8bedc9277e14,
4a719d17-6791-453e-97fc-cf5fbe0cec21,ead9aa20-a422-4991-bc89-65a1e5c28686,video,pdf,https://ejemplo.com/evidencia/890bfada-46e8-4e50-8964-7a766a3c94de,2025-06-15T02:00:26.118103,71ac6874-0963-450f-9c9f-44d865459c3e,
50741db0-48f5-4e70-82d8-505e9ec80a7a,c7a0fd30-d885-481e-a951-cdcf8b3441a5,documento,pdf,https://ejemplo.com/evidencia/cb84965a-aaeb-463b-a9e9-202e7db72bf0,2025-06-15T02:00:26.118103,d96ab3b7-7e0e-4501-b44b-31c132a34bd3,
343b464c-57c7-4da2-bfd3-97c9a95b34e2,180be1d7-e31f-49a9-a9dc-80e091d674b2,video,mp4,https://ejemplo.com/evidencia/72c0271a-cc56-46ed-a7c2-f140aadd5009,2025-06-15T02:00:26.118103,6f81cdce-f444-48ad-bcc0-b987e28e38e8,
798e8fc3-fca6-47b8-b0d6-664c08310c16,c38b3822-06a2-40a7-9c8d-ab8588a14d0a,foto,mp3,https://ejemplo.com/evidencia/faf725a4-1754-4324-b5ad-e88066d4d543,2025-06-15T02:00:26.118103,8638df49-1364-41a7-ba79-e6643e912ca4,
7a5bfb04-e6eb-48e5-83f4-35ddb68c3a6c,07bc18cc-2144-4365-a76a-fbbb559a4fbf,documento,mp3,https://ejemplo.com/evidencia/6ce0ee03-ab38-47c2-b59d-969fa8a858d5,2025-06-15T02:00:26.118103,4fd1d128-a869-428b-b219-bfbe0f301bee,
57cfa146-df93-4d6f-bed1-f7d394430777,3c1d75a0-4ef3-4ca7-90f4-a3b1843c4b8e,documento,pdf,https://ejemplo.com/evidencia/4e008f6d-03a2-4d2e-915b-2b0fadd22493,2025-06-15T02:00:26.118103,d6f70c95-2281-4d1b-86ce-29ba140bc93c,
6b448422-b7cf-41a3-a334-30332d9ae1ce,6228588d-f0a5-4207-ba77-7721b4d2a00f,documento,png,https://ejemplo.com/evidencia/8bd04571-e379-493c-8cee-7760d4f153ef,2025-06-15T02:00:26.118103,2ee70078-624c-44ff-a40d-29475f5a27bb,
a07a0a00-7a9c-407b-bdff-be3ceaa24dcd,08018ccc-a01d-4822-9ba8-859e1dab9e1b,video,pdf,https://ejemplo.com/evidencia/a5be1971-5230-45e8-8444-dbd43c63b08e,2025-06-15T02:00:26.119105,64f27c09-ab72-4f96-bf71-2327f2662475,
51e6ae2f-7fcd-4f57-9d26-72c520cd8472,00196fae-7618-4c33-bea4-868650513d3d,foto,pdf,https://ejemplo.com/evidencia/6ef5cc51-255c-4bf1-a55b-56dd1c2b1aaf,2025-06-15T02:00:26.119105,64269380-ee4f-4d64-ba8d-dfc7f6b7bf44,
a284cd98-d2d2-435e-9c4f-c5f75233eb41,3d18a28e-211c-4484-9fec-57cc4f9f0679,documento,pdf,https://ejemplo.com/evidencia/73f617c0-f9c3-437a-a1a1-34af09b43d28,2025-06-15T02:00:26.119105,f3d0c779-4304-43a1-bf18-71914c3b3c89,
4587eb29-e98e-42e8-8075-0b6a3a869985,902a2c6c-b31f-472c-b8ae-379f71064fef,documento,png,https://ejemplo.com/evidencia/a6967bf5-7b6c-42d8-8910-ae05ba27d6d5,2025-06-15T02:00:26.119105,60d7a539-4cba-4024-978f-1f385bbccd4d,
82283c89-93b8-4701-9b31-7b514cd8191c,f0bd6619-3ae8-467e-94ee-b7e189e9e12f,video,jpg,https://ejemplo.com/evidencia/da26dd2a-cd4b-4bc2-aeba-555544fb0593,2025-06-15T02:00:26.119105,32aae54c-4c41-4aac-a8f1-7ad450d5c182,
c374485e-f3f0-453f-9664-fe239501eb7f,f4656e09-db96-4762-aa24-c3b0e56cb29e,foto,pdf,https://ejemplo.com/evidencia/e4eb4cb4-a28c-49a6-a3a9-58d6bd871303,2025-06-15T02:00:26.119105,b11aadbd-d90f-474c-8787-6343c89975c1,
f1fc8d48-7bb6-4140-b213-c288ade19707,4a8cdb8a-c3c8-4bf8-80bb-d243469e522e,foto,png,https://ejemplo.com/evidencia/0c764fda-3188-4d23-9cad-304585241990,2025-06-15T02:00:26.119105,bfa86e4a-bf2c-4657-a5a3-edb33107bccb,
d2a52a02-1fc3-48a3-9b47-192d593b0fc9,658c1075-026d-407f-b6e1-cec4afc90655,foto,mp4,https://ejemplo.com/evidencia/a300302c-1bad-455e-a6db-10e5d10adc0c,2025-06-15T02:00:26.119105,424d6cd7-bf50-4b26-abe6-259835f10c6e,
2555d1ba-776c-4f4c-b487-259d6321df56,66192eee-9495-410a-ad8f-39a5fa46c436,foto,png,https://ejemplo.com/evidencia/2ab1e9b1-b59e-4f70-ac93-65e2f8248603,2025-06-15T02:00:26.119105,ac356e7f-d481-4806-8bb5-c4eb89cf58f7,
a9965636-0b19-4e83-a364-28e9f98c4071,ebb259c6-c1cf-4af1-b0eb-f4383021cd43,foto,pdf,https://ejemplo.com/evidencia/d4e7aa63-188e-4a62-8a3d-62e0622a8b4c,2025-06-15T02:00:26.119105,60d7a539-4cba-4024-978f-1f385bbccd4d,
81056126-e23e-4ea5-a8e8-e25aa927fcfe,e73e2aa8-70b2-474a-a516-fb966a026571,foto,pdf,https://ejemplo.com/evidencia/5ac0fee7-763e-4543-8a34-70f314c922da,2025-06-15T02:00:26.119105,f69b60e3-74d4-4f0b-be06-9ff54d84a66d,
b37c6fa1-8078-4729-a042-c6b95d7d0ce5,cfa9fb18-55d1-43f0-9dd3-cb5c8de21b0b,foto,jpg,https://ejemplo.com/evidencia/98166b23-f4f2-490b-8259-173c582e2928,2025-06-15T02:00:26.119105,6a74a7e0-9486-495f-a5bb-1cc7de4e769e,
dad02d2c-8859-4ff8-8d27-240dd5a722f6,5af9977c-cfe8-4d36-a067-b87c36ee6b6d,foto,pdf,https://ejemplo.com/evidencia/1570f089-5500-4df8-979b-7a5ebea406f5,2025-06-15T02:00:26.119105,fd29009a-1ab9-48e6-953b-188f32ca2f12,
7f3e4b2e-f97c-4865-bdec-20d4b0dc8280,defb21d3-ff1f-459d-9b2e-72c8dc5c20ad,foto,mp3,https://ejemplo.com/evidencia/cfc28c5c-15b1-43f5-95b5-db92496454f2,2025-06-15T02:00:26.119105,ff14f17d-2121-4498-8b36-e846534577b2,
51955c9c-8e75-4816-9f0d-b1adaf411ad2,f1884819-d50e-4acf-b474-3de71cb2f6c6,foto,pdf,https://ejemplo.com/evidencia/44964834-8c49-447b-adbc-5c7bc3ab7862,2025-06-15T02:00:26.119105,059ce99a-5b31-4e3c-9eee-2b56b7507bb4,
a7f31de4-466e-4139-9f82-6716065d24f9,bb4c27bb-8904-40ac-9744-947ff8dc5555,video,mp4,https://ejemplo.com/evidencia/2ad1a583-8571-4abd-9b49-09f80b614f93,2025-06-15T02:00:26.119105,1716753f-d415-4fd2-9897-c1db99f7ee6b,
3ae726fc-6a72-4904-9623-a13df6f0fbd1,aded99ca-3f0c-4c0d-8385-89267b714c3e,video,pdf,https://ejemplo.com/evidencia/30214a71-a219-4266-9619-988032952daf,2025-06-15T02:00:26.119105,f547bd89-ed38-4dc6-982a-650331b66221,
952681d1-da4c-4230-bdda-ede3ff7a5f8f,4dabd264-f7de-4deb-97d9-d6d2729c398c,foto,jpg,https://ejemplo.com/evidencia/97bbc4be-fd72-41fb-bc70-e570ab844c3d,2025-06-15T02:00:26.119105,113b42ff-eecb-4a56-b6c3-fd644ae5f3f5,
ff996903-bfcf-47f2-b969-3f1e95e8a5ae,b09fc9a3-9afa-4356-87ab-951a8a690d77,foto,jpg,https://ejemplo.com/evidencia/b1e39ce9-c5ea-4bd3-ab36-e22e7b872094,2025-06-15T02:00:26.119105,1d5c27b1-9adb-45ad-b89b-742e10afc1ab,
62e70341-24f6-40bd-a8ec-a11ba6608163,1e4aba78-23c6-460d-9a8b-dcbb16853498,documento,jpg,https://ejemplo.com/evidencia/cc1b4f00-0f82-41e9-b676-5145c882e802,2025-06-15T02:00:26.119105,f0e3c66b-8fd0-4f71-a396-241df9502712,
492db689-049a-4b8c-b972-55a4ea3a1f65,8f913999-8ac9-412d-a392-bff34fbdbc92,documento,mp4,https://ejemplo.com/evidencia/403c3067-7fe3-437d-857e-07674927b988,2025-06-15T02:00:26.119105,32aae54c-4c41-4aac-a8f1-7ad450d5c182,
2df3b7c3-542f-4c18-8c4a-6209c9142015,03147483-ec8a-452c-bec9-6b618149637b,video,jpg,https://ejemplo.com/evidencia/3c521cb9-17be-4cbe-9370-534376f9429a,2025-06-15T02:00:26.119105,1753ae81-2aef-4944-aa85-27ba436b3c6e,
ec102b3c-fb61-422c-a75a-d09adccf3a7f,81295354-b233-4392-872f-d1bfda1f236a,documento,mp3,https://ejemplo.com/evidencia/4046ac0f-b558-4bb9-b14b-a4b8721157af,2025-06-15T02:00:26.119105,ab245e77-dbb0-4c8a-887b-34d188a6d2c0,
325bb476-f66e-4a38-ae00-2b670148a338,d248a54a-6f85-4ef3-8b59-7a3672c5480b,documento,pdf,https://ejemplo.com/evidencia/49e4d5ab-ac82-4bd7-8cd7-e5543313d222,2025-06-15T02:00:26.119105,6c729ce4-2484-4722-b114-cd862cb6e2f2,
d1d90f4f-59be-4936-a925-8ead42bd9c13,db2f9a33-5098-41b0-8e4a-fe7f03447b76,foto,png,https://ejemplo.com/evidencia/d5d3b118-8ad4-4803-8414-95a9b9b09131,2025-06-15T02:00:26.119105,4191b578-4181-4904-8aa2-91b7c9391ea8,
d9a5f72c-e016-495e-ba18-e84cc6bbfc7c,aae44f57-9236-4216-a39b-325a18a325c9,documento,jpg,https://ejemplo.com/evidencia/c28c761b-0009-4dea-9394-0294be638fad,2025-06-15T02:00:26.119105,677eceaa-cd6d-4ed4-9d6a-49f78f08d55e,
a8202a8a-91e7-4b54-a023-93dd6414ca0a,32352be9-8bfc-414b-8e59-67ff90609fe9,foto,pdf,https://ejemplo.com/evidencia/47df4554-0acb-45d0-9a57-0714c53c6d18,2025-06-15T02:00:26.119105,90c0cf86-bb80-420c-a271-5e34d6fdbb7e,
e70bc927-ecf5-4491-96b3-cbefbaef1d62,33363923-13e7-4853-a86a-6710da044083,documento,mp4,https://ejemplo.com/evidencia/9941cae6-06fa-46b1-9864-72c633c6e68f,2025-06-15T02:00:26.119105,d96ab3b7-7e0e-4501-b44b-31c132a34bd3,
42a19d27-c06c-4aa0-bb78-aae95c6975d6,e95fc77e-6bdf-4d71-b449-fa3d6be7d068,foto,mp4,https://ejemplo.com/evidencia/fda31e7c-d2cc-4212-9d2e-35e9f7ac4156,2025-06-15T02:00:26.119105,2eee8c70-7ac2-4109-856f-9e5698f13794,
35cafa74-97fe-4bfc-bd46-7eb8c24f0def,a4beaef7-6716-4ceb-a854-925a8b0b7a4f,documento,mp4,https://ejemplo.com/evidencia/2fec2c73-baa3-46fa-bb59-01bebbdb7698,2025-06-15T02:00:26.119105,13f36ba8-2e3e-4280-8fd5-62aaea9a6e2b,
5e0250e8-2cf7-4798-a2e5-10331f45ae14,bdf88f07-25bd-4c1b-a16a-cedc5b28fce9,foto,pdf,https://ejemplo.com/evidencia/87df4c04-06ea-42cd-a180-9b95b8043730,2025-06-15T02:00:26.119105,b21fab0a-3d01-4f25-a62f-1dad05b5ec39,
db32a690-ef23-4b41-b028-05942fb407b5,6ba9abe3-17c0-4c90-98de-31faf628e29c,foto,png,https://ejemplo.com/evidencia/d2ee4ef5-f236-40eb-8ff9-557bd489056e,2025-06-15T02:00:26.119105,90c0cf86-bb80-420c-a271-5e34d6fdbb7e,
c8897f96-cc4f-4f8a-953a-00b7a6eb4d5f,54ce7281-3b9d-4676-acae-a8831cbb645c,video,pdf,https://ejemplo.com/evidencia/caa61c05-f140-406c-8a6c-3ec4def546ed,2025-06-15T02:00:26.119105,63de5fda-90c0-4c72-b0b2-a82e92e65117,
223f6a50-e8c6-4f23-8858-9420b00e1ad3,23d81211-aae7-4dcb-ba4c-ab5cda069144,foto,pdf,https://ejemplo.com/evidencia/7b49fdf4-75fa-4c3c-ab9b-bad1e5b183dc,2025-06-15T02:00:26.119105,bfa86e4a-bf2c-4657-a5a3-edb33107bccb,
1a3b02bd-b7c4-48f5-8655-c3b0127a0b3d,e9be429f-c827-481c-b5e3-963ddfdeb7a5,documento,png,https://ejemplo.com/evidencia/7497b420-44f2-4d36-a2c4-82c6ab5e4ad3,2025-06-15T02:00:26.119105,4a3bdf88-e320-49f7-af29-07e528ac40fe,
3bee5c1e-e8f5-42cd-ac48-af5e051f4daf,59a7091a-e2b0-4b54-a2e7-31fa6f20b0ab,foto,mp3,https://ejemplo.com/evidencia/aef5d68f-a5f7-463b-abe1-43c55d6420b1,2025-06-15T02:00:26.119105,a4042a3a-6ef2-4bf2-b599-a4fd4e8ce317,
6e1c6dc6-141d-41cd-8410-6ff7aa4c7ce8,b3e7a0c8-dcbb-4f1f-925c-aa7b4bb65176,video,png,https://ejemplo.com/evidencia/22ce7b03-d0d0-4b1c-be1a-fc505fcc3f9c,2025-06-15T02:00:26.119105,8c2e21f3-658c-4d23-9285-728d9d383e78,
aa6509d5-9f5f-4e70-80cd-7af0cf81765a,bb48da0d-a605-4659-9a51-50423f81fac4,foto,pdf,https://ejemplo.com/evidencia/108f98f5-e36f-4da7-bfc3-fc7af04a2ace,2025-06-15T02:00:26.119105,7e856126-fd5d-494a-9282-fc8fb2d90b14,
43fb9a08-5a27-43d8-a2db-cbe02bb34745,ad295e84-d368-4787-b02c-c98a9e0aee34,documento,pdf,https://ejemplo.com/evidencia/5555f38e-18e6-4e03-b8bf-2bb4d6ae432e,2025-06-15T02:00:26.119105,3983c8a7-6165-413f-b567-7063f508c17c,
a40eaed2-c2f6-4008-9e02-d1b4a5f3b4f8,f37108f8-40db-4723-8e84-e05c28997b32,documento,pdf,https://ejemplo.com/evidencia/b9365f22-1393-4601-809a-c17a875a98c3,2025-06-15T02:00:26.119105,9284e405-8ea7-43c1-bcef-fd0e9de64b0e,
cbd8be1b-6b0f-4b97-85bc-c7941e175348,0cb98f43-d80a-4fc7-81ae-1f21c383c7af,video,mp4,https://ejemplo.com/evidencia/5f2ae764-7170-448c-9f78-1aeb12b7fc5b,2025-06-15T02:00:26.119105,df15a814-78a1-43bf-b533-361d16931f58,
21cbefed-96d5-4d1b-ae7f-082dcefb3f31,376ab528-5f4a-4cc5-8c45-c06d8d17dcd9,documento,pdf,https://ejemplo.com/evidencia/1cb82508-c4d9-4172-b8b6-59de172797ac,2025-06-15T02:00:26.119105,3983c8a7-6165-413f-b567-7063f508c17c,
8746b42d-93ab-4138-816f-238ded610b63,deabd01c-87b0-4228-b7ff-57ae01f2b4ed,documento,png,https://ejemplo.com/evidencia/f5f4d0e9-6e56-43eb-bba3-af2c4def2251,2025-06-15T02:00:26.119105,d6fa77ed-3582-4e3a-83ef-85ba30dc7010,
f4b44512-aa4c-4c44-b8f9-518b3ac43f09,74762114-23f4-490a-a911-d4eee625d341,video,mp3,https://ejemplo.com/evidencia/3cc40292-f2de-45fa-8a1c-8dd3f41fba71,2025-06-15T02:00:26.119105,d6c39a50-474c-4461-9ad0-ccf7b5956aa7,
a45a7af2-3623-485e-9315-613e4a86d10b,aaf125f4-d004-431a-b4b4-9d164f7cace6,foto,mp3,https://ejemplo.com/evidencia/b557aaa4-f134-4c1d-b1c2-a96911579cd6,2025-06-15T02:00:26.119105,5791569d-38d9-4030-ad40-aa8b9fbd15cc,
9b1856f2-32dd-4bd8-9c79-5f1c88a8fb63,bfa4cac1-aa97-492d-8be5-7a42d66864f1,video,mp4,https://ejemplo.com/evidencia/e8b2f1ca-d821-423f-baaf-a781ea6948f7,2025-06-15T02:00:26.119105,9e2081ca-8843-4d8a-a0b0-bc2425736069,
5a6bf3a7-ad96-4f00-92e2-4fd459093459,a9b971cc-7cfc-4ed1-a4d4-f98b5af0ca65,documento,mp4,https://ejemplo.com/evidencia/50e66bd7-9b9f-4f79-8bce-c189bbdf5f82,2025-06-15T02:00:26.119105,359326f9-b8b7-4849-a175-f93dd72d3f5b,
e807c886-9cec-4963-8cef-c4255e6e9c53,e105798c-16ba-4e8f-975a-fe1cfe19c931,documento,png,https://ejemplo.com/evidencia/eebe84aa-7de6-4ec2-9aac-53d7d74a4efb,2025-06-15T02:00:26.119105,cae72d84-2447-41d9-bd0f-c209c3d5c2be,
df160f5d-fa41-4d98-9ccf-685909849370,55116cf3-ac8e-44ae-8f08-fa45f65795d7,documento,mp4,https://ejemplo.com/evidencia/2b08288e-2fbd-45ce-87fc-4d4b267f223a,2025-06-15T02:00:26.119105,8d347fcd-6150-420f-b677-55fca7d6c3be,
8ab7354f-dae5-4434-b49a-b6427976d08c,ec8bccd3-2c6b-4c42-b53e-67446a2a4227,documento,jpg,https://ejemplo.com/evidencia/898dee05-6168-4008-a1f2-bd3458535892,2025-06-15T02:00:26.119105,0190be6c-bcc5-4c09-b46d-e3fc91706dfe,
340dc5a4-b929-453e-96a0-a45866a81d1c,28c0dcf9-cd51-4947-89d9-6cbeaa5b33b1,documento,pdf,https://ejemplo.com/evidencia/bfde8a95-ddb2-4f0b-87be-1b24f765fe74,2025-06-15T02:00:26.119105,6a4183e8-2150-45aa-b844-cfd8cb2ba6c4,
1fabc12c-a45d-499c-828d-30bfd7742eaf,a828ec11-7bed-42a4-91ab-b39d86ac04f1,foto,pdf,https://ejemplo.com/evidencia/9c041055-a4aa-4528-8e08-39a0f6e48a7d,2025-06-15T02:00:26.119105,b75dc761-d43d-411a-8c59-eb6861403b40,
07d99465-6fe9-4834-a62b-41a70ec678c9,ed563cfd-52d1-447a-87fe-b5e8345380f5,foto,mp4,https://ejemplo.com/evidencia/0e5feec0-76d0-4fd3-b623-1695690f18eb,2025-06-15T02:00:26.119105,1753ae81-2aef-4944-aa85-27ba436b3c6e,
858c6bb2-5b17-41bd-b190-4f78eac1c99b,1bf9c036-9077-46e0-abc0-3c4c8bf327cb,foto,jpg,https://ejemplo.com/evidencia/eb5744b0-ed1d-474f-a7ab-d3276bbe1d3c,2025-06-15T02:00:26.119105,69bc38d4-e4aa-4330-ad1b-8d7ac9adf282,
61a80b07-7c9e-4677-8350-17bfa938bdeb,369a1f38-fa83-4160-a211-61a7ca4604a9,documento,mp3,https://ejemplo.com/evidencia/1ea69215-2e95-4ff2-9d94-f015c5248d3d,2025-06-15T02:00:26.119105,d6c39a50-474c-4461-9ad0-ccf7b5956aa7,
c5a2e9db-723e-4fe8-9cd2-07b4ea7b8aca,4385e9f0-2068-4915-8de4-b704f9068276,foto,png,https://ejemplo.com/evidencia/5565b61e-9d02-4a36-b09b-9f747e428aca,2025-06-15T02:00:26.119105,8c2e21f3-658c-4d23-9285-728d9d383e78,
f1726917-1a40-4c6d-8338-1b4e5bd185e5,33669958-812a-4252-9f7d-f03989b73e93,foto,mp4,https://ejemplo.com/evidencia/7275c1f0-29ff-4083-81cc-792b4ba361f7,2025-06-15T02:00:26.119105,513a64a6-c725-49c2-94c3-938f5ad32c00,
97656cc1-f65e-4261-831a-e2eaa55a2894,41a55d60-100e-431e-88c7-c3b5efc94458,foto,png,https://ejemplo.com/evidencia/0be714ce-a670-4a52-afa4-1877f1ac9651,2025-06-15T02:00:26.119105,bee4e019-ecc8-4cab-9eb1-cd4568291c53,
f2d531be-5f03-47a0-80ac-1923dfed2249,4e53f528-28a8-414b-9955-9dbb7d7b5164,video,jpg,https://ejemplo.com/evidencia/325f0eb5-b445-4c5f-a886-cdc953e5cc38,2025-06-15T02:00:26.119105,211ba499-d814-468e-aa1b-c19386da803c,
ef707158-47a4-49cd-a276-c2e0b45e08c5,c4dee005-d71d-45f2-8e74-e8e5b791da90,documento,mp4,https://ejemplo.com/evidencia/343bee61-9e8c-4ad1-82dc-3b0170aa5b71,2025-06-15T02:00:26.119105,43dae8a1-57fd-468a-8dfd-f570b5b1f9c4,
046b8b83-5e77-47e2-a722-ca70c4d6ad46,44a72011-8da6-4cb7-ad0e-61efd148b89e,video,png,https://ejemplo.com/evidencia/37dc1eb3-13d3-4065-884e-40bf10b89c45,2025-06-15T02:00:26.119105,f3d0c779-4304-43a1-bf18-71914c3b3c89,
885a2e38-5b2f-40e6-8607-750a453aea26,308e3219-d6ba-44b3-afdb-921336cb51fc,foto,png,https://ejemplo.com/evidencia/78ef2a37-0823-40fb-8e3f-c4d3d42d4fce,2025-06-15T02:00:26.120104,1c3f563c-6146-4feb-bd76-4d93225a2ce7,
d5acf893-e6d0-4667-9096-5030ad01d12b,91fc6ce5-1b28-447c-83df-1120e40b1af8,foto,mp3,https://ejemplo.com/evidencia/b40dd358-b6d2-4cf7-9dd1-6521eda68d8a,2025-06-15T02:00:26.120104,77c9947a-f83f-4b23-acd5-8f184092e720,
165e5778-4a43-4e5c-8595-01eb74283f19,8cef48cf-0fa7-4a34-a7fc-6966a5feab30,foto,png,https://ejemplo.com/evidencia/fa304366-0da0-4e92-b542-7c78686e7579,2025-06-15T02:00:26.120104,64269380-ee4f-4d64-ba8d-dfc7f6b7bf44,
42dcaca0-6902-4b72-a54a-52aa43c46155,4e723fe5-e748-401a-ad9f-c44b3bf30b6a,documento,mp4,https://ejemplo.com/evidencia/7afbce66-21ce-47ae-b7b8-241432a6397f,2025-06-15T02:00:26.120104,4425e250-3f5f-40c0-a45d-ef7b396b0ba2,
97c6a97e-eeb2-47d9-b093-52d08fcf7684,637eed96-f9ba-4af1-bad3-62678dfa4c61,foto,mp3,https://ejemplo.com/evidencia/f6cb980f-aa48-42ac-8875-7a75eb2dd9a0,2025-06-15T02:00:26.120104,b759050f-accc-49b1-95f9-be7a930aae8b,
504f2bcd-7e98-482a-bb17-6ff569f9964f,121734b2-45d6-4dde-a948-9e742a0e321b,documento,mp4,https://ejemplo.com/evidencia/87b93171-872d-455f-be69-41074735223e,2025-06-15T02:00:26.120104,8f98c08f-06be-4d6c-9c4c-8bf0192d9985,
26da8373-548a-4316-ba4e-e38500a5c54c,a2ab6163-f67a-4bd9-b39a-fe9c1d5bc3b0,documento,mp3,https://ejemplo.com/evidencia/9f53289a-ec6d-47bf-b1a7-d06f2558e63c,2025-06-15T02:00:26.120104,559ef05e-2601-4858-812b-370aae7b6714,
91a05b18-5698-462e-9def-26789dad18e9,1c152805-c2d7-4a6e-9941-098ba3661d95,foto,pdf,https://ejemplo.com/evidencia/38d11d54-0cf3-4cd6-939f-863a5bf86784,2025-06-15T02:00:26.120104,2855ed30-46d5-4879-8e19-8bdde8e4955e,
297f86a8-a048-4b44-9311-1e1a14c12d9f,fd8a047b-3817-4320-bf8c-a40643f20932,video,mp4,https://ejemplo.com/evidencia/bbf60639-5d09-43e0-8860-87567100357e,2025-06-15T02:00:26.120104,b75dc761-d43d-411a-8c59-eb6861403b40,
67baae36-4abb-4efe-a63b-bba030092a69,8aba1b86-8f55-43f2-8382-774713d3fa8b,documento,pdf,https://ejemplo.com/evidencia/0caced95-e9a6-4e28-963e-584691cf284b,2025-06-15T02:00:26.120104,bfa86e4a-bf2c-4657-a5a3-edb33107bccb,
f9ac4550-4223-4b0c-8c46-64810e861c62,6ce7ff68-7e4a-4069-99de-7cbb92b59fd4,documento,mp3,https://ejemplo.com/evidencia/d3d10921-c814-41ca-b7ec-679fe87c743f,2025-06-15T02:00:26.120104,fe785419-0c78-4bc1-a7aa-2cc6eaaf567c,
71a5076f-2645-4dc5-84e0-606e4c92082c,71416302-8733-4a8a-9de2-03af28612e9d,foto,mp3,https://ejemplo.com/evidencia/8485eaba-230c-464d-ab9c-e94dfdf748cc,2025-06-15T02:00:26.120104,a9e9110c-3214-4c9e-ba21-e5ffa54d3bab,
ece711b8-cfd1-4f2f-a76e-5c92026c606a,8230bfe4-3493-4cd5-9d75-2c94696111d5,video,png,https://ejemplo.com/evidencia/6e249a4a-030b-465c-8aa6-cc0602c7c835,2025-06-15T02:00:26.120104,13f36ba8-2e3e-4280-8fd5-62aaea9a6e2b,
60a8f5e9-141f-4223-aa76-9b44102f5d08,468429f9-cbb1-4194-855b-8abf02524e8b,video,mp3,https://ejemplo.com/evidencia/2ccc81ee-3959-4587-8583-b558240fbefe,2025-06-15T02:00:26.120104,78fc512d-a1ea-4d3f-b107-4e302ac4187d,
25af1de3-bfa5-405a-a787-41a9342b48c9,5c1ce54f-bcdc-4489-bbcc-cdf404c330e9,documento,png,https://ejemplo.com/evidencia/b6167ac1-07ac-4e63-92f9-9d08aec97860,2025-06-15T02:00:26.120104,8d538381-f8e7-4966-9a7d-75a053b64e03,
a01e00d6-9b33-4c28-a0b0-e512bbe2451d,d07cd455-dfba-440a-9492-66d5f9f46a9b,documento,jpg,https://ejemplo.com/evidencia/621300c4-a8b1-49e0-a566-929c8e6eab3a,2025-06-15T02:00:26.120104,d6fa77ed-3582-4e3a-83ef-85ba30dc7010,
71083da1-de60-4cad-bf2f-779ec5b447ad,1902d5b6-392f-4de0-8177-4981769cdf50,foto,jpg,https://ejemplo.com/evidencia/ad571d17-d767-408a-b9f2-7afae841b4df,2025-06-15T02:00:26.120104,bfa86e4a-bf2c-4657-a5a3-edb33107bccb,
f7e7b551-bcd8-4875-8a3e-d158cb726548,9f212900-89b9-4fed-8f26-268a44ce74f5,video,mp4,https://ejemplo.com/evidencia/ea374b6a-9c5e-4bc2-8bec-4a097ff4c158,2025-06-15T02:00:26.120104,f79de586-5620-45a2-beca-fe72ab2406fa,
16fc6c09-8e67-42ec-a08d-27144d780e4c,1e5e1fe1-8bac-4042-a52d-462e65c28390,video,mp3,https://ejemplo.com/evidencia/dc60e201-ac60-4eb6-9801-a192a4dde479,2025-06-15T02:00:26.120104,c1ce271d-30ce-4197-beb0-e38ac09d0579,
739c2afb-855e-4244-bd23-a513de669fcc,94f67d6e-9470-4886-97de-497b8935c4be,foto,png,https://ejemplo.com/evidencia/be2c8f68-bbd0-45c1-adf6-ee024824a0c7,2025-06-15T02:00:26.120104,d26b78ad-d655-4788-8a57-6f55398dab7e,
7572626b-f448-4ace-a059-74095059ac60,63d7b331-d09e-498f-9653-5359350439cb,video,pdf,https://ejemplo.com/evidencia/95e0de0a-8a14-4658-9c1a-64592918bd30,2025-06-15T02:00:26.120104,a2bf5123-c769-4f09-b2a6-dea036a87357,
efd34fed-032e-4f80-8b53-61f51736fb56,83441fdb-6130-4af0-80a2-8b119a7b936d,documento,pdf,https://ejemplo.com/evidencia/4e76afb4-7053-4e1c-bb97-376c87e3c0da,2025-06-15T02:00:26.120104,76f357e4-dd08-44d5-83c5-5cb881882de7,
26b56877-f23c-4f27-865b-fb69d80b91cf,657287a1-9ca0-45e9-9f5d-70fbd2a150d9,foto,mp4,https://ejemplo.com/evidencia/cb037c0b-14f2-42c9-97fd-fa85a544962d,2025-06-15T02:00:26.120104,21d98432-0ba5-4855-b7e0-199d67c49934,
01db3176-8bae-47dc-8484-246672a2f5d5,2646ebb8-8643-462f-b683-33254fc14069,documento,pdf,https://ejemplo.com/evidencia/576df622-baae-418d-b366-aca82b23fe51,2025-06-15T02:00:26.120104,837fef48-f3af-41fc-af54-4677427a66b8,
e67a618b-1112-4d14-856d-3305855aaf37,b75b2b15-dd89-4d42-8e23-c1d64f43cc1f,documento,pdf,https://ejemplo.com/evidencia/b7fed5ab-f77b-44ef-ad80-6afa6d7d8e86,2025-06-15T02:00:26.120104,e1c534c2-7c5c-4879-97f9-2a2227f761c8,
a4707fd2-8a8e-4ac5-b7ab-9beae9133e1d,172e9642-5943-40fe-8e09-7dce9683cb1e,documento,jpg,https://ejemplo.com/evidencia/702ed49c-452d-4548-9e7b-a7d523e45890,2025-06-15T02:00:26.120104,0e8a54be-99b9-4456-86ad-194c07c1fd12,
c96065b8-9c1e-4bb6-9944-01b1840d2fb1,101ad415-7fff-438e-ae5d-0ccd1dec1182,video,pdf,https://ejemplo.com/evidencia/f5b00ca5-45c4-490e-ac8e-214ce115b35d,2025-06-15T02:00:26.120104,4dcbc702-28ad-4e13-8757-f39a37af0157,
5e8758c8-f404-43a1-a33f-ef650b8fbe51,eddf87dd-4517-4122-8554-753b2e964dae,foto,mp4,https://ejemplo.com/evidencia/dcd0aff6-c267-4a40-ab23-00f2a54935fa,2025-06-15T02:00:26.120104,b21fab0a-3d01-4f25-a62f-1dad05b5ec39,
afd2b81d-3ff8-4394-a33e-69c8a0320f4a,eeec5953-d936-4cfa-afda-d10a446d87f0,documento,jpg,https://ejemplo.com/evidencia/c8c81ff0-74e2-446a-afc4-edb3f5b3f435,2025-06-15T02:00:26.120104,6fed4398-e805-4dfc-8af8-350ba1187ce7,
20cb9050-99fb-4749-a138-bee670d27379,2690c48d-a892-496e-858f-b0ad9a0c9c7d,documento,pdf,https://ejemplo.com/evidencia/8a2cc285-9e74-4c33-baed-bcd8ebdf59af,2025-06-15T02:00:26.120104,ac356e7f-d481-4806-8bb5-c4eb89cf58f7,
78d20183-f2da-47ed-a636-d0ab6c716157,5a14163e-27b8-46eb-a0eb-4e4112aa98bd,documento,jpg,https://ejemplo.com/evidencia/f96d9e65-d5ec-4f61-a9fd-d7f0dd882442,2025-06-15T02:00:26.120104,43ef1852-5036-4af8-952c-ebe9f5455cc6,
630f56b9-dcbe-4f41-8ef7-24bcc47d7e76,1ae485b4-dafe-4383-8255-723402f13203,documento,png,https://ejemplo.com/evidencia/8d7598b4-73e9-48d0-a8b2-f6de250efdfa,2025-06-15T02:00:26.120104,1dbac2d5-5649-4985-992e-7dce91bde3ec,
4820150a-b35c-47f5-93b4-ec59c0ff2473,0c3a47d2-d25c-46af-a52d-9e54573ab326,foto,jpg,https://ejemplo.com/evidencia/0564a268-ad9a-428b-9366-fae3dd258004,2025-06-15T02:00:26.120104,9008db7e-b3f1-4a5b-bcfe-817040584a07,
ef84a658-1475-44bf-9101-a7e299b0d24f,aebf8184-a0c1-4da1-834b-f3d09adb98b2,video,png,https://ejemplo.com/evidencia/7bd8a6d6-e9db-43af-ab4c-a567b6581d8d,2025-06-15T02:00:26.120104,87dfc384-a801-4d15-b339-6fc3c4215975,
c4d55c04-89a6-46b2-a936-7f7c8a6df8c5,b1153fe3-dcae-4248-a681-61e1e76f000c,foto,png,https://ejemplo.com/evidencia/104177e5-daa7-4d2b-b8bc-8b3fd674b97b,2025-06-15T02:00:26.120104,97334f1d-e559-45c4-ae39-a75e2f055687,
d3d6738d-b87c-4100-b3f3-1c560a8c91b2,40d0617e-2446-4cc9-8ac1-45212030706b,documento,jpg,https://ejemplo.com/evidencia/7f511892-c30f-4f26-99fb-543d5b038220,2025-06-15T02:00:26.120104,7ec7da82-9ebb-4be2-89f9-6c972e442265,
20b0dc1b-8e6d-45d7-ba01-9512aeea455a,8182ebe4-c130-46ce-9533-fc7c1d53434b,documento,mp3,https://ejemplo.com/evidencia/cb4162f3-9a04-4fd6-b24f-c9602dadccdb,2025-06-15T02:00:26.120104,2855ed30-46d5-4879-8e19-8bdde8e4955e,
ea282a1c-4e02-46f7-b060-24e72d64f2bc,a502eb40-d50e-42da-8ea6-ea828a9584e7,video,jpg,https://ejemplo.com/evidencia/f047f0f3-b6a0-4795-93d4-3103c35872ac,2025-06-15T02:00:26.120104,059ce99a-5b31-4e3c-9eee-2b56b7507bb4,
ee60abad-5622-4c96-92e9-d9f8a6dd9565,ec17d3d7-bcd8-47e8-baa3-cdd2a2d6068a,documento,jpg,https://ejemplo.com/evidencia/5b0fe77f-89e6-42d4-a5a8-a8765e95ea1f,2025-06-15T02:00:26.120104,e21dded0-b457-4525-acb7-11842f4bedfe,
6f7d9617-ba16-4a00-bdb5-2fd7270f3600,2ea7ecfb-bea2-41ec-9672-66d7b2b87854,documento,pdf,https://ejemplo.com/evidencia/e80efd04-0e6d-49fd-884c-d9b8daea96a3,2025-06-15T02:00:26.120104,775fdc56-325a-464a-9c7c-3deb15cd1886,
26ede509-ae1e-47f3-8697-3565e7eb71d6,ba6acf4f-a298-4eb6-8b54-8bf3c7d6dfb4,video,png,https://ejemplo.com/evidencia/2c77ec2c-1514-4577-b8a6-6064a3de6f38,2025-06-15T02:00:26.120104,70e33cf5-b109-4662-9262-4cbd45a4d0cd,
62700640-a953-4939-8475-d9f39ef4d370,b312c65c-288d-479a-9a4e-0f30db8c61c7,video,png,https://ejemplo.com/evidencia/88e6bfa6-1992-4712-9190-55d0f4817f19,2025-06-15T02:00:26.120104,958a96fd-df1c-4b2f-af15-eee3f985ede5,
ec357b39-3034-4eba-a872-67e3df476c68,c77ffae7-1841-42a1-ab23-d47e0a4ee295,video,png,https://ejemplo.com/evidencia/003be7a1-a2ce-4e83-804d-980c9693e748,2025-06-15T02:00:26.120104,a40d8039-d807-44a8-94de-e9bd1d8c7c68,
1091211a-c356-4597-a60d-d1638643b8b9,6329ee63-88ef-4c2e-9962-dedad99b7d29,video,png,https://ejemplo.com/evidencia/e4d7e754-be50-4684-ba5f-9a2145a36e4e,2025-06-15T02:00:26.120104,fee14ca3-08c8-4281-a84a-fa878689a885,
943ff2f3-cda9-4117-abec-392fc1440dbc,0ce97b43-7bfc-466c-8e22-dc8a2ba9ee1a,foto,mp3,https://ejemplo.com/evidencia/ee99f1f5-813a-444e-a8a7-17cd1dbefabb,2025-06-15T02:00:26.120104,52b51481-9e6a-4e7c-8101-03670ad7863d,
b0d1ebf6-65af-4498-90dc-a0cfee1d0ada,0e64f070-49af-47bc-9838-1b91c7014a08,documento,pdf,https://ejemplo.com/evidencia/a6b79697-51a7-4f7c-bb0a-736ff244af30,2025-06-15T02:00:26.120104,6f81cdce-f444-48ad-bcc0-b987e28e38e8,
1982b0c5-8121-4ec8-a515-b6f9d2dc5f3a,8a16697a-eea9-4e45-a1c4-b982a8717cd8,foto,mp3,https://ejemplo.com/evidencia/5ea35918-60f0-4a66-9a41-5d3d58f74733,2025-06-15T02:00:26.120104,7605f5d8-384a-4140-a7c2-b5264f3ac3c3,
de990fe4-9340-4930-8948-9af7e61cebc0,62320d48-600f-4f73-a444-82339025104b,documento,pdf,https://ejemplo.com/evidencia/0e3dd592-77a4-4b5f-b17e-be32cad7e5ef,2025-06-15T02:00:26.120104,bcf3e07b-2e21-41be-9af7-d2e5f486165f,
7e954bbb-a052-49b6-84e8-643e4526029c,325a1149-3470-47d9-baea-491e04de8cc2,documento,mp4,https://ejemplo.com/evidencia/72bb51be-c0fd-4399-bdd6-390c61d3bb80,2025-06-15T02:00:26.120104,497349d1-0102-47bf-8a33-25c239530ea5,
0c697bf8-1ff7-4161-b282-a6dc6bdf1e70,e5cd2910-7bb0-4215-9d99-01173cc7cff5,documento,mp4,https://ejemplo.com/evidencia/06f9aeaf-d0ab-44dd-aa33-a175f9e5250b,2025-06-15T02:00:26.120104,af269a52-7199-4e6e-9c24-3069044f6806,
2dae3e41-cb56-4ad0-8164-5961dd23353c,9dbb5d80-a511-4934-b024-38218bec6315,video,mp4,https://ejemplo.com/evidencia/ae556288-591f-43eb-8289-7b631b017449,2025-06-15T02:00:26.120104,340d4655-9af1-4438-8474-0d70afac807e,
f89ce1f2-8c87-48be-8bbf-7b75873282fd,92d02ec4-5e36-4a1a-8f31-a52d7a28ae21,documento,mp4,https://ejemplo.com/evidencia/663ec0f3-7118-48eb-812c-cbd125e75b41,2025-06-15T02:00:26.120104,26358019-2575-4fa2-9887-6fb4f7774e47,
1de3b186-d8a8-4cd5-97bf-b1a23a50722c,eb3fdef9-9320-4e4c-873a-103a92644e53,documento,mp4,https://ejemplo.com/evidencia/46b4a0f6-0719-4e7c-9ff4-16e8669aac51,2025-06-15T02:00:26.120104,dd2908f0-43ca-459f-9bd2-8c6791b97d77,
8a8ca356-a698-4850-9361-858cc114c2a4,260a40ec-7a8f-4179-b23a-b6ee4e96f034,video,pdf,https://ejemplo.com/evidencia/28729a7d-2867-4bfb-b77b-ec9e07b681a0,2025-06-15T02:00:26.120104,a4042a3a-6ef2-4bf2-b599-a4fd4e8ce317,
f100cf45-bbbd-4014-baf3-22155500593c,3026238a-84b1-4a6b-827a-2aec851b6b79,foto,jpg,https://ejemplo.com/evidencia/975cc392-236a-4b95-93c8-62f7aa9e55ee,2025-06-15T02:00:26.120104,30cb274b-af31-4613-bc4d-f42d1979f794,
545b0ffc-7ad6-4c7d-ba17-85cbd9f3a714,2e250588-b7a6-4c8d-8dd7-6dcd9793a6b1,video,pdf,https://ejemplo.com/evidencia/cf17c6b7-2ac8-45b0-80a2-7a87eb90d419,2025-06-15T02:00:26.120104,786cdb53-b307-4b3e-b14e-10de302c3b70,
885ef24d-d793-49ff-b270-0590bf24fbd7,92ca7ca2-caac-411b-a09a-6a569671c6ed,video,jpg,https://ejemplo.com/evidencia/467cef84-441f-4464-9076-7879f2c47049,2025-06-15T02:00:26.120104,f725ef4a-1361-421f-b5c8-351e088499e7,
9633c2a7-a983-4fe2-a44c-c1ee37072e53,9f625ec9-216f-4490-af38-2b7c62275303,foto,pdf,https://ejemplo.com/evidencia/b90f3e36-bd17-45e8-9e5e-7ce18014b1f3,2025-06-15T02:00:26.120104,d3d4215d-2549-4a60-90ae-5673fe6147a2,
1d7ebbd2-9883-485e-9254-86d60d59b7cd,b80010aa-375e-4241-94c0-dd8043dd1e93,documento,mp3,https://ejemplo.com/evidencia/3e63bda3-7593-47c9-99b1-b2dd90fd4b0f,2025-06-15T02:00:26.120104,707ef963-2712-48d7-91f3-ad65061f8fc9,
a8e14ba3-9b7b-48b0-b392-9d647a6b540b,e1e3ee6d-a559-42da-b8eb-f729765586cc,video,mp3,https://ejemplo.com/evidencia/6d78dbb1-805b-4acd-8a09-3dadc687e30f,2025-06-15T02:00:26.120104,837fef48-f3af-41fc-af54-4677427a66b8,
866b416d-b641-4a7b-a644-c8a7dfa9278f,e8397684-94dc-48a9-8dd2-a38c0e962533,foto,jpg,https://ejemplo.com/evidencia/b1f2b513-907c-4dd5-9e09-8e48cd862080,2025-06-15T02:00:26.120104,78fc512d-a1ea-4d3f-b107-4e302ac4187d,
20080453-25b6-4efa-9464-b3869e6b17b9,e0ce2869-d2b8-498c-8ed5-a810cab20b14,foto,mp4,https://ejemplo.com/evidencia/311ce63b-2b77-4ac4-a3fe-1a3416fda288,2025-06-15T02:00:26.120104,211ba499-d814-468e-aa1b-c19386da803c,
026d078d-67e2-45d8-94b8-6a61b13dd46c,f59b82bf-d3cf-4d15-afa2-3b0865946602,foto,pdf,https://ejemplo.com/evidencia/a6621e10-301d-4cb2-88ce-5a12436ded67,2025-06-15T02:00:26.120104,00f2064c-8561-49fd-b999-160a360f3215,
fd1d65d2-192b-4aab-90c9-c6e73e369a39,396dc1e8-4249-4ddb-8e1a-510c566c0d59,video,mp4,https://ejemplo.com/evidencia/103ac2a9-bac0-4aa8-b242-a5d0cf7f9b9f,2025-06-15T02:00:26.120104,e1e13edc-4276-4517-9cb2-c60e686f9bac,
d37141de-3935-4a3e-8de7-402814eabd69,18d6b21a-5f72-4c1d-be09-c6a9e1fb1216,documento,mp4,https://ejemplo.com/evidencia/0a90e388-59be-4c9f-a5e7-cf4dfca69455,2025-06-15T02:00:26.120104,1d5c27b1-9adb-45ad-b89b-742e10afc1ab,
92691475-727a-48ff-bf1e-41f269cc410c,13b4ff7d-cb80-4cbd-9882-0f803cff08ca,documento,mp3,https://ejemplo.com/evidencia/c441be1f-c09a-43c4-a6dd-ee407186569f,2025-06-15T02:00:26.120104,7b134324-922a-4fae-86a7-319a57682196,
69964f76-25dd-4d61-ab59-697e76e48236,37bc8870-bada-4651-9bf0-5c4f54f3c839,documento,mp4,https://ejemplo.com/evidencia/f283cb00-5640-425f-a236-3c4a8676fa61,2025-06-15T02:00:26.121103,87dfc384-a801-4d15-b339-6fc3c4215975,
71a55010-7f62-4ff2-8d6e-b8db000b1b71,3573f087-8409-4b03-905e-482c16787306,foto,mp4,https://ejemplo.com/evidencia/3d0d2122-015e-48b2-a564-1221ea7b299b,2025-06-15T02:00:26.121103,eb1fa1e9-d06b-4261-908d-13e76a75c226,
330458ec-90cf-4cad-be1d-c549a0bbd981,458113d2-8e03-4622-87b1-138bc2782746,video,jpg,https://ejemplo.com/evidencia/774a1280-8fec-406a-a337-df6100a0895a,2025-06-15T02:00:26.121103,fd29009a-1ab9-48e6-953b-188f32ca2f12,
69c43205-ceed-46fa-b8ae-0ec41727cdbb,7e48d919-7993-4f9e-bbee-07a46ddb43a6,video,mp3,https://ejemplo.com/evidencia/2fedd447-da67-4ef2-b31d-9bae9555a829,2025-06-15T02:00:26.121103,d6389ad0-ce17-413c-a613-6e7f80c22557,
ebc672bf-f876-4cb3-80f6-333002cc8694,144b2e01-3bb8-45a5-bf84-e0efe5a03304,foto,pdf,https://ejemplo.com/evidencia/9e1f5087-efca-4f60-9edf-f4129fb5f971,2025-06-15T02:00:26.121103,2d21d2ea-6209-4462-bba2-6da5a7aa03d4,
9a00e669-3b23-4f67-a427-dfba769beaed,f7bc5d9b-4e4a-4703-bdb9-22a74112dca2,video,mp4,https://ejemplo.com/evidencia/7c5d3a5a-4f9f-45db-9ffc-7e270218ead1,2025-06-15T02:00:26.121103,e1c534c2-7c5c-4879-97f9-2a2227f761c8,
99d3e7dc-ef96-43ea-a981-50c6702651a0,ae775d7c-75f7-4a7f-82da-2dc0a17c5b07,documento,mp4,https://ejemplo.com/evidencia/34954754-297c-441f-90d3-9fdfd6dae03a,2025-06-15T02:00:26.121103,d5ee2479-474a-4d9b-9ae6-dc470a67befb,
c5752df2-63cc-481c-a38c-59a34981134e,ac5a9939-ae7c-4af4-8344-6e77954c4d1b,foto,mp3,https://ejemplo.com/evidencia/dca6002c-f995-46c3-83f5-2e7dc338cee0,2025-06-15T02:00:26.121103,bcf3e07b-2e21-41be-9af7-d2e5f486165f,
47e4d3d4-3710-41b7-9858-6f327b7cc8dd,38f45aac-d3a4-472a-90d5-9f2c4257263c,foto,mp3,https://ejemplo.com/evidencia/6ef51b95-99a1-4b4f-a629-99ba0c35421f,2025-06-15T02:00:26.121103,481be87c-aa2a-4ee2-940d-e6c0a0583a38,
23b4cc78-ef2e-4cb1-b5a1-cd1a69b95860,64cafcbb-286c-4b94-84be-61c8cd54a4c7,video,jpg,https://ejemplo.com/evidencia/7ee413a4-2cf3-4585-90d5-0917e8093429,2025-06-15T02:00:26.121103,775fdc56-325a-464a-9c7c-3deb15cd1886,
0452b667-a2d2-4e86-a2f3-2a5ccee72a39,edbcf4f5-5275-43ef-bead-3ba47e8255a8,foto,mp4,https://ejemplo.com/evidencia/f2c0e879-6eb6-448c-82af-903c14417468,2025-06-15T02:00:26.121103,9b6d1931-2d3a-45bd-8bec-40d3afd2f115,
5496a33f-02b0-4e3d-adea-24db7ed20056,7691e0f4-59bf-4d37-a0d0-2e3bb580f11d,foto,png,https://ejemplo.com/evidencia/55e140e5-2e36-489c-9aec-2349a7307ada,2025-06-15T02:00:26.121103,76f357e4-dd08-44d5-83c5-5cb881882de7,
d0ad2a73-fa9c-47e0-a376-1c62980c7355,fa1c2607-c4ca-49ba-8d71-d0ec634e9340,documento,jpg,https://ejemplo.com/evidencia/666837f4-3b90-42b0-b504-c017a9a27048,2025-06-15T02:00:26.121103,340d4655-9af1-4438-8474-0d70afac807e,
fdbbe814-392f-42a3-87af-e20f187adb88,2d20f4b1-0572-4e7c-be91-c11b859a3fe7,documento,pdf,https://ejemplo.com/evidencia/3b00960e-bcd5-431e-b5d2-f8245305cbae,2025-06-15T02:00:26.121103,9008db7e-b3f1-4a5b-bcfe-817040584a07,
3bf80088-378d-49a2-9c50-f63fb39d872d,5992d1b5-41dc-436d-951f-351efdec06c3,foto,mp4,https://ejemplo.com/evidencia/91692760-62b7-4fd7-aff7-dee2594b3187,2025-06-15T02:00:26.121103,f547bd89-ed38-4dc6-982a-650331b66221,
2f515857-43af-4f7d-927e-2877ea9329f9,1a597b72-9601-460c-af0d-a20a8697ad1a,video,png,https://ejemplo.com/evidencia/7f6b2136-4b29-4cb9-86ee-46c6fca3c75d,2025-06-15T02:00:26.121103,f34b490b-ca66-4f2d-b7b3-778b86951feb,
c043411c-444c-4d2f-a25b-074e6186e5d9,73addd72-5171-4e14-8e2e-a9082cdb3b21,video,pdf,https://ejemplo.com/evidencia/a71dfa0d-e5cd-4c34-864d-f92a52a1c45e,2025-06-15T02:00:26.121103,0baaebef-1d25-41c2-a54b-07bda16cd83c,
c0d19019-8c5d-484b-ab80-4364fa0aef5e,3ec013b8-a523-48ce-b2a5-ab13274d6ee9,foto,jpg,https://ejemplo.com/evidencia/ba415929-6e9c-45bf-9f20-628d0f00463f,2025-06-15T02:00:26.121103,0190be6c-bcc5-4c09-b46d-e3fc91706dfe,
afc4c0c0-b473-4665-b1e3-33962ad43327,a94cbff6-13b2-4acf-a670-ee5dab9a62eb,foto,pdf,https://ejemplo.com/evidencia/68a15f2d-6036-45d4-8b5d-382bb9361ea3,2025-06-15T02:00:26.121103,5791569d-38d9-4030-ad40-aa8b9fbd15cc,
500be509-f7fb-45cc-b37b-35ea5223a941,c519eb43-636e-49c0-85df-92ae0244f55e,documento,mp3,https://ejemplo.com/evidencia/f592bb65-cfab-435c-83da-299523d2c172,2025-06-15T02:00:26.121103,2855ed30-46d5-4879-8e19-8bdde8e4955e,
73aae717-611d-479e-bc69-5884011548c8,1aa9f933-451e-4b90-9a43-f82c01081c3a,video,pdf,https://ejemplo.com/evidencia/7c92e239-ee09-4d02-a350-7f112e49188a,2025-06-15T02:00:26.121103,5ecf6353-f300-45db-b30c-01edc66c3b26,
df67497d-a40a-4c31-8c3a-8defc7097da0,5d6bb423-1201-4d38-8793-0646f2898a1d,foto,mp3,https://ejemplo.com/evidencia/65913af1-842a-40d2-b698-894c1d0ba118,2025-06-15T02:00:26.121103,12336382-cece-40b0-b424-74803238b7ed,
eaf496b0-2f37-4223-bb60-246d605188dd,4de01cfc-f011-40ed-a243-f8c5db5f8397,foto,pdf,https://ejemplo.com/evidencia/0c54819a-b927-42db-bfb3-c8bd6e915590,2025-06-15T02:00:26.121103,f69b60e3-74d4-4f0b-be06-9ff54d84a66d,
07ee2898-a397-4f8a-af1d-f6c1eb046bf8,31467a67-e750-40cb-abb3-e228e97abe53,video,png,https://ejemplo.com/evidencia/624078fb-ff67-4793-bd91-81cc6ce99340,2025-06-15T02:00:26.121103,2855ed30-46d5-4879-8e19-8bdde8e4955e,
995dda57-4abb-449a-93b8-f17a07c85faf,ef629c5e-048f-47a0-a69e-18da8a02d956,foto,pdf,https://ejemplo.com/evidencia/db9ddb95-0993-424b-8c38-e674bae4cf26,2025-06-15T02:00:26.121103,2d7b3c59-c8f4-49d8-8bf0-0b06b195e5bb,
1e891c40-2bf7-4c9a-9fc3-93bd5e042d30,5d4b414e-112d-4843-9bcc-7b11b32a0869,documento,pdf,https://ejemplo.com/evidencia/96f7ed74-fcdb-4637-8aa3-24596c6cbae6,2025-06-15T02:00:26.121103,1716753f-d415-4fd2-9897-c1db99f7ee6b,
466fda6a-04f0-4ce6-846a-89852232ab1a,926d4c08-9117-4c68-add3-a8345a952c58,documento,jpg,https://ejemplo.com/evidencia/ed7c7345-5c68-4a61-a607-bb7e83fb487d,2025-06-15T02:00:26.121103,bee4e019-ecc8-4cab-9eb1-cd4568291c53,
adf7b705-d009-46ea-9ae5-812c9c4d4d47,224da800-b047-4278-af8a-5b97f1e14fbb,video,pdf,https://ejemplo.com/evidencia/41a35cc5-1cad-4a7d-9d25-3757aaac4081,2025-06-15T02:00:26.121103,ec2ea81f-e84b-4bf2-a0d4-d5e9a6bd0b03,
661fd99b-570b-4fec-9669-c40e10d18fab,6861335e-4205-4f09-91e8-af542d424992,foto,mp4,https://ejemplo.com/evidencia/24c6d07c-86f6-47b9-8d2c-5eba7c935610,2025-06-15T02:00:26.121103,70e33cf5-b109-4662-9262-4cbd45a4d0cd,
a64bf263-19f9-434d-aa11-ead57be7d2a0,a79e8648-cc1a-4703-83a7-c634b29030c9,documento,mp4,https://ejemplo.com/evidencia/938dc616-6c7b-4ac8-a472-d4473e6b759b,2025-06-15T02:00:26.121103,88e3af56-9a14-438b-87dd-80de1c662fbf,
e28eac1c-b581-41cd-9072-3615d97f5432,1c3bb8f5-c018-4e6d-8d8b-93adc62b8f99,foto,png,https://ejemplo.com/evidencia/2e646286-075c-45a4-87c8-1032e4bb23cc,2025-06-15T02:00:26.121103,c9bdb678-c5b2-4004-b813-68b4745942ca,
58ebbecd-4c22-4cd7-89fa-ba37bacc448e,bf6b9a11-ac66-4862-8238-276847334b35,documento,jpg,https://ejemplo.com/evidencia/439742b2-6d1e-4e13-b3e4-177f4cea11d8,2025-06-15T02:00:26.121103,2c931ddb-fbb2-4e1c-861c-14d3fabbac51,
af5d0cc5-c9f8-4353-98b2-df653f90e319,73d6a10c-42d1-4f2f-9ee3-bd359847b7f5,video,mp4,https://ejemplo.com/evidencia/f7afbdbd-d6df-49a3-9670-00a7a5128448,2025-06-15T02:00:26.121103,45473c0d-fd92-4c53-8362-41e73a7101d4,
e622906e-0f88-48cf-8434-9d29e0ad38e2,afc89186-45b5-4439-86bd-038d037cf312,foto,jpg,https://ejemplo.com/evidencia/cf4730a7-3ef0-4f43-9954-3d2a2b44a516,2025-06-15T02:00:26.121103,9b6d1931-2d3a-45bd-8bec-40d3afd2f115,
4797f8fe-d922-484f-b389-9f66221f10ac,988e5e98-5835-4860-aca1-979d46f41156,documento,png,https://ejemplo.com/evidencia/d0dc83ca-955d-4e56-a216-d84eb17332ab,2025-06-15T02:00:26.121103,89aa59de-c742-4c9d-b70b-9d84775118ef,
1a732d95-a8ae-46e7-a8ff-02f46ded5dc5,3920a040-f691-46fc-bd92-251f2fff68b6,video,mp4,https://ejemplo.com/evidencia/53d56622-a23f-430d-a9c4-a4b33fcbfc88,2025-06-15T02:00:26.121103,e904e160-2a60-4bbc-af99-78980c050b1f,
4a2c5259-c5af-4828-a289-2e2dc8b3d39c,f867aec2-c0cc-42aa-9009-f74ec1dc2b14,video,pdf,https://ejemplo.com/evidencia/6eb16b12-f172-4ae6-9724-3cb8086862e5,2025-06-15T02:00:26.121103,3e9fd66d-02e4-48a1-807c-483ea7130da4,
199e5a4b-eb6a-4ebc-a1fa-a078451f3fe3,664bdefe-10e4-425c-89ba-06c00771ce38,documento,jpg,https://ejemplo.com/evidencia/fcd56446-b755-4622-baed-cc1a79eedc09,2025-06-15T02:00:26.121103,ab73797a-a0e2-4e27-933a-382ad1960415,
b181314a-af03-401f-a17f-848e3b8a4670,769791bf-404f-4bfb-a3a6-0f2a61a6394b,video,png,https://ejemplo.com/evidencia/e64fdbe3-4f02-4d21-abc7-f669577fac2d,2025-06-15T02:00:26.121103,fe785419-0c78-4bc1-a7aa-2cc6eaaf567c,
9391f1b4-4511-4ecb-b9c5-fc4179481e1d,9bdb9119-d7c7-45f6-8739-da65171f813e,documento,mp4,https://ejemplo.com/evidencia/42281f7e-3942-4894-b95e-d2441dba724f,2025-06-15T02:00:26.121103,3dc74b99-91cf-4827-8c59-88a9cd9d3156,
12fd254b-5e3b-4d53-8be6-e527c077f760,e956df3a-061c-4360-9bd2-c4c4295683cc,video,pdf,https://ejemplo.com/evidencia/cd256ca4-2541-4291-9e6c-7aed5c2fef6a,2025-06-15T02:00:26.121103,50f85fc1-e16f-487f-aae8-36521406ff81,
9d938f9c-81ab-4c2f-a757-a9129f6ad963,599d1deb-8112-4499-899d-8f948b4b83c7,video,mp3,https://ejemplo.com/evidencia/877788b8-0b34-4267-9ae1-1ed409fc2906,2025-06-15T02:00:26.121103,76872232-7841-4abe-9266-f999a671a6f8,
ee879958-9cb5-4112-9fdf-c146d6832206,87855b0a-65c9-43b0-8392-ca8ac6051b40,foto,png,https://ejemplo.com/evidencia/a96b4a5c-bafe-43f5-86c4-cf4d1dd61925,2025-06-15T02:00:26.121103,ea5e663c-b33c-4d18-a388-dceff9598f52,
e45f1c59-a882-452e-bbc3-bc8dbd749352,010fd7d1-d529-4340-b733-e2e30dc74c61,documento,pdf,https://ejemplo.com/evidencia/6c98fb4d-2735-4717-959c-6233ec3b6108,2025-06-15T02:00:26.121103,e9b31ad4-800c-40f9-a045-0dd5d6c90de7,
57f999b8-628f-4041-81c2-c618e04d7673,28e83462-593b-46e7-894e-7bb455ab3d81,foto,jpg,https://ejemplo.com/evidencia/01546143-6a70-4296-af09-84f9649ebc4f,2025-06-15T02:00:26.121103,a059aa7d-5870-447e-85a5-a962d1ef0176,
09f63979-cec3-415a-a5af-fbc80a1fa2a0,0f0bec70-77a8-4c4c-8754-a7607f4108b9,foto,mp3,https://ejemplo.com/evidencia/b24968f1-dc03-4f5e-bfde-29df2fd61c23,2025-06-15T02:00:26.121103,04a1bbe3-2a6f-4eb4-b969-edc86d0e31b3,
61a28b91-2cac-4aed-8e87-e683351dd402,30ea5b15-6404-4f2d-a1f6-3fb4877c463c,foto,mp3,https://ejemplo.com/evidencia/1abf21d1-0ad6-4d54-9f94-8c54d675354e,2025-06-15T02:00:26.121103,97324d1f-aa3b-4f3e-8119-87e005f7deba,
4c79edbd-b25e-40b6-8016-2524ecb35046,407d3d61-a389-480d-b5ac-5d515e2af8b7,documento,pdf,https://ejemplo.com/evidencia/fc73f3a2-b7f3-418d-ab51-3079f5571bfb,2025-06-15T02:00:26.121103,54227fb2-eabe-407b-bafa-475233c6572b,
83684717-0485-4b7a-be2f-bb5b1b844a7e,62d795b3-11d7-48c6-a854-4102f4f8ae06,documento,mp4,https://ejemplo.com/evidencia/104b712b-f281-47f8-9011-c55a2504dc2c,2025-06-15T02:00:26.121103,a2bf5123-c769-4f09-b2a6-dea036a87357,
bc934ad3-6643-4edd-bcb7-a074e25e6de4,828b5ef5-d8c2-4e81-805e-8e1532e87052,foto,png,https://ejemplo.com/evidencia/50d85d1b-95df-4844-a91e-c19d651955c4,2025-06-15T02:00:26.121103,429bd7fb-b7a0-4390-8e0a-03e3ba597a16,
cd0ccd17-0cfe-4e66-b801-a9222785c497,36fbb15e-10fa-4cf9-a84a-8bd1d4265af5,documento,mp3,https://ejemplo.com/evidencia/f0118e8d-1bb8-4a24-af5b-ca4ec99729a0,2025-06-15T02:00:26.121103,32aae54c-4c41-4aac-a8f1-7ad450d5c182,
028dac44-dee0-45f9-9f9c-81626ad7cd7b,44d2a3f8-a0e8-4027-b605-52fd424bac0a,documento,pdf,https://ejemplo.com/evidencia/b6c7086f-0ddb-4947-93fe-cc2807ec239a,2025-06-15T02:00:26.121103,64269380-ee4f-4d64-ba8d-dfc7f6b7bf44,
f0ce6a35-deea-42e6-92ee-a6d25667b40e,a8d6cacc-f282-4c3f-b6ef-dbedfd6a4008,foto,pdf,https://ejemplo.com/evidencia/62856235-7a83-44df-984d-9047d74c9a60,2025-06-15T02:00:26.121103,a40d8039-d807-44a8-94de-e9bd1d8c7c68,
deb2b1dc-4f62-4ea5-8e8a-d4f0bd0acae9,1d1d248b-0e56-4fd7-9bd2-4644966997e6,foto,pdf,https://ejemplo.com/evidencia/47389aab-149f-477f-b5c2-679c35588733,2025-06-15T02:00:26.121103,55903055-7cfd-4b08-937c-71d02ab562c6,
b2e60b60-6552-4b67-a5bc-aa80642cfc78,0ca84436-b4fc-4799-b0f3-fa55c9dbb3ab,video,jpg,https://ejemplo.com/evidencia/55c28933-962e-4c4f-b9e0-e7afa57d42a3,2025-06-15T02:00:26.121103,01a42953-dd6e-4aea-aa83-bb676a69cfb8,
2f5ab3eb-4da6-41f0-84cb-9682a2af7efa,b4d2b692-3c33-4eeb-b58d-7f485101c8ef,documento,mp4,https://ejemplo.com/evidencia/6e3f4042-74f2-4dbe-a508-556cea220698,2025-06-15T02:00:26.121103,7e856126-fd5d-494a-9282-fc8fb2d90b14,
3739ffd7-89b7-479d-9c03-cbe672f2e403,19e49569-123b-417f-9f17-ef8144e20173,documento,pdf,https://ejemplo.com/evidencia/d988e347-9416-4909-9b23-f5f83794dfe5,2025-06-15T02:00:26.121103,4a607e6f-4b86-46e1-a29d-73393d191bc3,
4a8336bd-951d-4545-94fb-ad4ebf71da5e,b8ea575e-8a22-4aac-83ef-96387f03f36c,documento,jpg,https://ejemplo.com/evidencia/e02fe171-1059-4590-a0ce-ddc8fe57928b,2025-06-15T02:00:26.121103,f8083d2b-3f83-4840-af36-ce810673eea7,
f5dcf72f-8c3e-442e-abb0-1617e25c0306,86386a99-9842-41a8-914d-c50ffa500707,foto,pdf,https://ejemplo.com/evidencia/8b6fc1d0-22ba-4283-b528-a752c019681d,2025-06-15T02:00:26.121103,e1fd5b85-b84b-434e-b073-de1d9c81bf25,
3cfff9f6-fc4a-445a-963a-4c174d74fbf6,0f225b3f-8f81-499e-aa13-30f8dc948f07,documento,mp3,https://ejemplo.com/evidencia/e5bedde0-ea46-4cd2-b109-8d836a05460f,2025-06-15T02:00:26.121103,2c498ddd-fdf6-4406-8e82-b4572a205946,
8c56c8b5-1d27-46dd-a184-da0890584d62,523705b0-7e7b-423c-ac60-32d1b8d00622,foto,mp4,https://ejemplo.com/evidencia/a34695c1-edcc-4f65-a92c-05afb8983263,2025-06-15T02:00:26.121103,64269380-ee4f-4d64-ba8d-dfc7f6b7bf44,
a258c857-6d2c-4de8-b443-3debc95fc740,956c509b-a4c9-41c3-8798-23b5bfba045b,documento,mp3,https://ejemplo.com/evidencia/f4d02915-7b47-424f-ba68-873d96505dd1,2025-06-15T02:00:26.121103,ff832fea-1ac6-4a2f-8b96-5f67d2045156,
408236c3-b099-4eb2-b920-363138e37801,384fbdaf-c70b-416e-b84b-2f0bf0b3f3f5,foto,mp3,https://ejemplo.com/evidencia/f7b925f7-baa1-45f9-aa50-de84d31d618c,2025-06-15T02:00:26.121103,2540f804-8e5d-4b67-88d5-f55e4a494d55,
eaaf26ad-f136-4f21-9ca0-45171bf90773,0293c459-8319-446e-9376-0d79c4306227,video,jpg,https://ejemplo.com/evidencia/b300c9b3-24ed-408c-abeb-96805f6bdb07,2025-06-15T02:00:26.121103,b18eec02-bd97-44e5-8ff6-8a14cc9e7bf6,
ada204eb-69da-4756-ba93-ed805b21fb9b,4f8f3099-12ae-4dff-8605-6f3c670636ec,video,pdf,https://ejemplo.com/evidencia/ddbab284-2cdf-4145-b5ea-ddb64cbefd97,2025-06-15T02:00:26.121103,27dc231e-8207-4cd0-a710-e5d138ef8bc2,
9b2aa6a7-971b-4fcb-ba46-01cc79273754,826a6901-fc85-4cd3-9f8e-f07a5716f803,foto,pdf,https://ejemplo.com/evidencia/4d4a505e-e2dd-4f64-92e5-6ec29a78ce88,2025-06-15T02:00:26.121103,001cc940-183d-42ae-b139-759a448d712b,
1d33d13a-ff59-4bcf-b69f-bd9be3ac651e,5c83715f-50af-4386-bdbd-98ab8b376b7e,video,mp4,https://ejemplo.com/evidencia/c03fad82-f43a-4364-9c29-39bee9c416d1,2025-06-15T02:00:26.122104,424d6cd7-bf50-4b26-abe6-259835f10c6e,
c023241d-622a-49c1-a0db-6678cf11a644,7fe34509-0d4d-4a6a-a0ff-f197acadde44,video,mp4,https://ejemplo.com/evidencia/336debfa-748b-486e-8ccb-87cdb5a3a73f,2025-06-15T02:00:26.122104,3e9fd66d-02e4-48a1-807c-483ea7130da4,
829b82b6-bfd2-4e2c-bd0f-5109cbdddb7f,4ff3f31c-6311-4b1f-bb75-5d6ff889ad73,documento,mp3,https://ejemplo.com/evidencia/0452f728-815c-4932-af61-caf3a4295bab,2025-06-15T02:00:26.122104,f547bd89-ed38-4dc6-982a-650331b66221,
734d6c1b-b347-4f78-b4b9-15bb4f5e572c,f0333c07-2207-495c-a9c0-76cdd97e8490,video,mp3,https://ejemplo.com/evidencia/9dfea447-8760-4a6d-9562-3caf9f25fe1d,2025-06-15T02:00:26.122104,2d21d2ea-6209-4462-bba2-6da5a7aa03d4,
0c948ebe-550d-4361-a53b-8498d8c0637b,74a997ab-00d9-4e57-a117-28028243af6a,video,mp3,https://ejemplo.com/evidencia/e753c05d-d672-4b2b-97e7-c71a1e59fa70,2025-06-15T02:00:26.122104,429bd7fb-b7a0-4390-8e0a-03e3ba597a16,
914c1be0-d172-4add-a62a-d53a69412a6a,418f56fa-872b-4a08-918d-851c45671812,documento,jpg,https://ejemplo.com/evidencia/9b65fad9-5640-432f-a7b9-8d0bfb1498eb,2025-06-15T02:00:26.122104,aaee9314-0d15-4d56-8eb8-232a541a2ebe,
45ad2cb7-da99-4d51-8c1c-070d8127c2c0,553fb4fd-1fc2-4b1e-b0cd-4704149c63f1,video,png,https://ejemplo.com/evidencia/c85ea6c2-f7fd-4c8a-98e1-7a77d89f7e3c,2025-06-15T02:00:26.122104,a9e9110c-3214-4c9e-ba21-e5ffa54d3bab,
21400ad9-1fa9-43e6-8863-573e603db632,11e91756-6a01-49f9-a638-4548e2021978,video,pdf,https://ejemplo.com/evidencia/da53683d-954e-48cd-94f3-70b75e276765,2025-06-15T02:00:26.122104,2ee70078-624c-44ff-a40d-29475f5a27bb,
9e6e59b1-9d82-4829-96cc-2116e396233e,545627b7-8f4d-4a91-9b7f-49cef2e45207,documento,jpg,https://ejemplo.com/evidencia/3fe65517-8ebb-4ddd-8c12-1940d9fa648e,2025-06-15T02:00:26.122104,f69b60e3-74d4-4f0b-be06-9ff54d84a66d,
5d503fda-729c-4f2d-8e54-2846e2b26c4c,ba448ca4-36e7-4358-8d6e-048aedb193df,documento,pdf,https://ejemplo.com/evidencia/acd2a143-a014-477b-a9bc-3b8368ad8c47,2025-06-15T02:00:26.122104,0675298b-f135-4b90-ac9d-1f7919b7cd93,
35545e92-f257-4675-aaf8-78b7c51147f5,671721b5-a5da-4a31-a56f-5a62507b57d0,foto,mp4,https://ejemplo.com/evidencia/d4d79034-406a-4d0b-b604-baa084cb7e47,2025-06-15T02:00:26.122104,8d347fcd-6150-420f-b677-55fca7d6c3be,
bb66acf9-1443-460f-86ee-8fac5efbb7ba,c242fca6-0b17-4fff-ba9f-275955d70fb3,foto,jpg,https://ejemplo.com/evidencia/d8270d63-5ed6-4983-8185-b3d62d3a5f27,2025-06-15T02:00:26.122104,90fa6237-27cf-4b92-b774-c4c4fdb9f5e7,
4519dc2b-2010-416c-8631-9eb86307dbc7,9f1f1fde-1d64-4a0e-947f-dc29ed8e05d9,video,mp3,https://ejemplo.com/evidencia/63db4ed6-a225-459e-970c-2cd8a4ef5ba2,2025-06-15T02:00:26.122104,3c0c078f-a7e7-4e71-beb9-924c6bb676b5,
11dba540-473b-49b6-8db4-3085af9cc7fa,e81ab5e0-82e2-4c55-8e92-ea06b6a2a455,video,png,https://ejemplo.com/evidencia/e57998c7-f161-424d-a0a6-97226f4c684a,2025-06-15T02:00:26.122104,1758b530-cb28-4b41-8fc5-ee8443200dd7,
9d7b92e5-00c2-4a84-85ea-e96b4947a1fc,00775695-71f4-44e9-a463-f95237e40455,documento,png,https://ejemplo.com/evidencia/564adac6-70f8-4927-8caf-be3aedab0a56,2025-06-15T02:00:26.122104,300dba2f-9e12-463f-b380-aabd716ecd3b,
bb332752-8e6e-4ec4-857a-ef58b2036709,9eda02ff-662e-4fe7-a0d4-4d1f47bd302f,foto,pdf,https://ejemplo.com/evidencia/721afd37-8d0e-48a3-a445-afdb6ce2c9b8,2025-06-15T02:00:26.122104,bee4e019-ecc8-4cab-9eb1-cd4568291c53,
16f77157-1b41-4f4b-867a-36b66afdcf89,65781e0b-fc7e-4d65-8d6f-ac22f283a6d3,foto,jpg,https://ejemplo.com/evidencia/7f5abe10-1cb7-4d94-8b2d-9534a7439fec,2025-06-15T02:00:26.122104,d6389ad0-ce17-413c-a613-6e7f80c22557,
9ec7aebd-5106-461c-85a9-31ab2ddf1ff2,70a642a5-5d38-4df5-9659-dd5c3390e6f6,video,png,https://ejemplo.com/evidencia/29c917ea-1b9f-4f22-b5e6-a78f3e168267,2025-06-15T02:00:26.122104,445efb38-13d6-41b0-98e5-33354414c576,
5cf0f088-8fa7-4451-bb29-93bf82e6c572,9c6a1d22-9e7b-44ab-a94b-0f797cbf6cc0,foto,png,https://ejemplo.com/evidencia/7ecc41f1-e586-4dac-b46c-2894cead7a06,2025-06-15T02:00:26.122104,a40d8039-d807-44a8-94de-e9bd1d8c7c68,
eff5fc3a-db00-47c5-831d-da90aa76e4e8,264d98f8-477a-4898-ad54-72af849419b2,documento,png,https://ejemplo.com/evidencia/cb3070f7-5932-44c5-8485-2c60c4515ba5,2025-06-15T02:00:26.122104,424d6cd7-bf50-4b26-abe6-259835f10c6e,
