id_monitoreo_ruta,id_despacho,ubicacion_actual,velocidad,temperatura_carga,combustible_restante,estado_compartimento,timestamp_registro,distancia_recorrida,tiempo_transcurrido
fe3635e1-566b-4f4f-9378-81d8b928b58f,18e08150-7e64-4148-a421-5bffcbf76417,"(38.57707,-105.824865)",54.238685,-4.510313,75.234537,cerrado,2025-06-15T02:00:26.089107,72.196049,2323
83e4933e-585f-48be-8d4c-d5d3226cae9c,048342d9-9534-4665-8fef-70a856fd4647,"(-50.937938,-12.193617)",34.23988,-1.742439,44.807791,abierto,2025-06-15T02:00:26.089107,17.631286,951
fb4528cb-2e95-4339-89c7-750903644754,84aadf1d-cf47-40d2-8334-d0ecf86998a6,"(-36.318372,14.000115)",59.574876,-3.925058,49.828521,abierto,2025-06-15T02:00:26.089107,92.121637,370
96779a9d-6e21-4548-ac62-69b658e721be,cce2cb41-3b42-4d9a-b462-3f96da0ad493,"(63.164672,90.524519)",45.397551,-4.012248,86.334528,abierto,2025-06-15T02:00:26.089107,10.948304,2011
095d2e9a-465a-45e3-8b5b-3d71c769ba1a,84aadf1d-cf47-40d2-8334-d0ecf86998a6,"(-65.296892,121.171455)",45.616718,-4.183494,50.299885,cerrado,2025-06-15T02:00:26.089107,52.740243,2225
fb520985-2338-4507-b270-07dca4466bf3,048342d9-9534-4665-8fef-70a856fd4647,"(46.632166,-49.299456)",37.455261,-0.0292,23.060746,abierto,2025-06-15T02:00:26.089107,31.649336,2831
2c173764-7d7d-4a46-8e1e-e42335e46307,9bbfb9de-d359-420d-91d4-2cfd88a23caf,"(-24.361218,-89.315228)",46.875634,3.687658,44.492881,abierto,2025-06-15T02:00:26.089107,99.032044,601
abdea5ae-82d3-483d-be2f-42738546b80e,18e08150-7e64-4148-a421-5bffcbf76417,"(37.013738,72.428172)",38.21158,0.479058,89.422824,cerrado,2025-06-15T02:00:26.089107,93.495731,1695
db53954e-b505-4475-b211-fc47fbb09143,3a32cf70-346a-4c94-a93a-752f67826afd,"(-73.396633,42.148046)",61.863931,-1.427149,58.263044,cerrado,2025-06-15T02:00:26.089107,14.675951,3301
3696c0b0-ea2d-459d-ba2e-98c336d656d8,ec916a2a-c10c-4dc3-b59a-375c3c98fda2,"(-26.095361,123.458855)",40.160221,3.017061,54.880129,abierto,2025-06-15T02:00:26.089107,58.78218,2951
663825b2-b04b-4833-a695-4b378ba998c3,3a32cf70-346a-4c94-a93a-752f67826afd,"(26.379368,-25.831636)",79.751509,-0.646535,31.180414,abierto,2025-06-15T02:00:26.089107,40.937391,1475
a520b2b1-0abc-4d77-91c8-bd40ff691d16,6f40ed65-1be2-41de-a328-8cd8682b7b0f,"(-85.316144,-103.421963)",42.235799,-4.970212,43.808435,abierto,2025-06-15T02:00:26.089107,50.37974,2387
bfa60362-1fcd-45da-bdeb-ed6ef8b66705,ec916a2a-c10c-4dc3-b59a-375c3c98fda2,"(-5.862541,111.592875)",69.76158,1.360192,76.286927,cerrado,2025-06-15T02:00:26.089107,46.606118,280
f0d4b8a7-06c6-4843-b71c-9df01bd3ef40,84aadf1d-cf47-40d2-8334-d0ecf86998a6,"(1.245839,-96.476916)",52.005009,-3.332333,24.708332,cerrado,2025-06-15T02:00:26.089107,79.262148,3112
f7ebe2af-1971-415f-b657-1c9953d771ed,ec916a2a-c10c-4dc3-b59a-375c3c98fda2,"(25.648181,73.335313)",33.940297,-0.583882,72.206849,cerrado,2025-06-15T02:00:26.089107,93.456476,12
8df973cf-4306-4024-a752-53882b2f53fb,cce2cb41-3b42-4d9a-b462-3f96da0ad493,"(-19.927725,80.14891)",78.666045,-0.403585,51.194384,abierto,2025-06-15T02:00:26.089107,63.072223,502
cf8a7745-c5d2-49d7-872b-7fb4f587c3b7,048342d9-9534-4665-8fef-70a856fd4647,"(-54.081013,-2.761942)",67.116776,0.751145,91.32829,abierto,2025-06-15T02:00:26.089107,15.813485,820
d550fdb3-7faf-4eaf-97b1-03d3705a27ee,9bbfb9de-d359-420d-91d4-2cfd88a23caf,"(-0.837561,170.638321)",48.132552,0.93218,49.305478,abierto,2025-06-15T02:00:26.089107,29.181931,938
1a2f3494-ecae-476b-af04-226a7407c252,3a32cf70-346a-4c94-a93a-752f67826afd,"(-69.249191,-160.155457)",72.933675,3.952143,31.713377,abierto,2025-06-15T02:00:26.089107,76.932092,1539
d15b7ca8-f4bc-4cd1-82a6-956ca893f2ad,cce2cb41-3b42-4d9a-b462-3f96da0ad493,"(2.069075,-137.503567)",68.118537,-2.629129,92.383126,abierto,2025-06-15T02:00:26.089107,76.876397,1856
84245226-ab65-452a-9f76-7d943d6fb3a7,ec916a2a-c10c-4dc3-b59a-375c3c98fda2,"(-57.343439,175.091759)",76.080239,-3.454602,99.662984,cerrado,2025-06-15T02:00:26.089107,39.623336,170
8ec0a6b7-70f7-44c3-86cc-1ee35ecfe43a,6f40ed65-1be2-41de-a328-8cd8682b7b0f,"(48.64791,177.873517)",33.74907,4.006956,40.821131,abierto,2025-06-15T02:00:26.089107,61.093161,1638
92855f38-4546-4e40-8923-ae73cf8c3041,048342d9-9534-4665-8fef-70a856fd4647,"(-29.425177,2.505664)",36.180307,2.621996,91.302363,abierto,2025-06-15T02:00:26.089107,54.818809,1073
38f6b95b-d9fd-48f0-828c-ad7fa89c39fc,048342d9-9534-4665-8fef-70a856fd4647,"(-55.389762,20.810881)",73.975474,-3.381065,43.4003,abierto,2025-06-15T02:00:26.089107,9.938882,1381
5327fb40-296a-4338-ac22-99a774d4d6dc,84aadf1d-cf47-40d2-8334-d0ecf86998a6,"(-46.925047,-103.054101)",56.794174,0.016388,67.107086,abierto,2025-06-15T02:00:26.089107,5.079976,2958
621107de-a2a1-4762-a872-abfea961b9f8,048342d9-9534-4665-8fef-70a856fd4647,"(-38.958701,172.332979)",50.277006,1.967057,28.661776,abierto,2025-06-15T02:00:26.089107,89.697797,585
83f8c76f-0e2a-485f-8a2a-99eb53115234,18e08150-7e64-4148-a421-5bffcbf76417,"(21.261862,138.38157)",60.132973,-1.000218,33.564379,abierto,2025-06-15T02:00:26.089107,51.20391,1026
e688ddf7-6456-4a07-9ff5-09b423feea82,3a32cf70-346a-4c94-a93a-752f67826afd,"(36.320386,-45.057061)",70.874889,1.792513,31.395389,cerrado,2025-06-15T02:00:26.089107,90.826871,53
639a230d-4a52-4152-b05b-66fca73d36ad,18e08150-7e64-4148-a421-5bffcbf76417,"(-5.801395,-88.668604)",74.516939,3.237212,74.090446,abierto,2025-06-15T02:00:26.089107,21.586991,2495
e7ea1bed-36c6-4e42-915d-cface09ddb7f,18e08150-7e64-4148-a421-5bffcbf76417,"(5.226594,177.196128)",48.502904,4.279631,28.819622,abierto,2025-06-15T02:00:26.089107,79.94839,913
d9138a02-fed4-49d8-babd-d55ce0cb43c0,3a32cf70-346a-4c94-a93a-752f67826afd,"(4.136536,176.421541)",30.091616,1.086467,91.660255,cerrado,2025-06-15T02:00:26.089107,55.319707,867
6e9e5ab6-b8bd-4f83-b7d5-317456e2e489,84aadf1d-cf47-40d2-8334-d0ecf86998a6,"(-55.572555,48.628534)",69.174034,-2.360059,70.000594,abierto,2025-06-15T02:00:26.089107,87.375724,746
6b68482e-325a-4f32-a9a3-53855efddbf2,3a32cf70-346a-4c94-a93a-752f67826afd,"(-56.668661,2.810305)",67.998183,-0.458583,22.234916,cerrado,2025-06-15T02:00:26.089107,40.634664,2650
d330e47d-1d95-4af4-8be3-dab47e07f2eb,6f40ed65-1be2-41de-a328-8cd8682b7b0f,"(0.579072,-49.235992)",30.508375,0.428441,96.415819,cerrado,2025-06-15T02:00:26.089107,64.26756,2605
a465fdd4-56fc-48fa-9128-8d93f5165cf5,9bbfb9de-d359-420d-91d4-2cfd88a23caf,"(78.758868,30.461338)",71.554054,1.189701,54.635987,cerrado,2025-06-15T02:00:26.089107,69.963598,1978
214af142-d1e9-46e9-a355-934cea38f508,84aadf1d-cf47-40d2-8334-d0ecf86998a6,"(47.26732,73.149083)",53.093099,-0.892351,20.199553,cerrado,2025-06-15T02:00:26.089107,8.289522,737
a696db86-9ff7-4f6e-992d-5c7c995dd035,ec916a2a-c10c-4dc3-b59a-375c3c98fda2,"(-69.515159,-155.944919)",47.938879,1.169956,78.338894,cerrado,2025-06-15T02:00:26.089107,1.908146,3564
3016b530-0bd2-484f-abad-d4600b1acf7f,048342d9-9534-4665-8fef-70a856fd4647,"(79.509497,-83.638138)",35.817388,-0.076382,64.080248,cerrado,2025-06-15T02:00:26.089107,3.302354,1307
fa1f078d-fa3c-4a85-99ca-9bd744161025,048342d9-9534-4665-8fef-70a856fd4647,"(-68.314109,166.425591)",35.16587,2.539089,27.106202,abierto,2025-06-15T02:00:26.089107,40.248811,1961
c0e3e2b2-0fcc-444d-b71a-a46da446deb2,9bbfb9de-d359-420d-91d4-2cfd88a23caf,"(45.836344,30.911653)",65.653222,3.562186,34.548153,cerrado,2025-06-15T02:00:26.089107,3.683851,1351
782d0004-d642-4d68-bbe8-9670733a168c,048342d9-9534-4665-8fef-70a856fd4647,"(35.202461,168.148334)",49.496767,-4.905469,28.0465,abierto,2025-06-15T02:00:26.089107,84.95408,3559
27f94195-d8df-4fd0-a9ed-3d4cfd3fbe27,6f40ed65-1be2-41de-a328-8cd8682b7b0f,"(-7.390569,-177.876576)",56.259925,-2.839907,93.912097,abierto,2025-06-15T02:00:26.089107,3.119146,2294
b1faed28-58fb-4022-8e90-3c39cc17eaee,3a32cf70-346a-4c94-a93a-752f67826afd,"(61.346215,131.64734)",66.262532,-0.677428,49.994612,cerrado,2025-06-15T02:00:26.089107,55.155866,1167
e19de5e7-bf39-4d24-ad88-e5d8a87c4a56,ec916a2a-c10c-4dc3-b59a-375c3c98fda2,"(-46.502204,-23.61812)",75.579522,-4.728797,84.550218,cerrado,2025-06-15T02:00:26.089107,18.290278,226
54a70d05-c604-43ef-ad36-48ff3d2dccbd,cce2cb41-3b42-4d9a-b462-3f96da0ad493,"(-53.122603,-160.544615)",57.042865,4.298595,38.044584,cerrado,2025-06-15T02:00:26.089107,33.091152,195
ef370fd5-bfec-454b-8b40-bfc7eec32ad3,9bbfb9de-d359-420d-91d4-2cfd88a23caf,"(-52.933907,-67.550736)",71.086297,-1.347824,81.225062,abierto,2025-06-15T02:00:26.089107,26.852455,1367
c594f3fe-6ea8-4395-98d3-6bc502840eba,048342d9-9534-4665-8fef-70a856fd4647,"(50.217466,-74.46784)",40.570618,-3.451208,37.226054,cerrado,2025-06-15T02:00:26.089107,39.788663,439
7cf2cdaf-9ad4-40c8-9687-d63c0791ff4b,6f40ed65-1be2-41de-a328-8cd8682b7b0f,"(77.269416,-129.689483)",76.798796,4.824211,62.117042,abierto,2025-06-15T02:00:26.089107,97.32772,1744
41160f23-4b75-496b-8302-bcb3ae827a23,ec916a2a-c10c-4dc3-b59a-375c3c98fda2,"(69.895421,166.50284)",57.531766,2.396697,21.760496,abierto,2025-06-15T02:00:26.089107,72.506231,3027
7bfe6958-3fcf-4e23-891c-0e87b8859df2,6f40ed65-1be2-41de-a328-8cd8682b7b0f,"(-22.090546,-93.727888)",70.419258,2.637361,54.085639,abierto,2025-06-15T02:00:26.089107,79.84778,696
b10912e7-b19e-48e9-a588-895e6cc6d109,cce2cb41-3b42-4d9a-b462-3f96da0ad493,"(1.378931,127.457798)",77.862852,4.693187,46.496734,abierto,2025-06-15T02:00:26.089107,5.787482,3175
9722fdc8-4484-4fd9-b587-dd4185b1acdb,18e08150-7e64-4148-a421-5bffcbf76417,"(-9.506246,-118.668403)",43.669218,1.998142,61.72305,abierto,2025-06-15T02:00:26.089107,15.618725,1957
36cb59b9-3503-491d-925a-602ef57d0e7d,ec916a2a-c10c-4dc3-b59a-375c3c98fda2,"(56.287545,35.753357)",74.738967,-1.087142,71.769335,cerrado,2025-06-15T02:00:26.089107,85.779505,3165
b21fabbd-abf6-487b-ab9a-ac06eeb0ce91,048342d9-9534-4665-8fef-70a856fd4647,"(55.881888,62.457315)",57.834929,0.143402,26.191476,abierto,2025-06-15T02:00:26.089107,82.787755,1412
2d1cc634-a11e-4fd0-b5e6-cf00add7b81c,cce2cb41-3b42-4d9a-b462-3f96da0ad493,"(-75.401588,71.914699)",43.697028,3.831546,27.970943,abierto,2025-06-15T02:00:26.089107,3.543765,1725
26522268-85d5-41c4-901e-a01f529c369e,9bbfb9de-d359-420d-91d4-2cfd88a23caf,"(39.381989,-152.697852)",75.563092,-1.886655,79.259475,abierto,2025-06-15T02:00:26.089107,39.904806,3156
8b5ccaae-3153-46e8-b697-02dbda5317f7,18e08150-7e64-4148-a421-5bffcbf76417,"(-52.554906,31.635598)",52.517233,-2.03405,43.271069,abierto,2025-06-15T02:00:26.089107,69.534636,3518
e613efd4-2099-45e7-a5a6-92bdf57ddbbb,048342d9-9534-4665-8fef-70a856fd4647,"(-82.425708,-49.76945)",42.727052,0.478039,71.026198,cerrado,2025-06-15T02:00:26.089107,80.570251,1372
dd0f6493-0188-4a23-abef-9d27c3724f3a,84aadf1d-cf47-40d2-8334-d0ecf86998a6,"(-30.537194,100.999242)",40.627286,-4.894806,25.113878,cerrado,2025-06-15T02:00:26.089107,46.820046,1161
75deb7a3-6976-4709-b404-de4aaaa19c8a,048342d9-9534-4665-8fef-70a856fd4647,"(-38.58297,-74.506696)",57.071081,3.423866,29.431902,abierto,2025-06-15T02:00:26.089107,60.82502,1637
530bd498-ef7f-4f5c-9607-e61fcc0de29b,3a32cf70-346a-4c94-a93a-752f67826afd,"(-75.343283,-31.142842)",51.343807,-4.381463,63.177172,abierto,2025-06-15T02:00:26.089107,54.745244,812
4ecd94fe-b101-4952-b86a-3bfc1d0ac18a,9bbfb9de-d359-420d-91d4-2cfd88a23caf,"(14.804367,0.225111)",53.148328,4.851789,32.88639,abierto,2025-06-15T02:00:26.089107,93.916002,2893
fe294e5f-eb0c-4a65-85ed-249f7d1d3d60,3a32cf70-346a-4c94-a93a-752f67826afd,"(-55.119612,-27.518924)",75.01188,-3.378534,37.786281,abierto,2025-06-15T02:00:26.089107,87.513712,3577
82da888e-1245-4fdd-ae84-17d4ceaadc42,18e08150-7e64-4148-a421-5bffcbf76417,"(23.516784,171.870467)",75.068903,-0.577568,58.762345,abierto,2025-06-15T02:00:26.089107,71.502423,1871
b976a45a-c47f-40f1-9e08-b22b3a62441b,048342d9-9534-4665-8fef-70a856fd4647,"(-67.79613,-151.378705)",67.518472,-2.741185,37.580245,cerrado,2025-06-15T02:00:26.089107,43.861475,1082
5fdab66b-a903-44a4-9458-a2e2af607251,84aadf1d-cf47-40d2-8334-d0ecf86998a6,"(51.522555,39.179477)",53.206016,-3.554073,88.423542,abierto,2025-06-15T02:00:26.089107,80.237875,1779
0f04ddef-09fc-4129-a662-b89614b05402,9bbfb9de-d359-420d-91d4-2cfd88a23caf,"(-46.208853,-38.742025)",65.100368,-3.956014,44.417264,cerrado,2025-06-15T02:00:26.089107,38.214487,1052
0a79f642-a9db-410f-a065-ae6ba6921217,3a32cf70-346a-4c94-a93a-752f67826afd,"(-35.692903,-4.885063)",68.626129,-1.344549,37.896123,cerrado,2025-06-15T02:00:26.089107,30.790811,3059
69aeeccc-f1a1-4ddf-9a62-d55845981d02,3a32cf70-346a-4c94-a93a-752f67826afd,"(76.130857,13.775946)",32.89228,0.06119,62.09776,cerrado,2025-06-15T02:00:26.089107,36.556652,2730
6bc4574c-dfbc-453d-9874-2974d3379b5c,cce2cb41-3b42-4d9a-b462-3f96da0ad493,"(47.457599,46.834083)",48.423632,-2.289872,86.387103,abierto,2025-06-15T02:00:26.089107,40.81159,387
c2883ffb-ab8e-4b3a-ab6d-8d46f64c1121,048342d9-9534-4665-8fef-70a856fd4647,"(3.700746,-107.782993)",47.038858,-4.756629,50.042627,abierto,2025-06-15T02:00:26.089107,83.008241,758
87f28754-eb23-49db-bd8b-4419ff2ec563,9bbfb9de-d359-420d-91d4-2cfd88a23caf,"(31.401609,41.949129)",64.619608,-0.037828,95.727909,cerrado,2025-06-15T02:00:26.089107,5.231407,237
53ebb86a-f825-4094-bbbd-2336fd0af30f,18e08150-7e64-4148-a421-5bffcbf76417,"(-79.555159,168.715466)",65.354516,-0.133167,39.463375,cerrado,2025-06-15T02:00:26.089107,94.615199,993
764b72a4-931d-4d7f-8e16-cca66198ae38,3a32cf70-346a-4c94-a93a-752f67826afd,"(-13.387177,111.175978)",40.333098,3.903313,70.07805,cerrado,2025-06-15T02:00:26.089107,71.486149,594
5e87cd14-2004-4834-89f4-e6057e3451be,18e08150-7e64-4148-a421-5bffcbf76417,"(88.230882,52.212589)",41.885365,4.276901,94.905896,cerrado,2025-06-15T02:00:26.089107,34.285434,926
8937731b-5a52-4bec-adb8-b03bf2cf6120,84aadf1d-cf47-40d2-8334-d0ecf86998a6,"(26.502445,-118.91119)",74.548258,-3.285015,52.414522,cerrado,2025-06-15T02:00:26.089107,33.713721,710
b47e0323-5532-4663-aca5-e2bc5fdfd331,84aadf1d-cf47-40d2-8334-d0ecf86998a6,"(50.925804,90.565012)",46.714177,-0.778278,70.237266,abierto,2025-06-15T02:00:26.089107,27.847477,484
6da1fc32-13d4-4360-b3aa-ce4b39716c29,3a32cf70-346a-4c94-a93a-752f67826afd,"(35.054485,-115.473011)",68.712853,0.219585,38.869771,cerrado,2025-06-15T02:00:26.089107,66.798999,1220
84f8e8a6-88b0-498f-a45d-f573bb08d0a2,048342d9-9534-4665-8fef-70a856fd4647,"(23.796665,-58.339096)",57.98657,-4.789827,80.662152,abierto,2025-06-15T02:00:26.089107,18.930724,634
d5a30999-364f-4548-9718-85595b3b113a,18e08150-7e64-4148-a421-5bffcbf76417,"(-41.77406,-111.2413)",59.698478,0.861783,74.495513,cerrado,2025-06-15T02:00:26.089107,7.945819,277
9c552e24-95dc-4813-bd3f-b5cba70f3f5e,6f40ed65-1be2-41de-a328-8cd8682b7b0f,"(23.293048,-111.120125)",52.966031,-2.464174,60.655039,abierto,2025-06-15T02:00:26.089107,85.915811,1826
28b33cb8-7172-46d6-91e7-09e6f9ccdd7c,ec916a2a-c10c-4dc3-b59a-375c3c98fda2,"(78.224314,163.001065)",75.515057,2.580658,79.223324,abierto,2025-06-15T02:00:26.089107,37.273288,691
9b44b8fb-bcaf-4792-b13a-e6c162a03540,3a32cf70-346a-4c94-a93a-752f67826afd,"(-13.597727,-57.883654)",76.890835,-2.131195,78.222302,abierto,2025-06-15T02:00:26.089107,90.793502,2862
4e3ca343-32ba-449d-b714-17499c5a22b9,9bbfb9de-d359-420d-91d4-2cfd88a23caf,"(-45.571811,49.728214)",53.875441,-3.827203,40.500688,abierto,2025-06-15T02:00:26.089107,97.334436,283
9615e011-651d-4f0e-8726-0ee6af44debb,cce2cb41-3b42-4d9a-b462-3f96da0ad493,"(-35.337424,-90.889386)",52.482221,-3.149558,60.290022,abierto,2025-06-15T02:00:26.089107,3.601349,1487
15d59694-2f66-489f-bf39-432db2295686,ec916a2a-c10c-4dc3-b59a-375c3c98fda2,"(68.137598,115.871654)",55.689572,-1.73487,30.564826,cerrado,2025-06-15T02:00:26.089107,2.049751,2213
38c0ab52-7940-4275-9fbf-439594ef7e98,18e08150-7e64-4148-a421-5bffcbf76417,"(-44.47417,-120.217479)",38.968489,2.578506,78.383894,cerrado,2025-06-15T02:00:26.089107,68.931096,1800
3b420d48-5e62-4f8b-ba17-178576e1866b,cce2cb41-3b42-4d9a-b462-3f96da0ad493,"(-50.476904,44.831143)",64.531332,-3.125936,55.217681,cerrado,2025-06-15T02:00:26.089107,48.999622,845
022cb298-31fc-4a31-b0f9-cd63e8569762,84aadf1d-cf47-40d2-8334-d0ecf86998a6,"(33.708956,160.545621)",33.27101,-0.550992,49.992542,cerrado,2025-06-15T02:00:26.089107,23.34286,763
04e4e31a-9f7a-4ae3-be3d-bda48930f62e,3a32cf70-346a-4c94-a93a-752f67826afd,"(-18.411043,39.503606)",65.171468,-2.344214,78.399951,cerrado,2025-06-15T02:00:26.089107,2.020341,1920
38203ef0-c29c-49a7-9c28-ba5e9b197a43,cce2cb41-3b42-4d9a-b462-3f96da0ad493,"(78.758055,-99.90175)",59.994635,0.844595,59.604963,cerrado,2025-06-15T02:00:26.089107,13.181727,1488
b7e65b62-3a5d-4a8e-a2b5-c9119112a5ef,3a32cf70-346a-4c94-a93a-752f67826afd,"(-1.440108,-177.765036)",48.843991,1.232736,76.310474,abierto,2025-06-15T02:00:26.089107,81.150159,2573
63f2604b-a69f-4c62-9ee2-768463390f0e,048342d9-9534-4665-8fef-70a856fd4647,"(64.381879,-69.780521)",57.605393,0.197422,21.932161,cerrado,2025-06-15T02:00:26.089107,42.797865,2753
d3d9114c-123c-4422-9c63-e1324f8f050a,84aadf1d-cf47-40d2-8334-d0ecf86998a6,"(25.610342,-34.880973)",55.964037,4.95349,51.521092,abierto,2025-06-15T02:00:26.089107,12.693193,2434
3f84ed5c-6482-4a76-9184-e5c38d2a8b7f,6f40ed65-1be2-41de-a328-8cd8682b7b0f,"(74.683565,37.076027)",44.238981,0.448478,26.753396,abierto,2025-06-15T02:00:26.089107,99.205071,1849
0b3ef033-342f-49e5-9dfa-d81ad04f3389,84aadf1d-cf47-40d2-8334-d0ecf86998a6,"(6.706469,-177.144678)",39.506555,0.510287,62.027913,cerrado,2025-06-15T02:00:26.089107,47.443691,1804
6f50fc84-9210-4db3-8ecd-f50af07b9906,3a32cf70-346a-4c94-a93a-752f67826afd,"(89.443977,44.745398)",56.19072,3.886885,88.108056,cerrado,2025-06-15T02:00:26.089107,68.89567,596
3a824680-3172-43c9-aaa6-0701cdc23cb6,9bbfb9de-d359-420d-91d4-2cfd88a23caf,"(7.904044,1.843125)",30.012123,-3.648965,41.521598,cerrado,2025-06-15T02:00:26.089107,65.316723,347
4ea5f9ae-13b9-4c07-8347-644e62aeec0e,cce2cb41-3b42-4d9a-b462-3f96da0ad493,"(-73.151563,150.341825)",72.879129,0.476311,45.112274,cerrado,2025-06-15T02:00:26.090105,22.398585,1183
62b5d11f-fb66-48a8-91b8-824237e22ac9,9bbfb9de-d359-420d-91d4-2cfd88a23caf,"(-54.035812,172.529568)",61.997653,0.884409,90.752392,abierto,2025-06-15T02:00:26.090105,99.440467,3518
91f366b6-0c8a-41cc-8ac6-7d4240704ff8,3a32cf70-346a-4c94-a93a-752f67826afd,"(-58.696819,32.453937)",31.967127,-4.49426,34.657396,cerrado,2025-06-15T02:00:26.090105,75.13096,313
300adcff-670a-4065-bcc8-6ef3d99f401c,048342d9-9534-4665-8fef-70a856fd4647,"(54.341051,-8.342799)",30.801517,4.238118,23.896737,cerrado,2025-06-15T02:00:26.090105,0.876017,1007
b354114b-0ad2-4f86-b8a4-1a84a5a21505,6f40ed65-1be2-41de-a328-8cd8682b7b0f,"(-59.244829,6.053275)",69.106031,1.511182,70.146552,abierto,2025-06-15T02:00:26.090105,98.540854,287
973c76c2-3d1d-4640-9fb8-6e0cbad170e8,9bbfb9de-d359-420d-91d4-2cfd88a23caf,"(39.826052,-80.828373)",66.593996,-2.179733,34.348245,abierto,2025-06-15T02:00:26.090105,10.765361,699
d7019865-d1c0-43d5-bb45-91ddcfdcbd8f,cce2cb41-3b42-4d9a-b462-3f96da0ad493,"(76.774147,100.128739)",60.519937,3.16507,28.931011,cerrado,2025-06-15T02:00:26.090105,91.079836,875
cea7d97b-f86d-4f22-b09c-87d02f721a40,9bbfb9de-d359-420d-91d4-2cfd88a23caf,"(70.352685,123.74381)",47.484895,-2.051206,74.866324,cerrado,2025-06-15T02:00:26.090105,27.391908,3557
5973c79e-29d1-47f8-a0ea-87d447860cc8,6f40ed65-1be2-41de-a328-8cd8682b7b0f,"(-19.561799,178.285835)",57.359259,1.175935,48.750546,abierto,2025-06-15T02:00:26.090105,43.33968,1940
073d726a-cc2b-4a1d-9639-2bdf7f03d4f4,9bbfb9de-d359-420d-91d4-2cfd88a23caf,"(-21.522029,0.425419)",37.083475,3.22741,90.694915,abierto,2025-06-15T02:00:26.090105,35.067479,1503
1bbc020e-8b7b-4343-984f-e8e2524916b2,9bbfb9de-d359-420d-91d4-2cfd88a23caf,"(-26.595746,66.06651)",57.601827,3.127652,42.921641,cerrado,2025-06-15T02:00:26.090105,46.043598,35
c244086d-cad3-46e1-bbe6-96ebd7e7bd84,9bbfb9de-d359-420d-91d4-2cfd88a23caf,"(-14.239778,136.472299)",57.481863,3.017977,46.53179,abierto,2025-06-15T02:00:26.090105,5.699367,365
6d8255f6-9d3f-48c8-bd39-f372bbd1e0e4,6f40ed65-1be2-41de-a328-8cd8682b7b0f,"(15.672632,163.85481)",42.812488,-2.6855,82.098937,abierto,2025-06-15T02:00:26.090105,13.202511,979
31a871aa-e39e-49fe-b1a0-c45b0979f114,048342d9-9534-4665-8fef-70a856fd4647,"(19.931082,-78.007126)",70.910413,0.857745,84.677493,abierto,2025-06-15T02:00:26.090105,75.559899,2830
399fdb4d-5179-49bb-95e4-4e7f4183005f,048342d9-9534-4665-8fef-70a856fd4647,"(-89.126989,-134.878443)",57.12341,-4.715906,27.220729,abierto,2025-06-15T02:00:26.090105,18.542025,589
e55a04db-5b95-49e4-8c42-10d462c3cc6f,6f40ed65-1be2-41de-a328-8cd8682b7b0f,"(-53.443709,14.529599)",68.183855,-3.824637,98.402349,cerrado,2025-06-15T02:00:26.090105,15.411428,1794
938a05c3-1463-4399-8f17-24d5ee754001,9bbfb9de-d359-420d-91d4-2cfd88a23caf,"(28.259186,39.056263)",54.734054,-3.62468,30.807264,abierto,2025-06-15T02:00:26.090105,56.650582,3230
76e777cf-4b95-4169-8fc7-a1fb5108a22b,3a32cf70-346a-4c94-a93a-752f67826afd,"(-65.696627,-103.573985)",50.660784,-3.298464,58.260013,abierto,2025-06-15T02:00:26.090105,42.151664,685
c8a6d8c4-ebb0-48a7-a58f-5f22611f34ba,84aadf1d-cf47-40d2-8334-d0ecf86998a6,"(-59.946397,173.335845)",60.293422,-1.759278,88.185891,abierto,2025-06-15T02:00:26.090105,21.296663,2202
322d4c58-b2a3-44b4-8a77-b68112e5801a,9bbfb9de-d359-420d-91d4-2cfd88a23caf,"(-60.093239,86.266365)",68.690363,-0.574997,56.972187,cerrado,2025-06-15T02:00:26.090105,27.760791,1279
935de276-29dc-41d9-8325-230710cdcc6c,ec916a2a-c10c-4dc3-b59a-375c3c98fda2,"(55.466419,-45.768112)",77.83667,4.474291,66.288647,cerrado,2025-06-15T02:00:26.090105,72.885108,850
482d6817-0418-4c5f-b979-e26edcc97f77,cce2cb41-3b42-4d9a-b462-3f96da0ad493,"(-72.503316,107.102123)",58.753467,-0.164555,78.408873,abierto,2025-06-15T02:00:26.090105,0.683727,3327
f3605339-2aad-42c1-9835-466a0ff7d922,3a32cf70-346a-4c94-a93a-752f67826afd,"(55.361381,-90.116896)",51.0999,0.386278,97.505753,abierto,2025-06-15T02:00:26.090105,96.302953,2663
188714a8-42af-443f-94bd-b8ddd0dd46f2,ec916a2a-c10c-4dc3-b59a-375c3c98fda2,"(-8.570564,66.059813)",48.326195,-4.101839,70.231862,cerrado,2025-06-15T02:00:26.090105,35.212066,1666
192be6b4-103a-40c5-97e9-f9a02bef5ab1,ec916a2a-c10c-4dc3-b59a-375c3c98fda2,"(-42.671341,47.815994)",49.241591,-2.519891,38.753753,cerrado,2025-06-15T02:00:26.090105,77.312804,3454
415650ff-3f26-4f4e-b0a8-8bf4bab8844f,cce2cb41-3b42-4d9a-b462-3f96da0ad493,"(11.678372,46.173868)",40.801199,-3.644066,53.239503,cerrado,2025-06-15T02:00:26.090105,46.510593,995
13e2adcd-8d3b-4c75-8b9f-4bfdca7875b2,cce2cb41-3b42-4d9a-b462-3f96da0ad493,"(20.682552,89.815749)",35.047577,0.319768,74.898576,abierto,2025-06-15T02:00:26.090105,77.817608,3015
9ba99262-49fa-4442-bacf-d90ad811a52b,18e08150-7e64-4148-a421-5bffcbf76417,"(84.601076,-74.766674)",62.698864,-3.21495,44.391284,cerrado,2025-06-15T02:00:26.090105,2.830816,54
96e409a1-9f66-4381-b630-a003eebe6fa7,048342d9-9534-4665-8fef-70a856fd4647,"(9.620545,-140.526467)",38.128906,-3.939615,76.703627,abierto,2025-06-15T02:00:26.090105,4.048222,2156
ce5d9228-d986-45ed-8903-7154cc862605,3a32cf70-346a-4c94-a93a-752f67826afd,"(-40.78777,-105.826323)",49.872606,-2.491221,91.224799,cerrado,2025-06-15T02:00:26.090105,92.925062,2287
1a49d97a-1e84-4058-a217-fdf4ae1b2080,048342d9-9534-4665-8fef-70a856fd4647,"(65.125776,-6.965802)",70.24635,-0.529317,77.782531,cerrado,2025-06-15T02:00:26.090105,84.159296,2632
6f69072c-1efa-4637-8ea6-4d2308b57da7,9bbfb9de-d359-420d-91d4-2cfd88a23caf,"(-14.378658,71.269428)",67.449905,-2.664024,83.097257,abierto,2025-06-15T02:00:26.090105,53.879607,1741
0fb626c5-6179-404a-8f20-531753a2e8a3,ec916a2a-c10c-4dc3-b59a-375c3c98fda2,"(3.65519,-31.726658)",47.693726,0.047729,56.029793,abierto,2025-06-15T02:00:26.090105,85.86847,197
b461f76c-aef2-4251-b8c9-8f4584035fa1,ec916a2a-c10c-4dc3-b59a-375c3c98fda2,"(-33.993281,170.460675)",61.084408,2.859034,54.820348,abierto,2025-06-15T02:00:26.090105,3.878516,3460
68bb99ea-126b-48bb-be65-c92691de7b73,9bbfb9de-d359-420d-91d4-2cfd88a23caf,"(85.936177,62.519035)",63.265339,-1.124481,94.424768,cerrado,2025-06-15T02:00:26.090105,86.777923,3215
b6f8308d-ffa0-4272-8a2a-696031e3c726,048342d9-9534-4665-8fef-70a856fd4647,"(-10.992869,-139.584541)",70.895582,-2.473199,82.235333,abierto,2025-06-15T02:00:26.090105,79.871887,1270
e020a7e4-9b6e-429c-9987-3d3e85eca972,84aadf1d-cf47-40d2-8334-d0ecf86998a6,"(-36.281914,-119.697178)",58.706731,-0.804595,55.952949,cerrado,2025-06-15T02:00:26.090105,52.979222,3326
a9369730-34ba-402a-bca8-e427feb25487,3a32cf70-346a-4c94-a93a-752f67826afd,"(-21.572839,-49.737364)",56.142983,-0.202572,26.367214,cerrado,2025-06-15T02:00:26.090105,11.337199,3515
154ff78e-ac33-44ad-ba83-b7271d8a53b4,ec916a2a-c10c-4dc3-b59a-375c3c98fda2,"(23.878875,127.006034)",49.599268,-0.377321,59.234399,cerrado,2025-06-15T02:00:26.090105,64.771217,2634
a4d179d4-d7e4-44d1-8b78-5dcefcb4591c,84aadf1d-cf47-40d2-8334-d0ecf86998a6,"(-43.414755,6.909392)",64.099283,0.803237,88.556585,abierto,2025-06-15T02:00:26.090105,36.37787,2599
343cbc0f-1b15-4f32-aef7-5da1e2f490ed,6f40ed65-1be2-41de-a328-8cd8682b7b0f,"(0.766331,151.773497)",47.560007,0.020526,73.472748,abierto,2025-06-15T02:00:26.090105,34.03967,169
b5b45ec0-628c-467c-8697-b0b1658ea5b7,18e08150-7e64-4148-a421-5bffcbf76417,"(-39.905116,-65.892593)",34.149346,-1.179769,23.936419,cerrado,2025-06-15T02:00:26.090105,78.26316,2298
8f8ff4e7-5bb8-47d1-82bb-442acc9efc73,cce2cb41-3b42-4d9a-b462-3f96da0ad493,"(54.726029,-41.774736)",43.947384,2.248365,63.70003,abierto,2025-06-15T02:00:26.090105,29.985105,3511
b2ed2b9c-c1fd-4d24-aba1-cff73c55e632,18e08150-7e64-4148-a421-5bffcbf76417,"(4.872878,-31.129068)",37.004415,3.681398,94.171842,abierto,2025-06-15T02:00:26.090105,40.336505,1712
ae13d5e7-cd16-417d-a41d-eb6ff9ae6069,cce2cb41-3b42-4d9a-b462-3f96da0ad493,"(57.976283,113.686765)",53.347536,4.120378,89.989281,cerrado,2025-06-15T02:00:26.090105,47.571003,2185
6bddf777-a7fb-4fa0-8784-9357d9d46305,ec916a2a-c10c-4dc3-b59a-375c3c98fda2,"(-83.212374,51.121358)",56.576501,-0.995182,27.242885,cerrado,2025-06-15T02:00:26.090105,79.323228,3058
c12445bb-731d-481a-aeda-eafdc3f12ee4,3a32cf70-346a-4c94-a93a-752f67826afd,"(-38.39515,167.14176)",51.513615,-3.851703,37.246771,abierto,2025-06-15T02:00:26.090105,57.197437,765
25bf25c5-4ff0-4d89-b106-7764423e6ac5,048342d9-9534-4665-8fef-70a856fd4647,"(-74.066163,-24.522604)",51.259216,4.510297,57.225234,abierto,2025-06-15T02:00:26.090105,45.229823,2212
a7b2751b-18b2-44e9-9874-7ee976a58b86,048342d9-9534-4665-8fef-70a856fd4647,"(25.593105,-178.741469)",48.680001,1.886768,49.187806,cerrado,2025-06-15T02:00:26.090105,41.790025,2111
dc0c883d-6bf2-422c-9683-8869ea2c0c09,048342d9-9534-4665-8fef-70a856fd4647,"(-37.589587,-130.092515)",61.731202,4.047907,30.637583,cerrado,2025-06-15T02:00:26.091104,91.328224,2361
d6f49e5c-91a6-4662-b2e5-16d63c3fa6c9,048342d9-9534-4665-8fef-70a856fd4647,"(30.217141,71.402282)",67.976667,3.184289,75.824536,abierto,2025-06-15T02:00:26.091104,64.756968,2496
ac45c924-55bb-4e38-891e-585ac0cde2f5,048342d9-9534-4665-8fef-70a856fd4647,"(-60.326253,-51.487293)",37.183508,4.22239,22.651922,cerrado,2025-06-15T02:00:26.091104,85.882687,2492
13795675-6027-40f3-b5d2-0d146776526c,048342d9-9534-4665-8fef-70a856fd4647,"(61.236429,-2.173754)",71.041757,-1.129244,40.05737,cerrado,2025-06-15T02:00:26.091104,71.99865,2259
ed794475-44bc-46e8-acae-ebdad7c593c4,18e08150-7e64-4148-a421-5bffcbf76417,"(82.259723,-91.126092)",31.467297,-0.987673,45.530105,cerrado,2025-06-15T02:00:26.091104,35.878834,458
42b394b5-d9bb-4921-8814-0b26127af3c7,6f40ed65-1be2-41de-a328-8cd8682b7b0f,"(1.184137,-108.99577)",62.279284,0.13035,90.095798,cerrado,2025-06-15T02:00:26.091104,4.113817,2863
03aa5444-c099-437e-8648-3e1430021709,84aadf1d-cf47-40d2-8334-d0ecf86998a6,"(32.750242,-59.950075)",31.023277,-1.071458,50.256193,cerrado,2025-06-15T02:00:26.091104,65.954737,1357
dbddbfcd-0517-4295-93ae-94b124ca56e2,048342d9-9534-4665-8fef-70a856fd4647,"(87.261877,-97.239131)",55.201326,1.493021,56.922233,cerrado,2025-06-15T02:00:26.091104,83.812565,3268
9b4e1e8f-7efa-44e1-9772-cec935820651,cce2cb41-3b42-4d9a-b462-3f96da0ad493,"(50.157765,137.699755)",53.00764,1.565882,49.667816,cerrado,2025-06-15T02:00:26.091104,91.412558,2016
3efe80eb-0dcb-4fc5-b343-330c8d325849,18e08150-7e64-4148-a421-5bffcbf76417,"(-69.279369,24.76594)",36.034447,-4.922152,50.359021,cerrado,2025-06-15T02:00:26.091104,39.407694,3347
c249b6d9-aa03-493b-9506-9801490272f2,84aadf1d-cf47-40d2-8334-d0ecf86998a6,"(-9.990564,171.955804)",37.76851,4.021905,22.549485,abierto,2025-06-15T02:00:26.091104,34.021683,663
7599d073-72dd-49f1-b76d-0258e005ec5f,3a32cf70-346a-4c94-a93a-752f67826afd,"(59.559473,-10.337888)",63.481643,4.289173,47.424525,abierto,2025-06-15T02:00:26.091104,56.522911,2396
7eb69346-6bec-4dc2-947e-fd258319945f,cce2cb41-3b42-4d9a-b462-3f96da0ad493,"(-71.229908,11.853322)",33.303218,4.55377,36.411828,cerrado,2025-06-15T02:00:26.091104,85.04234,514
e8cc6fac-164c-4ea9-8f8d-37e86f04af62,6f40ed65-1be2-41de-a328-8cd8682b7b0f,"(-41.542524,-39.363475)",63.740617,4.195827,69.020464,abierto,2025-06-15T02:00:26.091104,43.044564,2924
73359c35-dfdd-47ca-aeff-e323c8b3aebb,3a32cf70-346a-4c94-a93a-752f67826afd,"(2.354591,145.659805)",55.974021,4.032105,90.028049,cerrado,2025-06-15T02:00:26.091104,19.708069,875
35c90666-9318-41c1-b8c9-2971a104b2ed,18e08150-7e64-4148-a421-5bffcbf76417,"(45.427937,-157.096994)",73.149,-3.706681,49.410646,abierto,2025-06-15T02:00:26.091104,38.270544,844
ddac3383-89fa-49f4-8680-ee5668aa6441,3a32cf70-346a-4c94-a93a-752f67826afd,"(-49.557313,102.968467)",58.356596,0.416651,64.723184,abierto,2025-06-15T02:00:26.091104,51.906626,1266
bc10c908-d30b-4bfa-b8a9-e83e8a4b8ab2,cce2cb41-3b42-4d9a-b462-3f96da0ad493,"(55.18034,-34.828554)",61.795037,-0.850247,23.578505,cerrado,2025-06-15T02:00:26.091104,20.413116,3443
28b94999-8aae-427c-a8e6-2dde4b0cd312,18e08150-7e64-4148-a421-5bffcbf76417,"(-0.678118,-149.958831)",34.3275,-2.135421,92.035033,cerrado,2025-06-15T02:00:26.091104,27.252005,1420
fa8da925-53c0-4a5f-b228-c5d1710ebf12,cce2cb41-3b42-4d9a-b462-3f96da0ad493,"(-58.391994,-129.35401)",42.624037,3.458777,47.207706,cerrado,2025-06-15T02:00:26.091104,87.366511,2751
826d87f3-54dd-4627-b2d1-8620bd4a98a9,048342d9-9534-4665-8fef-70a856fd4647,"(-27.970438,-40.863153)",58.518645,0.777285,28.265766,cerrado,2025-06-15T02:00:26.091104,21.791906,505
b1d5d58e-6239-4db0-b4f9-0ced34ce8af6,3a32cf70-346a-4c94-a93a-752f67826afd,"(-7.108553,-123.780454)",32.437055,-4.483238,61.100685,abierto,2025-06-15T02:00:26.091104,96.792963,2857
e087042c-8f30-4ef0-b8c7-880ef0658eb8,9bbfb9de-d359-420d-91d4-2cfd88a23caf,"(45.615798,-28.304711)",52.075334,2.177983,61.929981,abierto,2025-06-15T02:00:26.091104,77.159648,824
e228377e-3a5f-4445-b049-9b0f6cac2708,18e08150-7e64-4148-a421-5bffcbf76417,"(84.372599,-125.328377)",79.730214,3.407021,77.158011,cerrado,2025-06-15T02:00:26.091104,42.323792,1031
60b3eb9d-4cdb-4299-86a5-193db3344d8c,9bbfb9de-d359-420d-91d4-2cfd88a23caf,"(54.559708,43.701145)",64.70683,-1.892534,48.133308,abierto,2025-06-15T02:00:26.091104,14.950732,2034
6bd0e25b-c00f-4f12-a10d-96b5b2814dbc,ec916a2a-c10c-4dc3-b59a-375c3c98fda2,"(48.628204,-171.507783)",51.745447,-4.907428,43.025978,cerrado,2025-06-15T02:00:26.091104,74.219933,1996
b0634eaa-a335-4ddd-b5cd-67050021e783,6f40ed65-1be2-41de-a328-8cd8682b7b0f,"(10.314649,158.479244)",58.934013,-2.937,28.10675,cerrado,2025-06-15T02:00:26.091104,59.775743,3307
6f2923f2-1fac-41e6-bab1-9e6a9457fac1,048342d9-9534-4665-8fef-70a856fd4647,"(-2.301408,-38.192658)",65.114091,-1.332072,63.076964,abierto,2025-06-15T02:00:26.091104,15.518028,57
3737cbac-7195-4c5f-b8e9-da403060dc23,3a32cf70-346a-4c94-a93a-752f67826afd,"(-45.207225,81.723328)",71.491721,-0.88702,73.126828,cerrado,2025-06-15T02:00:26.091104,43.61614,2540
6c6b87a7-c8e2-4b88-bbac-7d9f3fdb010c,048342d9-9534-4665-8fef-70a856fd4647,"(51.677631,-42.807401)",67.345723,-4.661119,20.938485,cerrado,2025-06-15T02:00:26.091104,57.876126,159
20367d24-83a2-4cdf-a5eb-86803b47b943,6f40ed65-1be2-41de-a328-8cd8682b7b0f,"(28.929188,41.041144)",62.087301,-3.821393,43.898379,cerrado,2025-06-15T02:00:26.091104,32.986355,3280
4c4ecb5a-dd66-479a-90a5-4efb4bdcc7b7,9bbfb9de-d359-420d-91d4-2cfd88a23caf,"(-3.933017,21.385911)",44.068199,3.023611,85.696296,abierto,2025-06-15T02:00:26.091104,88.775057,3068
52a46098-3ea6-4d35-b490-737a037e64cd,84aadf1d-cf47-40d2-8334-d0ecf86998a6,"(42.128125,-53.036503)",71.489942,-2.807907,23.691968,cerrado,2025-06-15T02:00:26.091104,98.385425,3075
914565ae-1797-4490-9026-88b1de1c3d46,048342d9-9534-4665-8fef-70a856fd4647,"(47.181885,-7.520372)",47.485981,-0.172491,23.429594,cerrado,2025-06-15T02:00:26.091104,0.485125,2318
58cbfda5-a6c9-485f-a52f-0027f9521d68,84aadf1d-cf47-40d2-8334-d0ecf86998a6,"(-48.374602,-169.696598)",79.829869,-4.530038,70.933622,cerrado,2025-06-15T02:00:26.091104,62.134698,3351
0b1a1415-cdad-4697-8bac-e3daadb0d3f3,18e08150-7e64-4148-a421-5bffcbf76417,"(5.373942,-178.690871)",30.042048,3.000822,33.503174,cerrado,2025-06-15T02:00:26.091104,87.457283,698
7291dd9d-1561-495a-b54d-9e1dac7b67c3,3a32cf70-346a-4c94-a93a-752f67826afd,"(87.933293,-157.060982)",59.952841,-1.596399,49.575147,cerrado,2025-06-15T02:00:26.091104,80.42167,920
0de174fa-3a07-4472-987d-90f8bdc68596,9bbfb9de-d359-420d-91d4-2cfd88a23caf,"(-29.739824,-160.685111)",45.765005,0.754532,84.902015,cerrado,2025-06-15T02:00:26.091104,23.481652,506
ecd95011-4794-4d9f-a545-b52ce0a4dac4,048342d9-9534-4665-8fef-70a856fd4647,"(30.74259,40.95649)",63.539091,1.161925,88.624985,abierto,2025-06-15T02:00:26.091104,77.429554,590
959dad84-c1c6-40f8-acf2-78dfa0f4a96f,048342d9-9534-4665-8fef-70a856fd4647,"(-0.912354,-1.564333)",54.168132,-3.332888,31.854056,cerrado,2025-06-15T02:00:26.091104,97.61168,480
801acab3-6525-451f-a8eb-f916c51b8b76,84aadf1d-cf47-40d2-8334-d0ecf86998a6,"(19.944948,-34.839883)",47.848492,4.090159,87.272522,cerrado,2025-06-15T02:00:26.091104,61.841517,406
ea872abc-0cb5-4c3c-a45a-bfc415d962ab,18e08150-7e64-4148-a421-5bffcbf76417,"(-0.416147,-136.79744)",70.584632,3.029691,23.158446,cerrado,2025-06-15T02:00:26.091104,63.259655,523
39db7279-36fa-4e26-ad7c-4fb96131c652,84aadf1d-cf47-40d2-8334-d0ecf86998a6,"(77.688215,-151.100891)",51.81023,-0.207034,99.669905,cerrado,2025-06-15T02:00:26.091104,35.843204,3411
1b0c4b8d-2c29-4fc0-884a-2791e0b907c4,ec916a2a-c10c-4dc3-b59a-375c3c98fda2,"(32.628338,-41.399558)",51.299228,0.826146,84.062978,abierto,2025-06-15T02:00:26.091104,28.1256,920
a9c96c72-8107-4c03-add0-1249f21fae95,84aadf1d-cf47-40d2-8334-d0ecf86998a6,"(23.429608,-12.174214)",44.004513,0.055591,32.474978,cerrado,2025-06-15T02:00:26.091104,87.180429,796
937ae217-f166-4576-bb98-cf292d85d58a,cce2cb41-3b42-4d9a-b462-3f96da0ad493,"(39.80608,-12.856577)",50.149806,-3.086817,49.989496,cerrado,2025-06-15T02:00:26.091104,36.74209,2240
db4c2dda-17df-4e21-ad8f-0515df7a63fd,3a32cf70-346a-4c94-a93a-752f67826afd,"(42.245588,-25.673099)",34.281451,0.472478,51.982011,cerrado,2025-06-15T02:00:26.091104,6.792584,2765
bd131a3c-85aa-486f-81f1-bbaa374c4f58,048342d9-9534-4665-8fef-70a856fd4647,"(15.49949,-40.189626)",39.616756,0.325419,59.923156,cerrado,2025-06-15T02:00:26.091104,9.318965,1041
52913d95-4b2b-4a13-824f-15e3cfcd0484,9bbfb9de-d359-420d-91d4-2cfd88a23caf,"(-18.637296,90.962956)",55.747274,-3.113711,74.4228,abierto,2025-06-15T02:00:26.091104,38.133705,677
a6f3e287-8b81-4c37-9455-24874b637180,ec916a2a-c10c-4dc3-b59a-375c3c98fda2,"(9.103152,-112.385522)",54.75428,2.32557,36.856382,cerrado,2025-06-15T02:00:26.091104,23.927353,418
e749e1c0-9436-4ad8-b377-16a6ab3ba328,3a32cf70-346a-4c94-a93a-752f67826afd,"(63.544639,68.37166)",71.082231,1.847244,25.011385,abierto,2025-06-15T02:00:26.091104,97.042687,675
0f9e3769-a20f-4ca4-95b4-9f8bbeb91cbf,cce2cb41-3b42-4d9a-b462-3f96da0ad493,"(-23.332828,-112.901822)",56.823999,-2.958149,69.432663,cerrado,2025-06-15T02:00:26.091104,17.789231,2938
e10400a0-0db0-4913-89ae-201bf347ac3a,18e08150-7e64-4148-a421-5bffcbf76417,"(-8.231292,-147.105955)",66.635677,0.591839,35.485923,cerrado,2025-06-15T02:00:26.091104,81.104387,1472
a919f212-bb5c-443d-9bd3-0a310f5f79a9,6f40ed65-1be2-41de-a328-8cd8682b7b0f,"(-38.946611,52.936915)",63.90215,-3.102067,71.787946,cerrado,2025-06-15T02:00:26.091104,47.194937,281
98f6f448-cbde-4b09-8ea8-73c6cd49d489,9bbfb9de-d359-420d-91d4-2cfd88a23caf,"(-2.724138,-89.665543)",54.348629,3.566536,23.430842,abierto,2025-06-15T02:00:26.091104,75.323698,3157
a764e7ea-5388-43a5-b5a5-69a888aebf49,6f40ed65-1be2-41de-a328-8cd8682b7b0f,"(-59.160537,-70.172505)",37.28886,-3.504036,72.780472,abierto,2025-06-15T02:00:26.091104,14.37432,2489
e3b619c8-16ce-44fa-8cb5-b321d543664b,9bbfb9de-d359-420d-91d4-2cfd88a23caf,"(-6.383086,-62.500562)",53.270776,-3.987434,52.025494,abierto,2025-06-15T02:00:26.091104,11.586816,2723
d078ddc7-900b-4e71-90e9-e772d868d48d,9bbfb9de-d359-420d-91d4-2cfd88a23caf,"(45.072872,-153.16086)",35.844813,1.09511,92.046509,abierto,2025-06-15T02:00:26.091104,10.408285,1304
754f093a-2f2b-4e23-afdb-beb6e502bbdf,3a32cf70-346a-4c94-a93a-752f67826afd,"(71.928912,11.26753)",64.32583,-4.860177,29.631439,cerrado,2025-06-15T02:00:26.091104,42.539639,708
01dbbe48-39db-4dc1-b2e9-ab0db9645fc1,ec916a2a-c10c-4dc3-b59a-375c3c98fda2,"(33.92117,24.767837)",69.604096,0.675073,82.738098,abierto,2025-06-15T02:00:26.091104,84.261015,3488
8ce6cd10-10ff-4a7b-846c-07178a958f56,cce2cb41-3b42-4d9a-b462-3f96da0ad493,"(-11.490403,62.755363)",62.936447,-4.815438,68.932701,cerrado,2025-06-15T02:00:26.091104,58.522876,33
d16cc5c5-7306-4cd6-944f-230185337c54,9bbfb9de-d359-420d-91d4-2cfd88a23caf,"(-20.50712,2.603922)",47.14601,2.745051,41.6206,cerrado,2025-06-15T02:00:26.091104,54.988807,2075
0a53b7b6-3f82-48b5-a7c4-03ee355fc7f9,048342d9-9534-4665-8fef-70a856fd4647,"(32.534378,55.452732)",41.13591,-4.382403,86.394174,abierto,2025-06-15T02:00:26.091104,19.820187,2138
838b867e-6250-441e-a78a-a6039054385a,3a32cf70-346a-4c94-a93a-752f67826afd,"(-32.513658,29.306525)",40.377705,4.407107,42.308577,cerrado,2025-06-15T02:00:26.091104,24.188447,913
ce2382ef-87fd-46e0-87d6-ab14f1115fd4,84aadf1d-cf47-40d2-8334-d0ecf86998a6,"(-83.831412,45.84262)",57.806543,3.126701,85.850977,abierto,2025-06-15T02:00:26.091104,46.85494,2836
b5aba6db-19eb-4e9d-b00b-0d1667171c38,ec916a2a-c10c-4dc3-b59a-375c3c98fda2,"(68.796641,44.614566)",45.873474,-4.399341,28.450347,abierto,2025-06-15T02:00:26.091104,6.460334,2924
50a73006-28c0-43ce-b33e-df5fc5423ce2,048342d9-9534-4665-8fef-70a856fd4647,"(18.537057,165.600274)",30.359221,-0.787949,88.447886,cerrado,2025-06-15T02:00:26.091104,26.131077,3493
7783d2e1-b249-4667-8b58-1db2d11135af,ec916a2a-c10c-4dc3-b59a-375c3c98fda2,"(-35.42987,-18.482316)",53.644736,1.253556,49.946612,cerrado,2025-06-15T02:00:26.091104,79.177892,2182
4a9dedca-c34d-4637-b0db-f1cb669cc552,18e08150-7e64-4148-a421-5bffcbf76417,"(31.627597,175.700035)",65.61398,-3.198044,60.643348,cerrado,2025-06-15T02:00:26.091104,31.785155,2201
34f6b9fa-8e2e-4039-abe9-b4c581f05c1e,84aadf1d-cf47-40d2-8334-d0ecf86998a6,"(7.23279,-83.433349)",48.333377,-3.592908,41.306357,cerrado,2025-06-15T02:00:26.091104,29.773818,2162
94b23a3b-9bb4-4246-9baa-16b95ea97da1,ec916a2a-c10c-4dc3-b59a-375c3c98fda2,"(87.001476,-115.914283)",51.088857,-2.408245,25.835841,abierto,2025-06-15T02:00:26.091104,5.151655,2156
d60d44eb-d70c-4408-8824-b5663237f4c5,cce2cb41-3b42-4d9a-b462-3f96da0ad493,"(60.450727,-80.1404)",49.696944,-0.494358,30.614983,cerrado,2025-06-15T02:00:26.091104,37.957208,2278
61b30853-c4c4-4b32-9c17-63d3bde859a5,cce2cb41-3b42-4d9a-b462-3f96da0ad493,"(24.603901,-143.878634)",59.259327,-4.671459,92.862741,cerrado,2025-06-15T02:00:26.091104,15.262067,1553
59ddad80-c67c-4779-acbc-22e47d486b5d,84aadf1d-cf47-40d2-8334-d0ecf86998a6,"(-24.833517,56.974949)",31.656222,-3.950011,38.491855,cerrado,2025-06-15T02:00:26.091104,21.078007,3250
899ecc16-d311-4f90-8a24-2ec1e5ff0a3c,84aadf1d-cf47-40d2-8334-d0ecf86998a6,"(89.315425,-104.052504)",62.046066,-2.974157,74.028477,cerrado,2025-06-15T02:00:26.091104,20.546197,188
c18aac88-f9b1-4a71-9916-c883521f6e62,cce2cb41-3b42-4d9a-b462-3f96da0ad493,"(60.340413,35.660955)",57.416298,3.127166,46.571403,abierto,2025-06-15T02:00:26.091104,37.120704,466
4b18641b-f1c4-408c-9b41-202e261250f7,ec916a2a-c10c-4dc3-b59a-375c3c98fda2,"(37.680015,-64.143267)",49.962601,-4.712032,62.538934,abierto,2025-06-15T02:00:26.091104,19.222247,812
9ff2e663-8315-4561-a7df-682f25c6e349,84aadf1d-cf47-40d2-8334-d0ecf86998a6,"(47.261763,-0.867861)",56.988801,-3.414041,50.392314,abierto,2025-06-15T02:00:26.091104,2.376423,377
ab3dec07-06ba-4386-94e4-b61248ea58c0,cce2cb41-3b42-4d9a-b462-3f96da0ad493,"(53.585632,-5.562272)",43.755255,1.053852,35.561353,cerrado,2025-06-15T02:00:26.091104,84.943832,1007
f89b0217-36ae-4006-ab5b-5c71ac69ce00,cce2cb41-3b42-4d9a-b462-3f96da0ad493,"(64.028283,-117.765868)",38.699447,-4.087026,73.758675,cerrado,2025-06-15T02:00:26.091104,26.998305,1767
c1b799c2-c24e-456d-8573-542145973e46,84aadf1d-cf47-40d2-8334-d0ecf86998a6,"(64.486529,-112.662259)",38.576463,-1.913943,53.235282,cerrado,2025-06-15T02:00:26.091104,96.963918,1075
f326f205-3bdc-468e-84a8-f69adb11837c,cce2cb41-3b42-4d9a-b462-3f96da0ad493,"(74.189308,-73.614631)",34.980549,4.619281,62.841207,cerrado,2025-06-15T02:00:26.091104,25.230281,2391
27feef0b-d1a8-41b2-b0d1-cfbef111dcde,6f40ed65-1be2-41de-a328-8cd8682b7b0f,"(-26.850506,-107.287222)",61.016561,-3.857133,60.734959,cerrado,2025-06-15T02:00:26.091104,11.17709,2656
d3f89b7b-a7ff-4b3c-b637-36a92a96cab7,6f40ed65-1be2-41de-a328-8cd8682b7b0f,"(-45.057638,-16.81962)",65.731815,1.034662,71.140815,cerrado,2025-06-15T02:00:26.091104,10.496752,1536
611fcdb1-d02a-40b7-8245-895e9743e5da,3a32cf70-346a-4c94-a93a-752f67826afd,"(-37.49267,-105.287297)",31.671635,-0.510359,35.564679,cerrado,2025-06-15T02:00:26.091104,69.073283,3412
847459c8-58fd-4e23-b6fb-3e72038fdd88,84aadf1d-cf47-40d2-8334-d0ecf86998a6,"(-35.731898,161.433489)",34.171454,1.584254,24.0873,abierto,2025-06-15T02:00:26.091104,7.226832,2092
38759acf-cd8d-4765-911d-458f2db24ae8,84aadf1d-cf47-40d2-8334-d0ecf86998a6,"(-50.036964,-16.867095)",53.206099,-2.710893,68.324796,abierto,2025-06-15T02:00:26.091104,57.51217,374
e3c7aeb3-1f5c-4ace-9787-729602ac55be,ec916a2a-c10c-4dc3-b59a-375c3c98fda2,"(23.257953,-153.399537)",70.105887,2.500498,99.58365,abierto,2025-06-15T02:00:26.091104,80.42305,591
e558097f-d1be-4fda-a0ba-0ab6cc32df22,6f40ed65-1be2-41de-a328-8cd8682b7b0f,"(45.076318,93.352519)",64.918288,3.405468,55.166976,cerrado,2025-06-15T02:00:26.091104,29.796606,1451
11d9b979-b793-4dd7-a797-3a64e7498839,048342d9-9534-4665-8fef-70a856fd4647,"(-6.305831,160.560725)",60.098059,4.628664,24.208357,cerrado,2025-06-15T02:00:26.091104,67.289003,334
d2a91427-d33f-4f12-8ef4-b6dc32280000,3a32cf70-346a-4c94-a93a-752f67826afd,"(82.193082,-99.666146)",79.910924,4.346079,29.731994,cerrado,2025-06-15T02:00:26.091104,1.473665,2996
58761215-bb1f-457f-ad31-540d193ce571,3a32cf70-346a-4c94-a93a-752f67826afd,"(58.111767,99.513263)",51.623552,1.156773,46.708522,abierto,2025-06-15T02:00:26.091104,21.633899,455
ef36739a-363a-4644-a35b-34f735647d3d,3a32cf70-346a-4c94-a93a-752f67826afd,"(-65.472982,123.689477)",61.499783,3.224623,50.43552,abierto,2025-06-15T02:00:26.091104,48.699647,339
237aeb1a-5afa-4754-a5e6-97195a30e3a9,048342d9-9534-4665-8fef-70a856fd4647,"(-3.881842,53.240552)",61.628355,1.109415,20.054673,cerrado,2025-06-15T02:00:26.091104,96.557417,280
2c262c9e-98ad-42ac-a461-818a5b36c3a9,84aadf1d-cf47-40d2-8334-d0ecf86998a6,"(6.548714,-146.327947)",71.927364,-0.894499,95.120922,abierto,2025-06-15T02:00:26.091104,28.90121,1740
64cec840-0ea1-40db-8319-a4551c310bfc,ec916a2a-c10c-4dc3-b59a-375c3c98fda2,"(70.185012,-7.152092)",67.381316,-3.295666,84.560395,cerrado,2025-06-15T02:00:26.092104,1.661321,62
d4c62f17-f72c-410e-80d6-9c7eaef47460,ec916a2a-c10c-4dc3-b59a-375c3c98fda2,"(86.112759,158.774128)",67.546475,3.940935,33.865792,abierto,2025-06-15T02:00:26.092104,7.894596,2693
0a6964e7-a5a6-48ce-a69f-1217283a4ad7,3a32cf70-346a-4c94-a93a-752f67826afd,"(42.984128,157.432025)",65.286908,3.99023,34.616869,cerrado,2025-06-15T02:00:26.092104,12.758789,3158
e48ae661-fafe-4666-9121-52334ecbb1af,84aadf1d-cf47-40d2-8334-d0ecf86998a6,"(4.128996,162.809253)",61.951004,-3.94376,31.350257,cerrado,2025-06-15T02:00:26.092104,60.598353,2595
232f8ded-446c-4607-86cf-57643ed87813,18e08150-7e64-4148-a421-5bffcbf76417,"(71.848222,51.022733)",37.238404,1.786216,54.796926,abierto,2025-06-15T02:00:26.092104,79.121301,362
6a5c23f2-d029-4d47-9076-5fcf91b3dc53,3a32cf70-346a-4c94-a93a-752f67826afd,"(-41.064802,30.431771)",42.548838,1.51153,51.548277,abierto,2025-06-15T02:00:26.092104,74.928544,157
81c15223-44c7-49e1-8814-d74b2bc62ee5,9bbfb9de-d359-420d-91d4-2cfd88a23caf,"(36.510613,51.991159)",38.66023,-1.673246,64.845964,abierto,2025-06-15T02:00:26.092104,17.641988,38
a9ad2353-abd0-4e14-896a-5fa2fa202bb0,6f40ed65-1be2-41de-a328-8cd8682b7b0f,"(-48.45541,-92.662018)",33.027804,0.346743,34.571729,cerrado,2025-06-15T02:00:26.092104,16.864477,108
da3d56fa-5d8c-4465-9921-b748027bba4e,18e08150-7e64-4148-a421-5bffcbf76417,"(-11.868998,36.113564)",65.921322,-3.813158,32.65117,cerrado,2025-06-15T02:00:26.092104,98.928938,740
6f48c732-4adf-46b7-9264-b8e0a79ba88f,18e08150-7e64-4148-a421-5bffcbf76417,"(-79.17969,-137.272121)",45.868028,-4.096096,81.673617,cerrado,2025-06-15T02:00:26.092104,49.305944,1363
4bdd1aa5-3cc6-4cc8-b886-da0fd6377a1e,18e08150-7e64-4148-a421-5bffcbf76417,"(-14.770371,-27.958816)",47.358209,4.800868,40.393963,abierto,2025-06-15T02:00:26.092104,51.199234,2190
d8824f0a-c5fa-4bee-adad-628ac3a4b666,ec916a2a-c10c-4dc3-b59a-375c3c98fda2,"(48.131072,1.388233)",45.683999,-3.763797,82.256988,cerrado,2025-06-15T02:00:26.092104,66.439226,1344
ca8842eb-5da2-4005-8f82-33550e8332a2,6f40ed65-1be2-41de-a328-8cd8682b7b0f,"(36.454146,43.947329)",51.391604,2.981136,65.645002,abierto,2025-06-15T02:00:26.092104,68.731147,2084
fa0f2083-f4b8-464a-b52c-9e3e333f58c2,6f40ed65-1be2-41de-a328-8cd8682b7b0f,"(43.764852,-111.839525)",32.593845,-2.576549,91.428122,cerrado,2025-06-15T02:00:26.092104,77.231631,1425
e2648708-cf1b-4076-9756-737278655211,cce2cb41-3b42-4d9a-b462-3f96da0ad493,"(-38.189696,150.485004)",47.666815,0.376457,68.563788,abierto,2025-06-15T02:00:26.092104,65.105483,3058
5eaae94f-0cad-484b-820c-2b3dd47df358,18e08150-7e64-4148-a421-5bffcbf76417,"(-1.92839,124.683441)",32.931513,-1.347786,82.237282,abierto,2025-06-15T02:00:26.092104,98.941567,152
1d6c2638-a40a-40f4-b016-c9192b3464e3,3a32cf70-346a-4c94-a93a-752f67826afd,"(-25.362892,119.20918)",38.879475,0.027698,47.581579,cerrado,2025-06-15T02:00:26.092104,16.047824,2973
c6017de5-203a-4220-9aa5-ffa8a0a73390,3a32cf70-346a-4c94-a93a-752f67826afd,"(-82.15116,32.18498)",30.878479,3.366325,34.37366,abierto,2025-06-15T02:00:26.092104,36.081786,2612
7760a7e2-ed7f-429a-b5b2-f68c3453157a,ec916a2a-c10c-4dc3-b59a-375c3c98fda2,"(-37.360761,82.62049)",49.105093,-1.997319,24.199978,abierto,2025-06-15T02:00:26.092104,85.815473,3028
edf596c9-4bcd-4d5b-9641-561becc3e8dd,18e08150-7e64-4148-a421-5bffcbf76417,"(19.593554,42.34158)",55.196979,4.756362,50.225589,cerrado,2025-06-15T02:00:26.092104,37.663591,2799
88bf2f8b-51ac-41e5-804b-9127418dfc79,9bbfb9de-d359-420d-91d4-2cfd88a23caf,"(-12.000982,88.273137)",55.285254,2.16988,55.990136,abierto,2025-06-15T02:00:26.092104,80.884631,97
a5d6e719-dec4-4b6f-8f51-ac0e2c34a2a7,9bbfb9de-d359-420d-91d4-2cfd88a23caf,"(28.478225,-97.404442)",55.608047,0.279976,74.964444,cerrado,2025-06-15T02:00:26.092104,78.616979,1611
e71c1f7d-f19f-491d-b8a9-24aa5f4e55f7,cce2cb41-3b42-4d9a-b462-3f96da0ad493,"(-21.113324,-90.951442)",39.440538,3.741684,37.534654,cerrado,2025-06-15T02:00:26.092104,67.575469,407
367248b7-1333-463f-a744-0a153d9eff9d,9bbfb9de-d359-420d-91d4-2cfd88a23caf,"(-82.601533,-85.655348)",59.570917,-3.930906,93.301936,cerrado,2025-06-15T02:00:26.092104,23.424731,3132
ab5b31f6-c7b9-4571-b1ea-8795ef817e0f,84aadf1d-cf47-40d2-8334-d0ecf86998a6,"(85.973688,120.919372)",30.314134,1.934766,51.912906,abierto,2025-06-15T02:00:26.092104,72.796959,528
2a897d23-38b5-4a48-aa09-e6402a218862,3a32cf70-346a-4c94-a93a-752f67826afd,"(-71.433709,-176.239265)",79.892107,-3.878594,28.857162,abierto,2025-06-15T02:00:26.092104,86.675023,1930
c0632255-565f-49aa-bcbc-6644c0de1d43,84aadf1d-cf47-40d2-8334-d0ecf86998a6,"(74.664546,-80.795214)",41.07467,2.135903,66.771607,abierto,2025-06-15T02:00:26.092104,77.825941,2364
72b9b926-28fd-4196-85eb-c2af29b55dfd,cce2cb41-3b42-4d9a-b462-3f96da0ad493,"(26.886022,11.601404)",75.205484,2.32808,35.388495,abierto,2025-06-15T02:00:26.092104,88.617288,1422
5f512a3c-6962-412f-acae-90dee8c5365a,6f40ed65-1be2-41de-a328-8cd8682b7b0f,"(-19.200198,-150.236653)",53.348013,-2.057378,75.044309,cerrado,2025-06-15T02:00:26.092104,99.057923,1726
0a7240fd-8f1d-4db8-a4ad-58110717d440,048342d9-9534-4665-8fef-70a856fd4647,"(-72.081342,13.998483)",67.816454,3.918035,95.707242,cerrado,2025-06-15T02:00:26.092104,42.535419,1230
80ad65ee-517a-4966-9de3-3434a99a4b06,18e08150-7e64-4148-a421-5bffcbf76417,"(59.40349,57.746016)",40.250319,1.1528,77.503825,cerrado,2025-06-15T02:00:26.092104,97.821105,266
ce4f9c1f-77ea-4f00-a9ef-1166f83c41f1,cce2cb41-3b42-4d9a-b462-3f96da0ad493,"(48.682163,98.003113)",38.796412,-4.253486,48.923962,abierto,2025-06-15T02:00:26.092104,23.084977,1670
9ee773e2-a327-435c-810e-4f0b7a3838e8,cce2cb41-3b42-4d9a-b462-3f96da0ad493,"(44.158873,15.02352)",66.648821,4.572352,61.075878,cerrado,2025-06-15T02:00:26.092104,74.923261,1750
a13fcab0-450b-4471-91b6-601493c18a5c,ec916a2a-c10c-4dc3-b59a-375c3c98fda2,"(82.653456,-107.096737)",33.987107,-3.448909,78.78412,cerrado,2025-06-15T02:00:26.092104,94.727599,1432
3e9d8c7d-9806-4894-a0e2-a9956ae4f997,9bbfb9de-d359-420d-91d4-2cfd88a23caf,"(-6.775008,178.11341)",63.598682,-4.149463,47.15867,cerrado,2025-06-15T02:00:26.092104,15.177393,728
89a3feaa-8111-4bb8-ac86-7aa478a38750,cce2cb41-3b42-4d9a-b462-3f96da0ad493,"(-81.17836,164.709969)",47.449403,0.093812,56.915328,abierto,2025-06-15T02:00:26.092104,48.77788,2695
96e46910-f8d4-42ab-ae99-e0ebef6f85c4,3a32cf70-346a-4c94-a93a-752f67826afd,"(32.568254,122.476484)",69.332832,-1.930613,45.098995,abierto,2025-06-15T02:00:26.092104,89.998932,2392
e0a720c2-9dcd-4e73-9b54-07d14e0020b8,18e08150-7e64-4148-a421-5bffcbf76417,"(-58.024454,-22.466474)",70.329883,1.336958,63.106229,abierto,2025-06-15T02:00:26.092104,22.53357,148
cb06c01d-c7b9-4980-b552-f9d53dea4987,048342d9-9534-4665-8fef-70a856fd4647,"(-47.459656,128.9665)",36.062439,-0.840911,59.092377,cerrado,2025-06-15T02:00:26.092104,18.334034,3221
bad623c9-bae3-4ac9-bb63-9fdf2f873390,3a32cf70-346a-4c94-a93a-752f67826afd,"(-45.249937,132.04256)",72.167414,-2.467349,65.984774,cerrado,2025-06-15T02:00:26.092104,98.96927,811
a112cee3-104f-4c7d-bf0a-79689056e227,9bbfb9de-d359-420d-91d4-2cfd88a23caf,"(89.774986,75.307972)",61.566702,-2.727955,32.570612,cerrado,2025-06-15T02:00:26.092104,10.463461,676
4d70ca80-cf55-4abb-9233-6fbd048807be,048342d9-9534-4665-8fef-70a856fd4647,"(-57.914467,11.493717)",59.326444,1.934301,72.262047,cerrado,2025-06-15T02:00:26.092104,79.930516,671
26a1a53d-7426-42af-bc47-e392574d95b4,ec916a2a-c10c-4dc3-b59a-375c3c98fda2,"(12.357561,9.81227)",76.361324,-3.226426,87.043448,abierto,2025-06-15T02:00:26.092104,47.539893,1881
aff246f5-dd10-4b17-ba62-110c6636247d,6f40ed65-1be2-41de-a328-8cd8682b7b0f,"(3.189865,-158.346215)",75.13746,-4.133647,65.131307,cerrado,2025-06-15T02:00:26.092104,59.941513,297
84c7591e-5ddf-440d-8f5d-94c60d73a7eb,84aadf1d-cf47-40d2-8334-d0ecf86998a6,"(68.902948,-22.001226)",69.533133,4.437256,83.588446,abierto,2025-06-15T02:00:26.092104,79.257044,1085
78658437-e5ae-4ad7-a72a-d8653c66cac6,6f40ed65-1be2-41de-a328-8cd8682b7b0f,"(-11.809349,128.885978)",51.190851,0.906431,71.419035,abierto,2025-06-15T02:00:26.092104,2.485727,952
9030790e-615e-459f-802d-a2ab440d336b,cce2cb41-3b42-4d9a-b462-3f96da0ad493,"(35.165021,-174.937026)",72.150483,-1.243425,90.520756,abierto,2025-06-15T02:00:26.092104,39.324523,1377
57eec9f0-b47b-4aa0-b97e-7802eb985c7d,048342d9-9534-4665-8fef-70a856fd4647,"(-71.493555,-3.049409)",38.360754,3.261627,92.195986,cerrado,2025-06-15T02:00:26.092104,24.992851,1591
7dc40e56-417b-4058-9872-33194919b8ed,6f40ed65-1be2-41de-a328-8cd8682b7b0f,"(-36.989657,129.080015)",57.247601,-2.942995,30.169593,abierto,2025-06-15T02:00:26.092104,61.339564,3
bda15484-eadf-49a6-b59c-d97850a53cee,18e08150-7e64-4148-a421-5bffcbf76417,"(-47.783006,-131.933738)",35.048346,2.581555,26.98166,cerrado,2025-06-15T02:00:26.092104,89.130414,575
dec46fce-bc99-4cb6-8dad-37d81c6c8c39,6f40ed65-1be2-41de-a328-8cd8682b7b0f,"(47.119631,139.947676)",34.690824,-3.978369,86.341738,abierto,2025-06-15T02:00:26.092104,3.982748,2016
997142e0-9567-4ab3-8f6c-64ce204af58e,048342d9-9534-4665-8fef-70a856fd4647,"(-72.375019,-71.893852)",68.014143,1.767599,79.267546,cerrado,2025-06-15T02:00:26.092104,31.873131,3495
f7db7b48-b3e7-48d9-b9fa-29726c60c65d,cce2cb41-3b42-4d9a-b462-3f96da0ad493,"(-19.538576,161.900554)",42.096407,3.356652,40.560446,cerrado,2025-06-15T02:00:26.092104,53.557364,2251
d001eb3b-46d0-453e-ac43-71a9b30396fa,9bbfb9de-d359-420d-91d4-2cfd88a23caf,"(-26.745799,124.948091)",41.077542,-1.069112,87.246976,cerrado,2025-06-15T02:00:26.092104,5.75898,3319
9f69be0e-eea1-4121-96b4-066b075dcbeb,18e08150-7e64-4148-a421-5bffcbf76417,"(48.369295,158.303481)",56.744803,-4.41292,93.147998,cerrado,2025-06-15T02:00:26.092104,62.969286,1885
b7492228-1030-4d95-ae42-c4694c762067,9bbfb9de-d359-420d-91d4-2cfd88a23caf,"(-58.703569,133.11616)",52.413634,3.346352,74.679354,cerrado,2025-06-15T02:00:26.092104,38.870957,2780
7235397c-42d7-41ce-876e-e37f19ad826d,9bbfb9de-d359-420d-91d4-2cfd88a23caf,"(-68.832522,-170.905783)",40.471097,1.601092,45.334236,cerrado,2025-06-15T02:00:26.092104,30.868629,3147
13e42b8a-ef63-4fb7-bd62-e2515a3a2acd,9bbfb9de-d359-420d-91d4-2cfd88a23caf,"(52.685037,69.782065)",40.215805,-4.403953,95.455166,cerrado,2025-06-15T02:00:26.092104,41.465437,524
