id_orden_entrega,destino,id_usuario,coordenada_destino,fecha_orden,descripcion,id_cliente,nivel_prioridad,fecha_actualizacion
b69e5808-76f2-4526-b867-2bd6af979d5c,Granada,5c97b1e8-2c81-4699-a18b-126f5a889b29,"(-76.88061,-11.718361)",2025-06-01T00:13:19.652612,Debitis dolor iste porro saepe.,c3563a47-f214-4a5d-9219-af58f1ef7a8d,baja,2025-06-01T00:13:19.652612
894af6c2-8b21-41b7-aa92-b4fa2da29ecf,Córdoba,ec3320a9-69eb-480a-89cc-3ea03f271a1e,"(-76.88061,-11.718361)",2025-06-01T00:21:19.652612,Nisi dolorum nam voluptatibus eveniet vero voluptatibus.,9d3c8948-0c79-493e-8d2b-1098be1f25ac,baja,2025-06-01T00:21:19.652612
ba1e9190-8a0f-48cd-8acd-6308879056f7,Álava,e39b5846-e8cf-4d74-811a-04f5d5e9c89d,"(-76.880514,-11.71839)",2025-06-01T00:19:19.652612,Reiciendis voluptatem blanditiis ipsam.,06495e49-bbc6-4cda-b1a6-a984cfc3a65a,media,2025-06-01T00:19:19.652612
1811afbb-2c9d-4751-9b28-8cbe990dd25e,Málaga,e1cd2056-ddc1-4203-9d6d-911eee509c13,"(-76.88061,-11.718361)",2025-06-01T00:36:19.652612,Numquam animi dolor iusto nemo nemo.,70efb731-db94-445e-a6a0-455a889c791e,alta,2025-06-01T00:36:19.652612
396e571e-e5a1-40fc-9313-4a6c0fae318d,Baleares,677eceaa-cd6d-4ed4-9d6a-49f78f08d55e,"(-76.880417,-11.718521)",2025-06-01T00:30:19.652612,Consequatur voluptas culpa odio quaerat magni.,5163d4be-dd20-458a-8762-60d99286b4cb,baja,2025-06-01T00:30:19.652612
5bfde6f2-53c3-49bb-be01-f12f9b692718,Pontevedra,d7c0d5a3-9e87-4ef7-a649-565a79d22fc1,"(-76.88061,-11.718361)",2025-06-01T00:33:19.652612,Quibusdam repudiandae non architecto dolorem quia.,18614c65-d6b9-406c-b758-50d7a83c5d05,media,2025-06-01T00:33:19.652612
ebb207b2-c2ef-4ee9-97cf-72766808a7db,Sevilla,78fc512d-a1ea-4d3f-b107-4e302ac4187d,"(-76.88061,-11.718361)",2025-06-01T00:36:19.652612,Accusamus autem error illo.,336fdf8a-1f68-4149-878e-251414930f0b,alta,2025-06-01T00:36:19.652612
e33cc617-1b10-4874-a243-cff9a69feb30,Santa Cruz de Tenerife,9b6d1931-2d3a-45bd-8bec-40d3afd2f115,"(-76.88061,-11.718361)",2025-06-01T00:22:19.652612,Quis exercitationem culpa non magnam quidem porro maiores.,d5abad8b-da99-4721-a3f1-d56f46485bd9,critica,2025-06-01T00:22:19.652612
87e29c86-5ea3-4435-a376-3bf58d648794,Guipúzcoa,f8083d2b-3f83-4840-af36-ce810673eea7,"(-76.88061,-11.718361)",2025-06-01T00:17:19.652612,Odit velit quisquam natus.,3061370e-a8bb-427e-a08e-5c444fdd2f95,baja,2025-06-01T00:17:19.652612
589fcc60-fc74-4e1e-90eb-65e9f60014e1,Palencia,e39b5846-e8cf-4d74-811a-04f5d5e9c89d,"(-76.88061,-11.718361)",2025-06-01T00:21:19.652612,Aliquid libero aliquid modi iure amet aperiam reprehenderit.,068a056d-e013-4812-b6c9-016dba3eb857,media,2025-06-01T00:21:19.652612
4f86985e-4822-4512-874b-eb2d713098d9,Málaga,e9b31ad4-800c-40f9-a045-0dd5d6c90de7,"(-76.88061,-11.718361)",2025-06-01T00:19:19.652612,Accusamus eius porro fuga.,d331689e-3c0d-479b-a95a-017057bdd183,critica,2025-06-01T00:19:19.652612
a993ae74-3dab-4fa6-8a89-5970c0483e8e,Guipúzcoa,1aee7c47-fefe-4906-a355-b6e72117fef4,"(-76.88061,-11.718361)",2025-06-01T00:25:19.652612,Iusto sint repudiandae neque.,effa2282-ac7b-4afc-9878-d804e393288c,critica,2025-06-01T00:25:19.652612
4f2c6fde-fb08-432f-9c55-052703833b97,Almería,313e74c9-c15f-48ce-9c3c-8fe0bab3dade,"(-76.88061,-11.718361)",2025-06-01T00:13:19.652612,Ea quasi cumque asperiores dolorum nihil.,c8c651d3-e7fe-4d44-8b4f-525aa9e9b237,media,2025-06-01T00:13:19.652612
55ffa505-40fe-4385-a00e-ee032ee8dd73,Badajoz,a2bf5123-c769-4f09-b2a6-dea036a87357,"(-76.88061,-11.718361)",2025-06-01T00:24:19.652612,Harum laboriosam dolor laudantium ut asperiores quo.,8c1e7ee1-3f2c-42ed-bcb6-622572e88cc8,alta,2025-06-01T00:24:19.652612
91105b0d-1858-4885-8b5e-9d7f8c3e692b,Badajoz,c9ab4321-4ab1-4244-bbd8-f78dd68e16fa,"(-76.88061,-11.718361)",2025-06-01T00:29:19.652612,Distinctio minima facere asperiores laboriosam voluptate aut.,e185245e-2f31-4899-970e-b4ab5759121a,baja,2025-06-01T00:29:19.652612
20c10c2b-d81d-4290-8fa2-db043bd73d70,Huelva,af269a52-7199-4e6e-9c24-3069044f6806,"(-76.88061,-11.718361)",2025-06-01T00:30:19.652612,Autem cumque tempora ab laudantium.,3cb74c0c-ccbd-4b5c-9611-8c7ff2c7e747,baja,2025-06-01T00:30:19.652612
408b1359-fc8e-4d18-a4b0-b8f0553074da,Girona,3940ac26-5d3b-438a-bc04-a8745801694c,"(-77.109121,-12.147339)",2025-06-01T00:21:19.652612,Inventore magnam deserunt.,abe983a3-e23f-4490-98fe-b06681d0db80,media,2025-06-01T00:21:19.652612
4686a0e9-5d9c-425e-a664-1077e9d88500,Segovia,697683ef-a377-4ad4-bdfd-6ec8268a58af,"(-77.109121,-12.147339)",2025-06-01T00:14:19.652612,Modi vel ipsam fuga optio sint maiores illo.,0a82e0a6-c5b7-43e7-bd33-6f4cc89b68fc,critica,2025-06-01T00:14:19.652612
db93c64c-d094-4add-b5a8-356db3ed9bf6,Córdoba,f79de586-5620-45a2-beca-fe72ab2406fa,"(-77.109121,-12.147339)",2025-06-01T00:30:19.652612,Odio rem magni vitae modi.,198dc2b8-7a89-48fa-b9c6-3f17651186d5,alta,2025-06-01T00:30:19.652612
f80cb508-6c2a-4ac9-aea5-930c858ed92f,La Rioja,d121bfd9-08e7-441e-b97f-2ade2620333a,"(-77.109303,-12.147695)",2025-06-01T00:38:19.652612,Temporibus quod illo dolores aspernatur saepe explicabo.,33da314e-d3c6-489b-981d-98e0d89144e8,media,2025-06-01T00:38:19.652612
c18598b4-904f-4fcb-8ce2-91ebb5ffd227,Barcelona,3e9fd66d-02e4-48a1-807c-483ea7130da4,"(-77.109121,-12.147339)",2025-06-01T00:38:19.652612,Sit iure qui sit quia molestias voluptate.,20d954ff-df57-4187-8069-9622ea2fee04,media,2025-06-01T00:38:19.652612
106dcbf1-43fe-4bf3-8892-117f2a094a3d,Lugo,3983c8a7-6165-413f-b567-7063f508c17c,"(-77.109121,-12.147339)",2025-06-01T00:31:19.652612,Ratione officiis officiis ipsum labore.,f999abb9-780c-4bcc-95e6-2c1e0ee8f21f,critica,2025-06-01T00:31:19.652612
766c566e-600e-4dfe-b7cf-275353a13de5,Soria,d7c0d5a3-9e87-4ef7-a649-565a79d22fc1,"(-77.109121,-12.147339)",2025-06-01T00:14:19.652612,Dicta quo error facere consectetur.,9454400a-3d23-4050-8b4f-21f35e03b799,alta,2025-06-01T00:14:19.652612
096d6fe5-3a65-431d-b80f-1e8dd08ae4a1,Guadalajara,85bcaf2d-12fa-4a5e-80ce-6ed72f911c46,"(-77.109084,-12.147758)",2025-06-01T00:33:19.652612,Provident laudantium sint saepe.,9f1ff537-86e3-4772-88eb-010815148dfd,media,2025-06-01T00:33:19.652612
284b782a-78c9-405b-9af7-c9ee6ed358c7,Zaragoza,9cbb24cd-cecd-4a85-ae6b-d3bbee01570f,"(-77.109121,-12.147339)",2025-06-01T00:36:19.652612,Sequi quaerat ad harum saepe adipisci consequatur.,5ce75055-0957-4dac-ac6a-f7da69f9591d,critica,2025-06-01T00:36:19.652612
3e03ad50-eb77-4edf-8f98-447f955c2ae1,León,9cbb24cd-cecd-4a85-ae6b-d3bbee01570f,"(-77.109121,-12.147339)",2025-06-01T00:31:19.652612,Aspernatur sint dignissimos libero quae aperiam.,d65c1ba7-8a56-4765-9217-d9e5fa83a906,critica,2025-06-01T00:31:19.652612
6adc0f2c-eea9-41cd-b576-9fa3ecb25db2,Valladolid,359326f9-b8b7-4849-a175-f93dd72d3f5b,"(-77.109121,-12.147339)",2025-06-01T00:21:19.652612,Incidunt ut iure labore itaque ex laboriosam.,d079696e-aba6-400c-a4a7-3ff3d7e16618,media,2025-06-01T00:21:19.652612
7954f2fe-a74e-4a22-b28a-2643add43a09,Murcia,2ecaeba2-332c-481f-9716-3b9136629b48,"(-77.109121,-12.147339)",2025-06-01T00:37:19.652612,Eos earum totam odit.,0005287c-507d-49a8-81a3-51c2f0bf9530,alta,2025-06-01T00:37:19.652612
5bf0bf5f-c1b9-4d43-b4bd-f752dc388c97,Barcelona,1d5c27b1-9adb-45ad-b89b-742e10afc1ab,"(-77.109065,-12.147206)",2025-06-01T00:18:19.652612,Tempore totam cumque voluptas aspernatur ad veniam officiis.,695bb34f-8314-4414-9038-16e2caa43d07,critica,2025-06-01T00:18:19.652612
879a742e-8017-46b0-ae07-bae883d82536,Guipúzcoa,4c127780-0df5-4b8d-b03c-b0ef3885b3bf,"(-77.109121,-12.147339)",2025-06-01T00:31:19.652612,Distinctio iste perferendis libero.,3c740844-f3f3-4a5e-ab69-899ee3e057b3,media,2025-06-01T00:31:19.652612
a9acffde-1108-47f3-8c9b-5dae3ac96417,Ávila,60d7a539-4cba-4024-978f-1f385bbccd4d,"(-77.109121,-12.147339)",2025-06-01T00:33:19.652612,Nostrum voluptatum dignissimos similique eos quae.,abe983a3-e23f-4490-98fe-b06681d0db80,alta,2025-06-01T00:33:19.652612
bc547107-13b4-4a99-81c4-a1496ae3dd25,Cádiz,87dfc384-a801-4d15-b339-6fc3c4215975,"(-77.109121,-12.147339)",2025-06-01T00:20:19.652612,Molestiae cupiditate impedit ratione doloremque.,21869826-77fa-435e-853c-1a7461259685,critica,2025-06-01T00:20:19.652612
6ff88c84-200b-402f-8297-63c08e6bcee5,Santa Cruz de Tenerife,69d30068-3f2e-459c-bcc7-87b64c930d96,"(-77.015993,-12.225783)",2025-06-01T00:30:19.652612,Inventore eveniet quasi iure amet cupiditate.,5334df26-b474-4d0e-a2a2-ebe31a1ab18b,baja,2025-06-01T00:30:19.652612
49f1660c-7135-4055-8d44-925483b2ccec,Cáceres,211ba499-d814-468e-aa1b-c19386da803c,"(-77.015993,-12.225783)",2025-06-01T00:25:19.652612,Facere similique culpa ab ex minima.,6c1d0e94-0a5c-4266-935b-d245d0fad332,media,2025-06-01T00:25:19.652612
25449843-78aa-43cc-9d8a-9daae4f72398,Girona,70d573f4-c60d-4f10-b1bf-06c473782203,"(-77.015993,-12.225783)",2025-06-01T00:36:19.652612,Ratione consectetur minus porro.,f77cd115-427b-4163-93a6-ae69f48a6c8c,alta,2025-06-01T00:36:19.652612
4b0ffa30-1f07-4cb9-8698-81cf45795875,Badajoz,90c0cf86-bb80-420c-a271-5e34d6fdbb7e,"(-77.015993,-12.225783)",2025-06-01T00:29:19.652612,Asperiores nam fugiat.,6d5dfff5-63de-40f6-b549-ce080c0148ad,critica,2025-06-01T00:29:19.652612
58440f54-5585-4a1f-a6e2-50dede1c5363,Alicante,73509ad7-c973-4e87-a1a0-7d7cb22e1cbb,"(-77.015993,-12.225783)",2025-06-01T00:18:19.652612,Porro vitae eos libero.,198dc2b8-7a89-48fa-b9c6-3f17651186d5,alta,2025-06-01T00:18:19.652612
cca3c61c-ed58-44e9-96f1-39faefa9c729,Ciudad,bcc1cb8b-7773-4848-b48e-616405d6af9e,"(-77.015993,-12.225783)",2025-06-01T00:17:19.652612,Laboriosam totam cum officiis.,fa648ce0-bf2b-4122-84cb-628b10fa4d31,critica,2025-06-01T00:17:19.652612
893b14de-872e-42f0-b3c6-df8d32b8ea8f,Badajoz,43dae8a1-57fd-468a-8dfd-f570b5b1f9c4,"(-77.015994,-12.225772)",2025-06-01T00:20:19.652612,Autem dicta repudiandae provident.,3dd07106-92a2-4950-b899-44e0b9fc83fa,alta,2025-06-01T00:20:19.652612
552b9260-30d7-4a5b-9cc7-93a6d1d19805,Alicante,775fdc56-325a-464a-9c7c-3deb15cd1886,"(-77.01567,-12.225634)",2025-06-01T00:33:19.652612,Necessitatibus unde culpa voluptates ad.,fed43742-d966-4d2f-a2dc-1f102b6b85aa,baja,2025-06-01T00:33:19.652612
45154e92-a424-43a9-ba07-10b59d3ded94,Salamanca,b2d82549-0531-4228-8f35-4e6709cec415,"(-77.015993,-12.225783)",2025-06-01T00:32:19.652612,Ea nemo quaerat corporis.,6994c996-f6c7-4df7-91f0-6e5d1fc69be1,critica,2025-06-01T00:32:19.652612
a4d79bf4-b208-465c-b438-f0cc7d85f833,Ávila,2c498ddd-fdf6-4406-8e82-b4572a205946,"(-77.015993,-12.225783)",2025-06-01T00:32:19.652612,Ipsam deleniti consectetur aliquid repellendus animi.,556e1967-0b35-46eb-a905-c9254646229c,alta,2025-06-01T00:32:19.652612
58f94f06-c320-4ce1-89a0-0c473e0498a6,Málaga,9cbb24cd-cecd-4a85-ae6b-d3bbee01570f,"(-77.015993,-12.225783)",2025-06-01T00:32:19.652612,Ullam dicta quos laudantium.,0f3aa805-9ec7-4388-b5cf-36b1bee2499b,media,2025-06-01T00:32:19.652612
80a2d69b-3252-4eae-93f4-2a911edbe859,Zamora,2aa21b82-d67d-470d-bee8-30a139eab0e5,"(-77.015869,-12.225657)",2025-06-01T00:22:19.652612,Ab ea vel.,8b16a61e-41d6-43da-b677-dc258c3b275f,media,2025-06-01T00:22:19.652612
85e50b45-adbd-498a-bf4b-bc589e2e803b,Huesca,df15a814-78a1-43bf-b533-361d16931f58,"(-77.015993,-12.225783)",2025-06-01T00:17:19.652612,Ut vero reiciendis adipisci iure ducimus.,848fc67a-d58b-4fc2-a762-5bd911e32804,media,2025-06-01T00:17:19.652612
cd22f180-d898-4623-b383-feb057fccb66,Zaragoza,29de6c13-2913-4b40-965f-bda09a4fc4d9,"(-77.015993,-12.225783)",2025-06-01T00:32:19.652612,Commodi asperiores qui non explicabo tempora.,d5abad8b-da99-4721-a3f1-d56f46485bd9,media,2025-06-01T00:32:19.652612
5cba1bce-1017-4fe7-9f9c-c725bbdd569c,Guadalajara,6a4183e8-2150-45aa-b844-cfd8cb2ba6c4,"(-77.015993,-12.225783)",2025-06-01T00:29:19.652612,Harum provident quibusdam modi veritatis.,d4b908ab-7601-413d-bf69-2d532a0dd8f4,media,2025-06-01T00:29:19.652612
6933e4e0-165a-4921-a688-e7daebe48c98,Alicante,4ec9990f-2709-4161-943b-d636d21da809,"(-77.015993,-12.225783)",2025-06-01T00:38:19.652612,Laboriosam magni itaque quidem qui.,3c637840-5fff-4d4c-bf2c-c96f8e89c656,alta,2025-06-01T00:38:19.652612
de394ac9-d728-4d1d-be88-82f1d156156c,Málaga,f8e77acc-0671-43f6-a97a-203d592f9d13,"(-77.147816,-11.857704)",2025-06-01T00:32:19.652612,Ad non quod.,90c77e5b-c63d-4662-a0b7-5f08a40c4a3c,baja,2025-06-01T00:32:19.652612
775107a9-546f-4501-99d6-fb26c9be51e5,Lugo,d3d4215d-2549-4a60-90ae-5673fe6147a2,"(-77.147816,-11.857704)",2025-06-01T00:37:19.652612,Voluptatem voluptatum ea asperiores.,362792a8-b744-47f5-a48c-96023b245f60,critica,2025-06-01T00:37:19.652612
477ca453-a4fb-47fc-af43-df2f4de773c3,Toledo,98e6f282-ee6f-4552-b926-8bedc9277e14,"(-77.147816,-11.857704)",2025-06-01T00:20:19.652612,Maiores laborum minima nobis eos exercitationem repellendus.,51807a4e-7595-4678-ae69-f2daa7a678a4,baja,2025-06-01T00:20:19.652612
2cfa2a59-4c54-4780-94da-ca39608c6419,Cádiz,29de6c13-2913-4b40-965f-bda09a4fc4d9,"(-77.147816,-11.857704)",2025-06-01T00:38:19.652612,Nam mollitia qui sed hic veritatis.,444a73d4-abb3-4181-8048-482509cfb5bc,baja,2025-06-01T00:38:19.652612
ff1c8012-0a19-4f3f-802f-957c26d892a8,Ávila,bcf3e07b-2e21-41be-9af7-d2e5f486165f,"(-77.147816,-11.857704)",2025-06-01T00:22:19.652612,Eius libero autem reiciendis maiores qui facilis.,e185245e-2f31-4899-970e-b4ab5759121a,alta,2025-06-01T00:22:19.652612
1eb55b15-befd-4b8a-b552-e102f184b9f7,Pontevedra,161511e7-0f2f-4569-a6eb-86adf3820449,"(-77.14764,-11.85756)",2025-06-01T00:17:19.652612,Non tempore temporibus possimus eaque dicta.,517efbe7-663d-4881-96b6-581037762f7f,alta,2025-06-01T00:17:19.652612
cdab7f41-1c1c-4280-b335-f27f6c7c052a,Pontevedra,1c3f563c-6146-4feb-bd76-4d93225a2ce7,"(-77.147919,-11.857764)",2025-06-01T00:29:19.652612,Delectus officia facilis quidem in tenetur.,1cf3553e-d477-42bb-bc9c-7b7710b310d7,critica,2025-06-01T00:29:19.652612
45549d5e-5b4f-4788-aa48-d6e1481a74e0,Albacete,3983c8a7-6165-413f-b567-7063f508c17c,"(-77.147816,-11.857704)",2025-06-01T00:26:19.652612,Libero laboriosam doloremque unde officia non unde.,ca170370-11e8-41f7-8621-470fdce40fb8,media,2025-06-01T00:26:19.652612
a3101cb1-7b52-4e1a-8826-62839be8c2af,Ciudad,21d98432-0ba5-4855-b7e0-199d67c49934,"(-77.147816,-11.857704)",2025-06-01T00:19:19.652612,Temporibus eius atque nostrum quo beatae.,bfae2b7e-ea59-4006-a467-17f71402e5ff,media,2025-06-01T00:19:19.652612
2d0c1f7e-365f-484f-8353-e8ac49faeca3,Lugo,5c97b1e8-2c81-4699-a18b-126f5a889b29,"(-77.14792,-11.857825)",2025-06-01T00:29:19.652612,Dicta officiis voluptatem recusandae voluptatem incidunt.,834cc0f3-dcc0-4d5c-af58-143476ccd57f,alta,2025-06-01T00:29:19.652612
0290f2b9-2fce-43f6-a72a-f4cff4ca805c,Las Palmas,af269a52-7199-4e6e-9c24-3069044f6806,"(-77.147882,-11.857763)",2025-06-01T00:33:19.652612,Consequuntur porro corporis pariatur.,6d5fe1aa-dca5-45e3-9c55-dab484bd9a55,alta,2025-06-01T00:33:19.652612
3aedff41-f826-4be1-b018-9f76bd78e6fd,Alicante,837fef48-f3af-41fc-af54-4677427a66b8,"(-77.147816,-11.857704)",2025-06-01T00:20:19.652612,Quae ea dolore hic doloribus quibusdam.,2cac7088-96aa-4a80-be6d-d1564647b45f,alta,2025-06-01T00:20:19.652612
0e65800e-df88-48b4-bebf-d0615d5671ec,Zamora,5c97b1e8-2c81-4699-a18b-126f5a889b29,"(-77.148088,-11.858021)",2025-06-01T00:14:19.652612,Corrupti ad doloribus minus.,191b6571-2211-498e-8c8c-670c23c7994c,alta,2025-06-01T00:14:19.652612
820a0585-00be-4536-9ba2-033a3075671b,Toledo,eac44f58-fbd2-4042-bb9d-b6a317f538e7,"(-77.147816,-11.857704)",2025-06-01T00:25:19.652612,Voluptates sint ducimus sequi eveniet quo.,dda17c63-5cad-4154-9a8b-391961c62a28,media,2025-06-01T00:25:19.652612
5370d954-2662-4522-b405-cd833525c351,Badajoz,2aa21b82-d67d-470d-bee8-30a139eab0e5,"(-77.147816,-11.857704)",2025-06-01T00:28:19.652612,Tenetur possimus animi occaecati sequi deleniti.,a3f3955e-4857-4da5-9d61-379c91782303,critica,2025-06-01T00:28:19.652612
aed7544f-6968-465c-aa6f-4f7dd8623cce,Cádiz,e1e13edc-4276-4517-9cb2-c60e686f9bac,"(-77.147816,-11.857704)",2025-06-01T00:18:19.652612,Laudantium iste iure ratione.,3f9812cd-204d-4688-971e-e1b1ad958a3d,media,2025-06-01T00:18:19.652612
29c76ceb-6392-44b0-952d-522592e39d83,Teruel,992353e1-ce25-4061-8661-be23f7427f8b,"(-76.869507,-12.013477)",2025-06-01T00:29:19.652612,Minima delectus consequuntur possimus nisi illo.,1cf3553e-d477-42bb-bc9c-7b7710b310d7,critica,2025-06-01T00:29:19.652612
32487ff3-9523-463b-b237-924362ef5b78,Madrid,5cdcecb1-1af7-4552-b8d4-2a41db2f8372,"(-76.869507,-12.013477)",2025-06-01T00:36:19.652612,Quos nihil illo animi earum.,d331689e-3c0d-479b-a95a-017057bdd183,baja,2025-06-01T00:36:19.652612
65a8d4e1-2e2a-4b4d-ac36-8ff89bef1691,Guipúzcoa,fd85d3ac-6ad5-42fb-9fd3-77eabfe52bd3,"(-76.869507,-12.013477)",2025-06-01T00:23:19.652612,Quaerat expedita ullam sapiente.,673d634a-af0e-4f41-8b1e-e6244c4aa409,alta,2025-06-01T00:23:19.652612
f3f2b388-c08b-427b-8830-b297c3b7508c,Vizcaya,37da15e5-d690-4c14-98e6-ae918f2266c0,"(-76.869566,-12.013651)",2025-06-01T00:20:19.652612,Minima consectetur voluptatum eveniet quod dolorum.,5b7ea64d-c2a0-46a3-940f-d6ae21dba3f1,critica,2025-06-01T00:20:19.652612
e615ec58-91a8-4646-84f5-09c25918869f,Soria,27702c58-284b-462d-ae22-11354d2fc9cd,"(-76.869507,-12.013477)",2025-06-01T00:27:19.652612,Quia consectetur libero aspernatur perferendis.,e0d826ce-20c2-4674-bc6e-b2d4f687c220,critica,2025-06-01T00:27:19.652612
27780e84-0902-4f00-bcd7-c1b926cdcf25,Segovia,30cb274b-af31-4613-bc4d-f42d1979f794,"(-76.869507,-12.013477)",2025-06-01T00:34:19.652612,Voluptate ullam dignissimos rerum doloremque vitae eius.,ebc445e7-e1b8-4d8f-a084-14cf35d73e1c,alta,2025-06-01T00:34:19.652612
34405835-4382-4e8d-965b-45c8d94d7d0a,Melilla,e9b31ad4-800c-40f9-a045-0dd5d6c90de7,"(-76.869738,-12.013712)",2025-06-01T00:29:19.652612,Magnam voluptatibus tempora.,1c1d4056-7265-43cb-841d-c4d07fafab6c,critica,2025-06-01T00:29:19.652612
674bb304-1c2d-41b4-bed4-b3faf54ff68f,Toledo,1716753f-d415-4fd2-9897-c1db99f7ee6b,"(-76.869507,-12.013477)",2025-06-01T00:35:19.652612,Distinctio eius sapiente odit odio.,0506d9ed-4eba-4c15-91e4-315a1054e0ca,media,2025-06-01T00:35:19.652612
97a656bd-daee-449a-af09-4edc43c1c859,Córdoba,2d7b3c59-c8f4-49d8-8bf0-0b06b195e5bb,"(-76.869507,-12.013477)",2025-06-01T00:33:19.652612,Ex earum similique totam.,695bb34f-8314-4414-9038-16e2caa43d07,alta,2025-06-01T00:33:19.652612
6f554c20-0fdf-4804-94c6-7c9aa4c5b879,Lleida,9826dcbf-a43c-4a8d-8310-24b038087f27,"(-76.869507,-12.013477)",2025-06-01T00:28:19.652612,Cupiditate dolore unde.,bb2f3c12-b772-49bc-8158-e6b9532898e2,baja,2025-06-01T00:28:19.652612
96b7ae64-2529-4ff7-b172-d1173881dabc,Pontevedra,211ba499-d814-468e-aa1b-c19386da803c,"(-76.869507,-12.013477)",2025-06-01T00:38:19.652612,Nihil exercitationem perspiciatis sint.,5dd8fc67-1b42-496f-a70c-e9c17141e5b8,critica,2025-06-01T00:38:19.652612
a16eda1d-522b-4b79-91db-30bd591ea086,Navarra,b759050f-accc-49b1-95f9-be7a930aae8b,"(-76.869507,-12.013477)",2025-06-01T00:16:19.652612,Voluptatem assumenda assumenda quod odit officia.,6360e5b4-d60e-4d97-a3a2-1723a9657592,media,2025-06-01T00:16:19.652612
cd86d308-f15b-4660-bee1-3b4fba9aaddd,Salamanca,786cdb53-b307-4b3e-b14e-10de302c3b70,"(-76.869315,-12.013149)",2025-06-01T00:23:19.652612,Necessitatibus eveniet quis.,151f4f87-005e-4c9d-bcd9-3bd656c62a68,critica,2025-06-01T00:23:19.652612
760f4e8d-fe4d-472a-81ae-6257860d09bb,Guipúzcoa,ff832fea-1ac6-4a2f-8b96-5f67d2045156,"(-76.869507,-12.013477)",2025-06-01T00:21:19.652612,Voluptatem quasi soluta tempore.,fe12d1e9-6fb2-40ab-8edb-fd64545e8d9b,alta,2025-06-01T00:21:19.652612
484a1529-6e19-4e26-884c-5fcae0ad2242,Ciudad,2ad8c2fd-4258-4dd1-aff6-9b3ebc320af0,"(-76.869507,-12.013477)",2025-06-01T00:36:19.652612,Veniam iure expedita tempora facilis suscipit facilis.,288841c3-cc52-4827-9cec-d1aa25f8cda3,media,2025-06-01T00:36:19.652612
d1c25429-c4c5-4190-9fe8-8ce2e2d40397,Huelva,2aa21b82-d67d-470d-bee8-30a139eab0e5,"(-76.869507,-12.013477)",2025-06-01T00:21:19.652612,Commodi quia officia quis eligendi.,3fc98572-71a0-4074-8688-a0f8467f3453,critica,2025-06-01T00:21:19.652612
d0958266-e1a1-4e7a-b775-32663c27f79b,La Coruña,2aa21b82-d67d-470d-bee8-30a139eab0e5,"(-76.96499,-12.444611)",2025-06-01T00:13:19.652612,Necessitatibus ipsa quaerat numquam atque laboriosam consectetur.,99b65006-de62-447c-a9b6-d62156e2349d,media,2025-06-01T00:13:19.652612
6f0670dc-e260-42c1-912d-600f3fa4301e,Zaragoza,26a8ed80-550b-421b-92bd-450710d38016,"(-76.96499,-12.444611)",2025-06-01T00:36:19.652612,Sint atque culpa ab.,dda17c63-5cad-4154-9a8b-391961c62a28,baja,2025-06-01T00:36:19.652612
dd046643-31a5-43c0-a3b7-144ffb0ca2a0,Lugo,044af920-ae5b-448c-a146-20db6d383604,"(-76.96499,-12.444611)",2025-06-01T00:17:19.652612,Vero ullam ducimus dicta inventore sit earum ullam.,1a81053f-8df3-4b9b-8f52-4153f20889e5,baja,2025-06-01T00:17:19.652612
698415c3-a333-4620-9d21-cb73e8702b16,Santa Cruz de Tenerife,43b471cb-71e8-42ad-8ef5-6c0501933f44,"(-76.96499,-12.444611)",2025-06-01T00:28:19.652612,Id temporibus quod eaque.,6d5dfff5-63de-40f6-b549-ce080c0148ad,baja,2025-06-01T00:28:19.652612
9a32ee3f-d311-4c48-a69e-41edd776d2c2,Ourense,b2d82549-0531-4228-8f35-4e6709cec415,"(-76.96499,-12.444611)",2025-06-01T00:34:19.652612,Nesciunt esse ipsum quae voluptatem.,1ab511e7-7435-4486-9566-25d6a3c36d79,alta,2025-06-01T00:34:19.652612
10c7ec4a-3aeb-4e3a-9c91-40e4bd551b4b,Albacete,f3d0c779-4304-43a1-bf18-71914c3b3c89,"(-76.96499,-12.444611)",2025-06-01T00:15:19.652612,Dolor hic incidunt voluptatum est.,7ac0e97a-330a-4b0f-88a3-4700335369a5,baja,2025-06-01T00:15:19.652612
37b4bd51-82dd-4614-8834-229046a08c74,Barcelona,4425e250-3f5f-40c0-a45d-ef7b396b0ba2,"(-76.964934,-12.444556)",2025-06-01T00:20:19.652612,Incidunt ipsum eveniet deleniti nam expedita architecto.,514a4e23-c98c-4147-a061-bd50991aaa3d,alta,2025-06-01T00:20:19.652612
19710c2a-b137-4258-b860-21e19e9b1466,Ourense,7b134324-922a-4fae-86a7-319a57682196,"(-76.96499,-12.444611)",2025-06-01T00:32:19.652612,Doloremque explicabo repellendus optio id distinctio a nesciunt.,7472eb36-11aa-4be9-bf8b-6d3b587a45ea,media,2025-06-01T00:32:19.652612
05c79d68-83a3-4518-9bdd-3dd2499e3a0a,Teruel,91f65af7-bbd9-4494-8c3d-a3b8bcdf9e19,"(-76.96499,-12.444611)",2025-06-01T00:18:19.652612,Iure doloribus hic.,3c896ccb-d258-4857-8f75-fa27e2f90197,critica,2025-06-01T00:18:19.652612
75e3779d-781f-4cb4-aeb7-33835a07c8a9,Pontevedra,a7df93bf-13e7-48ea-bd9c-393e071ebe1f,"(-76.96499,-12.444611)",2025-06-01T00:13:19.652612,Corrupti fugiat expedita distinctio omnis pariatur quis.,00eb5026-3484-419c-9316-0aaccfae5547,critica,2025-06-01T00:13:19.652612
cbbf2ae4-dbc0-45ea-9a38-4bbaf2487f76,Tarragona,5791569d-38d9-4030-ad40-aa8b9fbd15cc,"(-76.96499,-12.444611)",2025-06-01T00:17:19.652612,Fugit impedit nobis eligendi assumenda reprehenderit.,a1611b75-4fe4-4515-989e-b10d65e51cd2,alta,2025-06-01T00:17:19.652612
930853aa-e9d9-4196-98c0-986b9665b4a9,Navarra,1aee7c47-fefe-4906-a355-b6e72117fef4,"(-76.964971,-12.444677)",2025-06-01T00:17:19.652612,Molestias quasi laboriosam sit tempore.,c50440be-a1ed-40d0-b95b-f38e5e2e6b66,media,2025-06-01T00:17:19.652612
cfac5a69-110e-4c94-b4d3-d3edce30ad8c,Castellón,c1ce271d-30ce-4197-beb0-e38ac09d0579,"(-76.964887,-12.444772)",2025-06-01T00:25:19.652612,Omnis rem minus numquam quasi.,75f85e0f-2d33-46b1-88bb-156205086aa5,media,2025-06-01T00:25:19.652612
6c672227-385a-42ee-9140-fe24f901d75f,Ceuta,76f357e4-dd08-44d5-83c5-5cb881882de7,"(-76.96499,-12.444611)",2025-06-01T00:38:19.652612,Magni vitae reiciendis laudantium magnam repellendus necessitatibus at.,4b3f0349-0685-4115-b3d5-9328bc9916ee,baja,2025-06-01T00:38:19.652612
b9b5f413-4383-48f6-a398-f63ed0854d6a,Zaragoza,d3d4215d-2549-4a60-90ae-5673fe6147a2,"(-76.96499,-12.444611)",2025-06-01T00:35:19.652612,Et nihil fugiat assumenda fuga atque.,7c2ec963-51c2-4f61-8113-2542cad7503e,critica,2025-06-01T00:35:19.652612
1d34f4d9-eb64-4a98-950a-a7038308f1d2,Badajoz,313e74c9-c15f-48ce-9c3c-8fe0bab3dade,"(-76.96499,-12.444611)",2025-06-01T00:35:19.652612,Alias natus temporibus tempore distinctio voluptatem tenetur.,bffe4bf1-0ef9-4bbc-8c26-47fd0a8994db,critica,2025-06-01T00:35:19.652612
c5cf12f7-3f84-4373-a801-2a9db32040ac,Guipúzcoa,df15a814-78a1-43bf-b533-361d16931f58,"(-76.910851,-12.362735)",2025-06-01T00:18:19.652612,Eaque sapiente sint dicta.,49b9d031-7c48-4c70-81af-5d51b6cd995a,media,2025-06-01T00:18:19.652612
790aa145-b9ab-463e-9c9d-abdb550f0c87,Las Palmas,d96ab3b7-7e0e-4501-b44b-31c132a34bd3,"(-76.910645,-12.362799)",2025-06-01T00:33:19.652612,Nostrum culpa sint quos officia.,43de82db-cabb-483e-aef0-1364262c8d75,alta,2025-06-01T00:33:19.652612
0fe96cc9-e783-42d1-9fa9-0a268bd6c32d,Málaga,bcc1cb8b-7773-4848-b48e-616405d6af9e,"(-76.911142,-12.36254)",2025-06-01T00:31:19.652612,At enim sunt a.,b4168e0c-5adb-4d6b-8e58-3a15fb74d84d,alta,2025-06-01T00:31:19.652612
61302a57-59ad-4552-8076-c03df7462132,Las Palmas,113b42ff-eecb-4a56-b6c3-fd644ae5f3f5,"(-76.910851,-12.362735)",2025-06-01T00:23:19.652612,Aperiam porro quo.,d13dc604-27f6-4181-a86a-257383f062a8,critica,2025-06-01T00:23:19.652612
02bdc586-b1f4-4969-bb77-e9b8fa471773,Sevilla,345ec977-4bf5-47dd-886e-0fb2cc1e7acc,"(-76.910851,-12.362735)",2025-06-01T00:20:19.652612,Accusantium sunt beatae quidem voluptates.,4d386922-5d1b-4b6c-8246-3f598dda2791,baja,2025-06-01T00:20:19.652612
a9144990-69be-4d3d-ad1f-0cc3869251f7,Tarragona,097cb2f6-bc8e-4ad5-927f-7a25a23f61f3,"(-76.910851,-12.362735)",2025-06-01T00:28:19.652612,Laboriosam necessitatibus ipsa perferendis officiis dolorem.,e16fed0f-7df1-4a3e-930b-0a6768dc6188,critica,2025-06-01T00:28:19.652612
360f720f-e47c-441c-8e7f-fd6fb6d1c9d3,Santa Cruz de Tenerife,1afa0825-eae0-43c0-8b60-0473732076c8,"(-76.910851,-12.362735)",2025-06-01T00:16:19.652612,Sed temporibus esse eaque maiores ea sequi.,2af9712c-aabb-44ce-b344-12f73454dcaa,alta,2025-06-01T00:16:19.652612
8f32869a-3421-4e87-990d-0bc1a14ce84b,Cuenca,d26b78ad-d655-4788-8a57-6f55398dab7e,"(-76.910851,-12.362735)",2025-06-01T00:30:19.652612,Ex nulla cupiditate magni in impedit ad.,1ef39b34-f47a-47d2-966b-c53e0b6d7fa6,media,2025-06-01T00:30:19.652612
3f6291e4-95b0-42a2-98b1-a93d4ae558ae,Granada,87dfc384-a801-4d15-b339-6fc3c4215975,"(-76.910627,-12.362695)",2025-06-01T00:21:19.652612,Quis accusantium quaerat delectus expedita.,21869826-77fa-435e-853c-1a7461259685,critica,2025-06-01T00:21:19.652612
2fe8af32-1d7e-4193-8a83-13381c47a9c9,Segovia,90fa6237-27cf-4b92-b774-c4c4fdb9f5e7,"(-76.910851,-12.362735)",2025-06-01T00:20:19.652612,Placeat nostrum esse laborum.,edb19f6c-9372-4eda-9b57-4f659e92f680,critica,2025-06-01T00:20:19.652612
543edd44-d8d9-4a4c-bb39-689d7234a273,Asturias,c8db3472-d99c-4518-9438-c7b78456ac5e,"(-76.910851,-12.362735)",2025-06-01T00:13:19.652612,Magnam minus excepturi incidunt voluptatibus est placeat deserunt.,21869826-77fa-435e-853c-1a7461259685,alta,2025-06-01T00:13:19.652612
255810c7-7b0c-408c-b28f-ce07bbb38ee5,Cádiz,b867cc68-bc9a-461d-90ff-f39ccdff78ab,"(-76.910851,-12.362735)",2025-06-01T00:34:19.652612,Voluptatem architecto quas blanditiis blanditiis eos optio.,6360e5b4-d60e-4d97-a3a2-1723a9657592,media,2025-06-01T00:34:19.652612
c7433a1a-bbae-4d67-950b-4ea21f3dea74,Huelva,176b87d7-0bf5-464c-9de4-4c795f0ef336,"(-76.910769,-12.362696)",2025-06-01T00:25:19.652612,Ullam inventore repudiandae repellat deleniti culpa.,257abdb0-e57d-44b4-9c31-08c97315dd89,alta,2025-06-01T00:25:19.652612
c5436e30-488a-4ec1-9054-228ce38e9aea,Valladolid,697683ef-a377-4ad4-bdfd-6ec8268a58af,"(-76.910755,-12.362405)",2025-06-01T00:35:19.652612,Qui neque quisquam nulla beatae.,6a679f82-5862-4b01-bbc8-4b44d6b7c305,alta,2025-06-01T00:35:19.652612
579166e9-8f5a-46a0-9e01-c2096ed0febb,Pontevedra,635e34cf-a03e-4725-8dd7-ecbcf1809c09,"(-76.910899,-12.362891)",2025-06-01T00:17:19.652612,Reiciendis magni eos dignissimos quis ipsa.,d1fb07de-b03b-47ed-bf67-bf6510878216,media,2025-06-01T00:17:19.652612
546c95dd-7198-4b26-8555-01904280b352,Guipúzcoa,786cdb53-b307-4b3e-b14e-10de302c3b70,"(-76.910851,-12.362735)",2025-06-01T00:27:19.652612,Debitis rem excepturi est.,1c1d4056-7265-43cb-841d-c4d07fafab6c,critica,2025-06-01T00:27:19.652612
7505e5c8-3958-4fa5-97b7-da04d1cba5d9,Almería,5791569d-38d9-4030-ad40-aa8b9fbd15cc,"(-76.962465,-11.896668)",2025-06-01T00:14:19.652612,Magni illo vero inventore dolorum labore.,d4b908ab-7601-413d-bf69-2d532a0dd8f4,alta,2025-06-01T00:14:19.652612
10a0baa3-fbbb-4f1f-9aef-598ba89163d9,Tarragona,04a1bbe3-2a6f-4eb4-b969-edc86d0e31b3,"(-76.962465,-11.896668)",2025-06-01T00:31:19.652612,Perferendis sapiente laboriosam explicabo nobis numquam.,5b7ea64d-c2a0-46a3-940f-d6ae21dba3f1,media,2025-06-01T00:31:19.652612
ee444994-510e-4dc9-81b5-a4085db6faf8,Teruel,eac44f58-fbd2-4042-bb9d-b6a317f538e7,"(-76.962452,-11.896609)",2025-06-01T00:18:19.652612,Repudiandae soluta optio voluptas culpa necessitatibus.,59e2d8ad-23c9-45e4-93e1-99738bb1af93,media,2025-06-01T00:18:19.652612
dd3e662a-7516-4061-b3ff-7b16e53a47a3,Melilla,c1ce271d-30ce-4197-beb0-e38ac09d0579,"(-76.962331,-11.896432)",2025-06-01T00:25:19.652612,Quaerat expedita corrupti est error quaerat.,514a4e23-c98c-4147-a061-bd50991aaa3d,baja,2025-06-01T00:25:19.652612
ae48e638-81bc-4258-8bf4-dff51e10da01,Vizcaya,ec2ea81f-e84b-4bf2-a0d4-d5e9a6bd0b03,"(-76.962465,-11.896668)",2025-06-01T00:14:19.652612,Libero autem a molestiae.,8593a4e8-f8f0-4be7-b124-ecfc2035d6ec,baja,2025-06-01T00:14:19.652612
821eb2ad-ce14-4de3-9ccd-8485795e6149,Málaga,8d347fcd-6150-420f-b677-55fca7d6c3be,"(-76.962613,-11.896636)",2025-06-01T00:16:19.652612,Minima fugiat ipsa dignissimos atque quo.,d250fa77-2760-43be-b587-f0c43940d0a3,media,2025-06-01T00:16:19.652612
e4ecefef-31d0-467f-b49e-7289ce8228f4,Asturias,2d21d2ea-6209-4462-bba2-6da5a7aa03d4,"(-76.962465,-11.896668)",2025-06-01T00:32:19.652612,Quisquam animi fugiat odit dicta iure.,a13e23e9-5c24-4a8f-b92f-86dec3560150,baja,2025-06-01T00:32:19.652612
320285ff-1f3f-46dd-b305-0b84c3b242b6,Zamora,5cdcecb1-1af7-4552-b8d4-2a41db2f8372,"(-76.962465,-11.896668)",2025-06-01T00:37:19.652612,Quae nam totam omnis error laboriosam et.,e0d826ce-20c2-4674-bc6e-b2d4f687c220,critica,2025-06-01T00:37:19.652612
7cff3575-ceea-4660-9014-a437e24c28cf,La Coruña,51a4a869-b4d7-44c9-bd24-f818612ebff8,"(-76.962465,-11.896668)",2025-06-01T00:27:19.652612,Dolor voluptatum excepturi.,7472eb36-11aa-4be9-bf8b-6d3b587a45ea,critica,2025-06-01T00:27:19.652612
ce8518a9-3bbd-4a28-8810-2f6099b60303,Toledo,359326f9-b8b7-4849-a175-f93dd72d3f5b,"(-76.9622,-11.896509)",2025-06-01T00:22:19.652612,Fuga facere minus cupiditate veniam earum.,3dd07106-92a2-4950-b899-44e0b9fc83fa,media,2025-06-01T00:22:19.652612
6f46d97e-3755-4485-81e1-17655fab05a3,Castellón,77c9947a-f83f-4b23-acd5-8f184092e720,"(-76.962465,-11.896668)",2025-06-01T00:20:19.652612,Repellendus similique consequatur ad.,0a82e0a6-c5b7-43e7-bd33-6f4cc89b68fc,media,2025-06-01T00:20:19.652612
f797bd77-66da-45f6-9836-bd0c80259b45,Badajoz,32aae54c-4c41-4aac-a8f1-7ad450d5c182,"(-76.96243,-11.896457)",2025-06-01T00:14:19.652612,Accusamus ad numquam officiis at sunt.,a13e23e9-5c24-4a8f-b92f-86dec3560150,media,2025-06-01T00:14:19.652612
86bb8fe1-b773-47b3-9a18-4f814e11c4ef,Sevilla,88e3af56-9a14-438b-87dd-80de1c662fbf,"(-76.962465,-11.896668)",2025-06-01T00:17:19.652612,Repellat minus ab.,25b6f985-dc00-4604-a9c5-bac5ab8a76dc,media,2025-06-01T00:17:19.652612
b3307885-8da5-4ad6-9908-c7e5766f7b69,Zaragoza,f3d0c779-4304-43a1-bf18-71914c3b3c89,"(-76.962465,-11.896668)",2025-06-01T00:30:19.652612,Amet sapiente cupiditate modi labore sequi veniam soluta.,e16fed0f-7df1-4a3e-930b-0a6768dc6188,alta,2025-06-01T00:30:19.652612
16c519d8-1e25-4849-a9ef-f6eb5400521f,Girona,89727002-13c5-4dcd-9082-bec29c92e697,"(-76.962465,-11.896668)",2025-06-01T00:23:19.652612,Atque ducimus laudantium sit eius in itaque.,1ce14e14-e218-4ea8-bb9f-868ab2fbb07c,critica,2025-06-01T00:23:19.652612
53ec8bf6-3d35-43b4-b838-85c32e656746,Segovia,4425e250-3f5f-40c0-a45d-ef7b396b0ba2,"(-76.962465,-11.896668)",2025-06-01T00:28:19.652612,Incidunt fuga fugit maxime id doloribus molestiae.,4b71b0d3-e420-4e0b-821b-be3565d690f8,baja,2025-06-01T00:28:19.652612
3cb233eb-5e4b-47a8-a89e-d644d1baa1ef,Vizcaya,2eee8c70-7ac2-4109-856f-9e5698f13794,"(-77.023979,-12.183594)",2025-06-01T00:30:19.652612,Deleniti in adipisci quibusdam.,517efbe7-663d-4881-96b6-581037762f7f,baja,2025-06-01T00:30:19.652612
69ff6d96-0a1c-46fc-b3ce-f1a63b1bdc14,Jaén,df15a814-78a1-43bf-b533-361d16931f58,"(-77.024018,-12.1835)",2025-06-01T00:14:19.652612,Vel commodi adipisci excepturi corporis deleniti.,b330ae06-7aa2-44ec-826e-dced20a28010,critica,2025-06-01T00:14:19.652612
dd9cda52-e9df-4cb3-a3ff-f8f9aa3e3d3c,Murcia,345ec977-4bf5-47dd-886e-0fb2cc1e7acc,"(-77.023678,-12.183538)",2025-06-01T00:17:19.652612,Reiciendis inventore voluptates sint ratione.,459ae665-2a3e-46fa-ab16-007cc7d3bfe7,critica,2025-06-01T00:17:19.652612
da857116-5bac-4861-a0cc-5cf4521a7233,La Rioja,a9e9110c-3214-4c9e-ba21-e5ffa54d3bab,"(-77.023979,-12.183594)",2025-06-01T00:36:19.652612,Commodi beatae tenetur in.,5df5e166-3a12-42f1-8625-0e739bde5c25,alta,2025-06-01T00:36:19.652612
9d9c1aa8-1f94-4d88-8b95-7511e27cf035,Sevilla,43ef1852-5036-4af8-952c-ebe9f5455cc6,"(-77.023979,-12.183594)",2025-06-01T00:23:19.652612,In fugit consequatur eligendi accusantium.,9f1ff537-86e3-4772-88eb-010815148dfd,media,2025-06-01T00:23:19.652612
ea9171f0-89e7-43a4-b7dd-7e7949892dec,Baleares,e39b5846-e8cf-4d74-811a-04f5d5e9c89d,"(-77.023979,-12.183594)",2025-06-01T00:31:19.652612,Reprehenderit eligendi numquam possimus vitae.,4b71b0d3-e420-4e0b-821b-be3565d690f8,baja,2025-06-01T00:31:19.652612
692bc6cb-7ab2-4d28-a8de-5b2448c682cb,Melilla,f6469f46-79b4-44d4-b214-c3e1267ba3a5,"(-77.023979,-12.183594)",2025-06-01T00:31:19.652612,Soluta vero commodi vero.,f77cd115-427b-4163-93a6-ae69f48a6c8c,alta,2025-06-01T00:31:19.652612
263bb45c-05c8-4cb0-8f6c-d6d9399811fd,Palencia,4c127780-0df5-4b8d-b03c-b0ef3885b3bf,"(-77.023979,-12.183594)",2025-06-01T00:38:19.652612,Inventore ut exercitationem quod beatae.,7605da47-02e9-47d1-954c-3345b3a0143a,media,2025-06-01T00:38:19.652612
f45c6a25-2f23-4d3f-bc89-6482a6a4edcb,Vizcaya,ac356e7f-d481-4806-8bb5-c4eb89cf58f7,"(-77.023979,-12.183594)",2025-06-01T00:29:19.652612,Sequi sequi aperiam debitis enim sit deleniti atque.,bb2f3c12-b772-49bc-8158-e6b9532898e2,media,2025-06-01T00:29:19.652612
bd685515-77e1-4318-8d23-d70f98f385fb,Albacete,ffb79f57-ab3d-494e-88e0-0f7ee9534aa6,"(-77.023786,-12.183567)",2025-06-01T00:27:19.652612,Dignissimos ut autem reiciendis excepturi unde.,36f58074-050b-4c39-b6b9-67002bd53c8d,alta,2025-06-01T00:27:19.652612
0b629fcd-bb13-4173-9e8a-1197a8ef8c84,Badajoz,29de6c13-2913-4b40-965f-bda09a4fc4d9,"(-77.023979,-12.183594)",2025-06-01T00:16:19.652612,Consequatur distinctio cumque nostrum tenetur.,22b0ee85-b966-4543-b793-6fc9c13c29c0,alta,2025-06-01T00:16:19.652612
829e5c1f-80d5-42a4-9666-7b02abab4c86,Madrid,f0e3c66b-8fd0-4f71-a396-241df9502712,"(-77.024333,-12.1835)",2025-06-01T00:16:19.652612,Veritatis culpa atque odit adipisci accusamus.,c8c651d3-e7fe-4d44-8b4f-525aa9e9b237,alta,2025-06-01T00:16:19.652612
cbf9e63f-0864-4a00-bc35-49d96d7c1425,Pontevedra,82aac3de-6993-4729-8536-b25c73367ef4,"(-77.023979,-12.183594)",2025-06-01T00:26:19.652612,Doloribus dolores officia fuga inventore fugiat.,6f9adc06-e525-4ef1-8175-95c1c6f09632,baja,2025-06-01T00:26:19.652612
4b94e466-9270-4b79-90d5-e4605531a94c,Girona,97324d1f-aa3b-4f3e-8119-87e005f7deba,"(-77.024076,-12.183872)",2025-06-01T00:32:19.652612,Consequuntur labore repudiandae incidunt eveniet eaque dolore.,834cc0f3-dcc0-4d5c-af58-143476ccd57f,media,2025-06-01T00:32:19.652612
897bb092-ad20-499c-af2e-73859e417ba4,Ceuta,775fdc56-325a-464a-9c7c-3deb15cd1886,"(-77.024101,-12.183595)",2025-06-01T00:29:19.652612,Reprehenderit necessitatibus eos quidem perferendis aut earum perferendis.,de6ad47c-861d-4ed1-a259-19c83559d988,baja,2025-06-01T00:29:19.652612
5df62fb8-bf84-4920-99b0-a4889536d01b,Ciudad,6a74a7e0-9486-495f-a5bb-1cc7de4e769e,"(-77.023979,-12.183594)",2025-06-01T00:18:19.652612,Asperiores illo asperiores totam dolorum.,3dd07106-92a2-4950-b899-44e0b9fc83fa,media,2025-06-01T00:18:19.652612
d607879f-2b4b-4d2c-b391-1614a0b2fe18,Zaragoza,eac44f58-fbd2-4042-bb9d-b6a317f538e7,"(-76.816493,-11.804856)",2025-06-01T00:30:19.652612,Numquam labore sed maxime.,527362fe-e0cc-4aed-8ef4-649a44d5287d,alta,2025-06-01T00:30:19.652612
4663a0b2-c0c5-4c0b-a905-34f1a12772a6,Melilla,786cdb53-b307-4b3e-b14e-10de302c3b70,"(-76.816493,-11.804856)",2025-06-01T00:35:19.652612,Fuga eaque doloremque unde.,930e10a1-2dc2-4b2e-82ad-557c38fc60ea,baja,2025-06-01T00:35:19.652612
6f6c9644-acd8-4014-b980-57aa560ad05e,Santa Cruz de Tenerife,5ecf6353-f300-45db-b30c-01edc66c3b26,"(-76.816493,-11.804856)",2025-06-01T00:25:19.652612,Repudiandae dolores sit.,f0913d86-8979-4c09-bf74-b720e50676e5,alta,2025-06-01T00:25:19.652612
3d008def-0a96-49af-b21a-19cd2d8e741b,Alicante,f69b60e3-74d4-4f0b-be06-9ff54d84a66d,"(-76.816493,-11.804856)",2025-06-01T00:17:19.652612,Dolores error quisquam aliquid minus.,a454fc19-39d0-44cd-9cec-bff482b73171,baja,2025-06-01T00:17:19.652612
1346203f-7401-444e-97e7-798dfc846fc0,Asturias,a40d8039-d807-44a8-94de-e9bd1d8c7c68,"(-76.81687,-11.804937)",2025-06-01T00:30:19.652612,Veniam labore maiores ipsum.,3d1b51e8-0074-4aa8-a16d-e4270fabc268,baja,2025-06-01T00:30:19.652612
edab1548-6c4c-4410-88a6-e53338e6f120,Badajoz,9672bd1d-ca59-4099-8c8a-d0eb84334b04,"(-76.816493,-11.804856)",2025-06-01T00:28:19.652612,Dolore magni ipsum quo voluptatibus at voluptatem.,957590df-2dbd-4336-b603-16fda366f540,baja,2025-06-01T00:28:19.652612
2d00b7bb-181e-4e70-b1f9-9188f118eebe,Ciudad,ab73797a-a0e2-4e27-933a-382ad1960415,"(-76.816493,-11.804856)",2025-06-01T00:26:19.652612,Accusantium ipsa et occaecati quasi soluta.,25b6f985-dc00-4604-a9c5-bac5ab8a76dc,alta,2025-06-01T00:26:19.652612
b414641c-4bae-44a5-bb24-33cb59c85bde,Huesca,af7f1481-56f8-404d-9cc9-9c4127de250e,"(-76.816493,-11.804856)",2025-06-01T00:21:19.652612,Maiores odit voluptatibus perferendis.,336fdf8a-1f68-4149-878e-251414930f0b,media,2025-06-01T00:21:19.652612
4b2ad6bc-5d5b-4d8c-8810-537896d6274b,Albacete,bcf3e07b-2e21-41be-9af7-d2e5f486165f,"(-76.816493,-11.804856)",2025-06-01T00:38:19.652612,Facere suscipit sit qui enim omnis nostrum voluptatibus.,61b6773d-b0ce-434e-afdb-dd114decfd7e,media,2025-06-01T00:38:19.652612
ab5bf799-ccd1-4c35-85cd-bbef4f25f4ac,Valladolid,89aa59de-c742-4c9d-b70b-9d84775118ef,"(-76.816544,-11.804894)",2025-06-01T00:38:19.652612,Architecto neque nihil qui soluta.,34c37a2d-d820-4679-bedf-1d46703e03a6,critica,2025-06-01T00:38:19.652612
adbbc525-2ad2-4ad7-a8e0-68dbf451a83e,Málaga,2dc94ea2-f40d-4c31-a9f6-1b2858520766,"(-76.816493,-11.804856)",2025-06-01T00:17:19.652612,Laudantium laboriosam doloremque itaque adipisci facilis incidunt.,7da6ddab-32d5-4d4b-b689-2ebebb61a732,baja,2025-06-01T00:17:19.652612
ca8b7c07-5fe4-42e8-b176-4aca17b2c228,Vizcaya,b961b5f3-df31-4687-8da8-c4fd9f5c15f5,"(-76.816538,-11.805105)",2025-06-01T00:22:19.652612,Repellendus inventore in modi error.,b2779d02-3b06-4007-940f-376e439666b6,baja,2025-06-01T00:22:19.652612
b04cdfb8-0e2e-43ee-99f2-6c90bd6572a4,Córdoba,f2e1c665-ea6e-46cc-a41e-ebd49fa13e0b,"(-76.816493,-11.804856)",2025-06-01T00:28:19.652612,Aspernatur voluptates maxime quibusdam delectus.,d250fa77-2760-43be-b587-f0c43940d0a3,critica,2025-06-01T00:28:19.652612
9c737548-3779-4119-a14f-f19b8dc0e199,Santa Cruz de Tenerife,c27d113d-959d-4496-a042-d71fa91c3239,"(-76.816493,-11.804856)",2025-06-01T00:35:19.652612,Voluptate consequuntur corporis facere.,7c2ec963-51c2-4f61-8113-2542cad7503e,critica,2025-06-01T00:35:19.652612
6bf20caa-dfb8-4211-8432-c55baaa230e5,Cádiz,f66d52fa-fe6e-4b2b-a1f2-6326a800b286,"(-76.816493,-11.804856)",2025-06-01T00:15:19.652612,Non similique doloremque tempore repudiandae.,1cf3553e-d477-42bb-bc9c-7b7710b310d7,baja,2025-06-01T00:15:19.652612
64dda182-6896-4d37-bd0c-1c38097cb917,Soria,a059aa7d-5870-447e-85a5-a962d1ef0176,"(-76.816493,-11.804856)",2025-06-01T00:24:19.652612,Similique itaque dolorem ipsum pariatur adipisci.,5163d4be-dd20-458a-8762-60d99286b4cb,critica,2025-06-01T00:24:19.652612
38b85273-512b-497a-818c-052def68c5a2,Santa Cruz de Tenerife,aaee9314-0d15-4d56-8eb8-232a541a2ebe,"(-77.144551,-12.317637)",2025-06-01T00:19:19.652612,Soluta et eaque sint nobis.,de6ad47c-861d-4ed1-a259-19c83559d988,critica,2025-06-01T00:19:19.652612
8f76e75c-5e94-428a-b9ac-da74cae6e647,Zamora,1afa0825-eae0-43c0-8b60-0473732076c8,"(-77.144915,-12.317674)",2025-06-01T00:20:19.652612,Modi accusantium earum libero.,9320e898-4c2e-40f6-9409-0930e4838364,alta,2025-06-01T00:20:19.652612
66047558-c5a0-4ae8-8d7d-e1616a1ef40e,Cáceres,3c0c078f-a7e7-4e71-beb9-924c6bb676b5,"(-77.144551,-12.317637)",2025-06-01T00:37:19.652612,Ea voluptate in assumenda cupiditate similique cumque odit.,9fbdbaa3-dc9c-4f1b-89af-b4c341f86bdb,media,2025-06-01T00:37:19.652612
97f1458f-a7e0-45af-a7a5-251bbff1c514,Tarragona,d6fa77ed-3582-4e3a-83ef-85ba30dc7010,"(-77.144446,-12.317969)",2025-06-01T00:22:19.652612,Suscipit illum quos officia inventore ab deserunt.,26eca2a4-f203-43c2-ba40-49969102bf31,baja,2025-06-01T00:22:19.652612
eb7193a5-947c-4ed0-aecf-c085032e4ca6,Córdoba,5e8037e9-71d6-4a68-bd5b-815f5677fb0b,"(-77.144551,-12.317637)",2025-06-01T00:34:19.652612,Cum rem quibusdam vero dolor aspernatur.,06495e49-bbc6-4cda-b1a6-a984cfc3a65a,alta,2025-06-01T00:34:19.652612
847cf064-409e-4be0-a094-07236566ed48,Ceuta,69bc38d4-e4aa-4330-ad1b-8d7ac9adf282,"(-77.144551,-12.317637)",2025-06-01T00:35:19.652612,Iure voluptas excepturi dignissimos.,b2253e30-9707-46f5-9a13-23fe56a05892,critica,2025-06-01T00:35:19.652612
3a06cda1-a7d3-4337-a317-00f82f68465c,Zaragoza,c87f54ff-704a-484f-aa8d-36b3309d6743,"(-77.144321,-12.317396)",2025-06-01T00:15:19.652612,Ea est doloribus iure asperiores.,556e1967-0b35-46eb-a905-c9254646229c,alta,2025-06-01T00:15:19.652612
f4014b09-be4c-4670-9329-9a3aa869631a,Badajoz,d5ee2479-474a-4d9b-9ae6-dc470a67befb,"(-77.144665,-12.317449)",2025-06-01T00:35:19.652612,Ut dignissimos deserunt blanditiis.,a3f3955e-4857-4da5-9d61-379c91782303,alta,2025-06-01T00:35:19.652612
4211b5ff-c672-451d-91dc-3f5b8076ce5f,Sevilla,3d12d450-ab72-4396-ae4d-7b4b48ed54aa,"(-77.144551,-12.317637)",2025-06-01T00:24:19.652612,Quasi eos suscipit voluptatum.,d3f90928-b062-445a-b66e-902ebfa77441,media,2025-06-01T00:24:19.652612
ac4cdc6c-1179-4948-b0ea-0edc08065102,Huesca,f8e77acc-0671-43f6-a97a-203d592f9d13,"(-77.144551,-12.317637)",2025-06-01T00:22:19.652612,Atque at vitae facere ipsum nam debitis.,f3a2ad47-3c14-4b73-8d6f-d739f19c3249,media,2025-06-01T00:22:19.652612
c43b4443-6e40-4af5-b855-6fb84d14fdca,Santa Cruz de Tenerife,8f98c08f-06be-4d6c-9c4c-8bf0192d9985,"(-77.144551,-12.317637)",2025-06-01T00:26:19.652612,Porro tempora deleniti illo excepturi neque earum.,fec53f75-995f-45ac-a9ef-40b31b457bc6,alta,2025-06-01T00:26:19.652612
095480b7-4b5f-447e-9dc7-a59cb3642f9d,Zamora,3dc74b99-91cf-4827-8c59-88a9cd9d3156,"(-77.144468,-12.317617)",2025-06-01T00:19:19.652612,Optio reiciendis at error blanditiis repudiandae culpa libero.,80d89256-ee60-4dcf-a80c-d9cabe8f123d,critica,2025-06-01T00:19:19.652612
a74e8d12-296c-400f-8b45-c55a581aef6d,Palencia,a7df93bf-13e7-48ea-bd9c-393e071ebe1f,"(-77.144587,-12.317665)",2025-06-01T00:17:19.652612,Cum officiis temporibus suscipit.,9d3c8948-0c79-493e-8d2b-1098be1f25ac,baja,2025-06-01T00:17:19.652612
5a00a21d-a3f6-4c9e-8654-8a3afa134a20,Zamora,9b6d1931-2d3a-45bd-8bec-40d3afd2f115,"(-77.144551,-12.317637)",2025-06-01T00:24:19.652612,Provident amet reprehenderit dolorum laboriosam ad.,20d954ff-df57-4187-8069-9622ea2fee04,alta,2025-06-01T00:24:19.652612
1ef88a07-c67d-41c6-a634-42099273bb64,Córdoba,f66d52fa-fe6e-4b2b-a1f2-6326a800b286,"(-77.144484,-12.317805)",2025-06-01T00:33:19.652612,Recusandae vitae voluptates.,7605da47-02e9-47d1-954c-3345b3a0143a,critica,2025-06-01T00:33:19.652612
0c00b616-25ab-410d-b202-e631e0384a24,Palencia,958a96fd-df1c-4b2f-af15-eee3f985ede5,"(-77.144399,-12.317827)",2025-06-01T00:21:19.652612,Laboriosam sed inventore magni.,97053aaf-9414-4421-8a56-cfb370761e61,critica,2025-06-01T00:21:19.652612
59004c6e-23f9-4cac-ad1a-9fa4b6289ce5,Álava,c850b468-b051-48a3-8b0a-798e21169f83,"(-77.117611,-11.719216)",2025-06-01T00:13:19.652612,Beatae magni dicta inventore modi nobis ad.,bfae2b7e-ea59-4006-a467-17f71402e5ff,critica,2025-06-01T00:13:19.652612
ec2b1c27-4f9f-4fb4-9fd7-9751b594686e,Pontevedra,6c729ce4-2484-4722-b114-cd862cb6e2f2,"(-77.117611,-11.719216)",2025-06-01T00:17:19.652612,Alias repudiandae laudantium aspernatur quisquam ad officiis.,7dc27477-9cd5-414e-bac6-37aa7a88f403,media,2025-06-01T00:17:19.652612
08d8e876-990e-4318-a1f1-097c7623b460,Cáceres,211ba499-d814-468e-aa1b-c19386da803c,"(-77.117611,-11.719216)",2025-06-01T00:37:19.652612,Inventore repellat tempore odio consequatur error pariatur.,94621085-43e1-4f60-969a-4ca525e36315,critica,2025-06-01T00:37:19.652612
f9618f23-05be-43c6-8f77-c86997f18363,La Coruña,e1fd5b85-b84b-434e-b073-de1d9c81bf25,"(-77.117611,-11.719216)",2025-06-01T00:33:19.652612,Aliquid ipsam quam eligendi.,9040acbe-a8af-4399-8c32-be278287aa86,baja,2025-06-01T00:33:19.652612
44a4dc53-841d-494e-8bb5-da5236c178e7,Murcia,166ffb4e-3dc0-455c-b782-8abf26479433,"(-77.117611,-11.719216)",2025-06-01T00:24:19.652612,Ducimus consectetur cumque maiores ipsum id delectus.,93c1c6e7-6e8c-45f3-a8d2-717f8c5cd708,media,2025-06-01T00:24:19.652612
f22627a9-fb40-428a-8685-3ebc7163343f,Navarra,8235396e-34cc-4f97-9ad0-be60ffa29aaf,"(-77.117611,-11.719216)",2025-06-01T00:17:19.652612,Laboriosam nihil amet quibusdam.,9fbdbaa3-dc9c-4f1b-89af-b4c341f86bdb,media,2025-06-01T00:17:19.652612
bec84b2e-4f81-4f68-8ed5-0767104c7f57,Pontevedra,a2bf5123-c769-4f09-b2a6-dea036a87357,"(-77.117611,-11.719216)",2025-06-01T00:30:19.652612,Placeat adipisci velit facere reiciendis praesentium adipisci.,fc752355-8a5c-4107-8ba4-46619c5cd917,media,2025-06-01T00:30:19.652612
f2afee31-4d2c-4cb1-be74-65d39b76f553,La Rioja,43dae8a1-57fd-468a-8dfd-f570b5b1f9c4,"(-77.117611,-11.719216)",2025-06-01T00:23:19.652612,Alias ad quam nesciunt voluptates.,97cd0cd3-0c54-4faf-b579-e9bcdafe2410,baja,2025-06-01T00:23:19.652612
1ee22b84-a9a8-4964-9761-f620fbd54924,Palencia,9008db7e-b3f1-4a5b-bcfe-817040584a07,"(-77.117611,-11.719216)",2025-06-01T00:29:19.652612,Iusto optio atque perspiciatis magnam optio occaecati.,d250fa77-2760-43be-b587-f0c43940d0a3,critica,2025-06-01T00:29:19.652612
f899f4da-12ba-4301-9e42-48769012d793,Lleida,221bac78-7ec4-4166-972a-6ed942a63279,"(-77.117611,-11.719216)",2025-06-01T00:34:19.652612,Iure totam odit culpa.,24244bed-93c3-4d76-989c-f94d0ab022e5,baja,2025-06-01T00:34:19.652612
f09254eb-a8a9-4ebe-988d-5661980a180b,Sevilla,d5ee2479-474a-4d9b-9ae6-dc470a67befb,"(-77.117725,-11.719191)",2025-06-01T00:25:19.652612,Veniam recusandae quos magni dignissimos ut.,4f5276c3-fdb1-4777-ab82-85958faac6c3,critica,2025-06-01T00:25:19.652612
32b0a673-c2a0-498b-829e-cb3dcef0b5a3,Santa Cruz de Tenerife,ac356e7f-d481-4806-8bb5-c4eb89cf58f7,"(-77.117611,-11.719216)",2025-06-01T00:34:19.652612,Consequatur quam fugiat ad.,06c51491-afd2-4b7a-a446-c420da1c518f,baja,2025-06-01T00:34:19.652612
d50a180f-2af3-45e6-af4a-3f47284eac62,Pontevedra,559ef05e-2601-4858-812b-370aae7b6714,"(-77.117623,-11.71923)",2025-06-01T00:34:19.652612,Quos deleniti doloribus.,86cda9aa-56f6-4c33-ae02-28e5c563e5a0,alta,2025-06-01T00:34:19.652612
dea42816-3d77-485c-a806-72fbe0af27d7,Melilla,06a4b920-2d83-452e-ac4a-961ba0dc0425,"(-77.117595,-11.719561)",2025-06-01T00:34:19.652612,Atque officiis quae odit voluptates.,aee474e4-69f0-4e20-a043-71393d7b80d7,alta,2025-06-01T00:34:19.652612
cdc1c373-f07e-471d-86b0-7a3c9a314393,Ávila,5ecf6353-f300-45db-b30c-01edc66c3b26,"(-77.117611,-11.719216)",2025-06-01T00:36:19.652612,Deserunt molestias reiciendis temporibus dolore dicta recusandae.,a1611b75-4fe4-4515-989e-b10d65e51cd2,alta,2025-06-01T00:36:19.652612
1285d71b-a35d-4d54-a491-293a086a5285,Baleares,4a3bdf88-e320-49f7-af29-07e528ac40fe,"(-77.117611,-11.719216)",2025-06-01T00:31:19.652612,Illo dolor suscipit repudiandae.,4c325d06-a6b3-4558-8d98-44dfd85f5640,critica,2025-06-01T00:31:19.652612
5a18eb36-2ac1-4d9f-862e-cd737a955657,León,2ad8c2fd-4258-4dd1-aff6-9b3ebc320af0,"(-77.065978,-12.306823)",2025-06-01T00:34:19.652612,Omnis soluta possimus aperiam quidem animi.,3786aed7-e5e3-439b-b058-9bb523a5030a,media,2025-06-01T00:34:19.652612
915562d9-a8de-4094-a6df-21331742aad6,Teruel,43b471cb-71e8-42ad-8ef5-6c0501933f44,"(-77.066103,-12.307125)",2025-06-01T00:31:19.652612,Cumque fuga perferendis et.,0005287c-507d-49a8-81a3-51c2f0bf9530,media,2025-06-01T00:31:19.652612
89f7f36a-be5a-4457-aa38-21c9037d0e15,La Rioja,fd85d3ac-6ad5-42fb-9fd3-77eabfe52bd3,"(-77.065855,-12.307207)",2025-06-01T00:24:19.652612,Voluptatibus quod occaecati dicta animi.,b600fb07-ecab-4dcc-a8d4-ea130c8b6a9d,critica,2025-06-01T00:24:19.652612
ef72cc74-1d9a-483e-9fe4-08f8ee4ee6dd,Cantabria,c8db3472-d99c-4518-9438-c7b78456ac5e,"(-77.065855,-12.307207)",2025-06-01T00:27:19.652612,Exercitationem vel architecto ipsam illum.,7186cb66-5ee5-41bd-a9f9-8a7974a6a89a,critica,2025-06-01T00:27:19.652612
5c2590b6-e0df-4e16-999b-0f8a4c054bac,Ávila,21d98432-0ba5-4855-b7e0-199d67c49934,"(-77.065855,-12.307207)",2025-06-01T00:36:19.652612,Expedita ipsum sit nisi esse officiis.,038c23c4-eb12-4037-b7a7-4fba156d29fa,critica,2025-06-01T00:36:19.652612
8f95e4ce-a85c-4976-a5e2-93ab8de82e46,Guipúzcoa,00f2064c-8561-49fd-b999-160a360f3215,"(-77.065855,-12.307207)",2025-06-01T00:21:19.652612,Qui assumenda suscipit corrupti.,99dcd6f3-4e8b-489e-9327-bd7f6ecb6fd6,media,2025-06-01T00:21:19.652612
73033933-6f39-43cb-974d-e9bf044c0036,Zamora,707ef963-2712-48d7-91f3-ad65061f8fc9,"(-77.065855,-12.307207)",2025-06-01T00:29:19.652612,Aperiam voluptas nesciunt accusantium quod architecto.,514573bd-0a46-422a-a547-23e5baac9687,baja,2025-06-01T00:29:19.652612
dc24b0c2-a5e0-4b21-ab35-3fca58e5ecfa,Murcia,645067ab-7f47-43d9-a1fb-2fc26e734a8a,"(-77.065855,-12.307207)",2025-06-01T00:18:19.652612,Architecto tempora culpa culpa numquam.,f0913d86-8979-4c09-bf74-b720e50676e5,critica,2025-06-01T00:18:19.652612
b7e42963-4519-4c4f-b207-c5f42b393a8d,La Coruña,c9bdb678-c5b2-4004-b813-68b4745942ca,"(-77.065774,-12.307548)",2025-06-01T00:18:19.652612,In cupiditate quis facere.,97b628cb-68c6-4384-8d87-001e261d0cff,media,2025-06-01T00:18:19.652612
07fe525c-709e-48e1-baf0-134f32363182,Huelva,a2bf5123-c769-4f09-b2a6-dea036a87357,"(-77.065855,-12.307207)",2025-06-01T00:35:19.652612,Alias eius laborum ab.,5cfbcf3a-723d-4738-b8aa-fba867126c05,baja,2025-06-01T00:35:19.652612
4c887992-a77b-49f4-b717-e57d77c2a585,Álava,b867cc68-bc9a-461d-90ff-f39ccdff78ab,"(-77.065855,-12.307207)",2025-06-01T00:17:19.652612,Voluptates aperiam aliquam corporis.,afe4869e-ebf9-4385-9937-f7c6c0d78e89,alta,2025-06-01T00:17:19.652612
22f4f731-295c-442f-99fd-45cd5e9c835e,Guadalajara,c3cd6440-2169-4e9a-9ccc-62674641248e,"(-77.065855,-12.307207)",2025-06-01T00:17:19.652612,Ipsum harum debitis cumque perferendis ad.,8593a4e8-f8f0-4be7-b124-ecfc2035d6ec,critica,2025-06-01T00:17:19.652612
80db9c8a-dfe3-46c9-92f0-6f4789426ba7,Cantabria,6c729ce4-2484-4722-b114-cd862cb6e2f2,"(-77.06607,-12.307395)",2025-06-01T00:23:19.652612,Quia aut repudiandae earum dolorem aliquid suscipit illum.,4c325d06-a6b3-4558-8d98-44dfd85f5640,alta,2025-06-01T00:23:19.652612
e16aa504-e6d4-451b-8f81-00c15bc514d7,Valencia,89aa59de-c742-4c9d-b70b-9d84775118ef,"(-77.065855,-12.307207)",2025-06-01T00:16:19.652612,Nemo ipsum sit explicabo quibusdam dolore.,482b8417-bd78-45e5-b1cd-6627e8f97675,media,2025-06-01T00:16:19.652612
02bfe930-dd21-4713-90af-732824843b2c,Valladolid,fe0ed0da-2411-450b-85a1-dd7ef077564c,"(-77.065568,-12.307248)",2025-06-01T00:13:19.652612,Vel similique suscipit qui dignissimos deserunt.,75b9b9ff-020b-4ed0-9907-26d7862e19e8,media,2025-06-01T00:13:19.652612
4a980b03-e295-4451-b8f6-e56b52f2e15a,Girona,69d30068-3f2e-459c-bcc7-87b64c930d96,"(-77.065944,-12.306881)",2025-06-01T00:17:19.652612,Incidunt sapiente commodi eligendi.,fed43742-d966-4d2f-a2dc-1f102b6b85aa,baja,2025-06-01T00:17:19.652612
0cf6db6b-390a-4988-9a00-10a7bac5e207,Ceuta,26a8ed80-550b-421b-92bd-450710d38016,"(-77.144811,-12.305096)",2025-06-01T00:24:19.652612,Eos eum sunt reiciendis aliquam sequi iure.,3c637840-5fff-4d4c-bf2c-c96f8e89c656,media,2025-06-01T00:24:19.652612
e795f3e8-d45a-4ff9-8c8c-9ff667959056,Lleida,697683ef-a377-4ad4-bdfd-6ec8268a58af,"(-77.144811,-12.305096)",2025-06-01T00:25:19.652612,Rem magni dolorem asperiores illo necessitatibus.,f3a2ad47-3c14-4b73-8d6f-d739f19c3249,baja,2025-06-01T00:25:19.652612
76fe886d-08c7-44ad-9552-17d85289b1a1,Zaragoza,d26b78ad-d655-4788-8a57-6f55398dab7e,"(-77.144946,-12.305196)",2025-06-01T00:31:19.652612,Voluptas delectus ipsam perspiciatis molestiae facere.,97cd0cd3-0c54-4faf-b579-e9bcdafe2410,critica,2025-06-01T00:31:19.652612
af749e41-2966-4977-b8e7-4e34c8e26128,Zaragoza,9bcb8be0-3847-4e5a-a231-089901f9e5c1,"(-77.144811,-12.305096)",2025-06-01T00:13:19.652612,Earum sapiente quod eveniet.,b36075e0-a10c-4868-8683-94c53eeb9323,critica,2025-06-01T00:13:19.652612
fc4ae191-5deb-4676-9f90-2936004e2ed0,Huesca,99adc527-ee60-4295-b370-bfe4e910fe22,"(-77.144811,-12.305096)",2025-06-01T00:19:19.652612,Natus accusantium vel adipisci natus corporis sunt totam.,d331689e-3c0d-479b-a95a-017057bdd183,critica,2025-06-01T00:19:19.652612
9b7f70ad-4a01-46d1-91c4-1bfea07c78d5,Zamora,2cadcbfb-44c2-4601-abc0-52fbb7e5a61a,"(-77.144811,-12.305096)",2025-06-01T00:15:19.652612,Cumque illum sit.,94621085-43e1-4f60-969a-4ca525e36315,media,2025-06-01T00:15:19.652612
becd3345-4852-4f07-b580-08ca5b39457f,Granada,1c3f563c-6146-4feb-bd76-4d93225a2ce7,"(-77.144451,-12.305178)",2025-06-01T00:16:19.652612,Architecto quos animi dolores dolorum.,151f4f87-005e-4c9d-bcd9-3bd656c62a68,alta,2025-06-01T00:16:19.652612
867dbf14-d5e5-4fb7-b40b-ee7c73f4f305,Palencia,82aac3de-6993-4729-8536-b25c73367ef4,"(-77.144811,-12.305096)",2025-06-01T00:28:19.652612,Inventore nobis ullam sed.,e3b9cf8c-4b1f-48da-9904-90082ba7f3ab,alta,2025-06-01T00:28:19.652612
0c4b8c30-a8b4-4ece-8f1a-295daf0738e6,Vizcaya,1afa0825-eae0-43c0-8b60-0473732076c8,"(-77.144811,-12.305096)",2025-06-01T00:15:19.652612,Voluptatum quo qui repudiandae repellat voluptatibus voluptatibus.,d079696e-aba6-400c-a4a7-3ff3d7e16618,alta,2025-06-01T00:15:19.652612
d46d173c-9a35-43af-8c48-951e2a859f66,Baleares,001cc940-183d-42ae-b139-759a448d712b,"(-77.144811,-12.305096)",2025-06-01T00:28:19.652612,Labore rerum ad veritatis iste sapiente non.,abe983a3-e23f-4490-98fe-b06681d0db80,media,2025-06-01T00:28:19.652612
de594c03-a095-4ad7-9fd8-d642e814d3cf,Ceuta,fd65324e-77e0-4b17-a69d-dfc55b4c13c5,"(-77.144811,-12.305096)",2025-06-01T00:23:19.652612,Non impedit deleniti.,0ccd217b-2b94-4fea-b1f6-2a138e4bd673,baja,2025-06-01T00:23:19.652612
43783bce-c32b-41f4-9029-f408abd3dc51,Castellón,9672bd1d-ca59-4099-8c8a-d0eb84334b04,"(-77.145,-12.305418)",2025-06-01T00:21:19.652612,Animi asperiores at tenetur deleniti dolorum.,b3f5d7de-e92c-4cb8-975c-a7daa2a04a8b,alta,2025-06-01T00:21:19.652612
3c4bb493-4ed7-4ad2-b0e1-4870aaa92d85,Tarragona,ac356e7f-d481-4806-8bb5-c4eb89cf58f7,"(-77.144811,-12.305096)",2025-06-01T00:33:19.652612,Tempora aliquid deleniti blanditiis.,75b9b9ff-020b-4ed0-9907-26d7862e19e8,alta,2025-06-01T00:33:19.652612
6baa83da-38eb-4898-877e-dc2db1d469f0,Albacete,2d7b3c59-c8f4-49d8-8bf0-0b06b195e5bb,"(-77.144811,-12.305096)",2025-06-01T00:17:19.652612,Consequatur itaque provident sint facilis.,7c2ec963-51c2-4f61-8113-2542cad7503e,alta,2025-06-01T00:17:19.652612
7ad161e1-a086-4674-b06b-df72de298b46,Lugo,97324d1f-aa3b-4f3e-8119-87e005f7deba,"(-77.14495,-12.305166)",2025-06-01T00:37:19.652612,Eveniet nulla delectus unde mollitia beatae itaque.,9fbdbaa3-dc9c-4f1b-89af-b4c341f86bdb,critica,2025-06-01T00:37:19.652612
40217a56-7a32-4d63-a178-b04af9bd3dd6,León,64269380-ee4f-4d64-ba8d-dfc7f6b7bf44,"(-77.144811,-12.305096)",2025-06-01T00:34:19.652612,Distinctio quod dolore magnam aperiam quod cupiditate.,d1fb07de-b03b-47ed-bf67-bf6510878216,alta,2025-06-01T00:34:19.652612
89140d0e-f325-480f-8b91-55078cc9423d,Valencia,4086ce7b-6943-4ff7-bc1b-94a7039ea50c,"(-76.825722,-12.454256)",2025-06-01T00:28:19.652612,Ipsam possimus ducimus hic quae excepturi.,482b8417-bd78-45e5-b1cd-6627e8f97675,media,2025-06-01T00:28:19.652612
376a6914-b09e-4fec-904c-ad98b13e4649,La Coruña,2302ffd7-9fde-4272-a1f0-a03e5ad284e4,"(-76.825587,-12.454292)",2025-06-01T00:38:19.652612,In voluptatem consequatur corporis.,d0362ca4-180f-4c2b-9c81-fefa59b58cdd,critica,2025-06-01T00:38:19.652612
94b9d269-5dd9-4a3c-8af8-b7b9fb630506,La Rioja,0e9a3284-1e76-42e1-9c95-a1a6e41201eb,"(-76.825722,-12.454256)",2025-06-01T00:24:19.652612,Aut dolore impedit dicta consequatur maxime hic sapiente.,035560f3-1b68-4b29-97a1-6f87f6107c29,alta,2025-06-01T00:24:19.652612
7da183b8-007c-47d3-adfb-629f61b8f77f,Castellón,7ec7da82-9ebb-4be2-89f9-6c972e442265,"(-76.825722,-12.454256)",2025-06-01T00:27:19.652612,Labore amet adipisci possimus.,b330ae06-7aa2-44ec-826e-dced20a28010,media,2025-06-01T00:27:19.652612
40803b95-4fa9-4b3e-9e25-2cf3dba67bf0,Lleida,9826dcbf-a43c-4a8d-8310-24b038087f27,"(-76.825722,-12.454256)",2025-06-01T00:15:19.652612,Exercitationem eligendi autem odit ducimus.,5334df26-b474-4d0e-a2a2-ebe31a1ab18b,alta,2025-06-01T00:15:19.652612
91078266-edda-4568-a54c-e9f9cd1d4bf9,Granada,0e8a54be-99b9-4456-86ad-194c07c1fd12,"(-76.825878,-12.454022)",2025-06-01T00:15:19.652612,Quod illo ipsam animi similique culpa.,2e7903ca-24ba-467c-a0a9-39b0d125ae89,baja,2025-06-01T00:15:19.652612
2b391eae-34b1-4adc-9d09-1c48d76f74e5,Alicante,47fa3bb8-3dba-4f84-b70d-5511ea7a51b5,"(-76.825722,-12.454256)",2025-06-01T00:17:19.652612,Voluptates distinctio doloremque nostrum exercitationem ullam ea.,918c1f6f-fb33-4c05-8af7-c7401aabe9d0,alta,2025-06-01T00:17:19.652612
f182c5d8-f822-46db-bee9-136918fd9918,Cádiz,677eceaa-cd6d-4ed4-9d6a-49f78f08d55e,"(-76.825722,-12.454256)",2025-06-01T00:25:19.652612,Nisi mollitia est.,ab69e247-d851-4068-88aa-2231fa179b9f,media,2025-06-01T00:25:19.652612
3f9b1803-b444-440a-bc0f-03156a3ab14c,Burgos,a4042a3a-6ef2-4bf2-b599-a4fd4e8ce317,"(-76.826133,-12.45412)",2025-06-01T00:31:19.652612,Numquam fugit laboriosam veniam.,9d446f64-2aaf-4728-bc36-aeadb8b87f3f,alta,2025-06-01T00:31:19.652612
e4d78544-2a38-4209-9835-264e1f3030a1,Segovia,8c2e21f3-658c-4d23-9285-728d9d383e78,"(-76.825722,-12.454256)",2025-06-01T00:23:19.652612,Dicta maiores animi doloribus.,bb828f7a-ebe3-4a43-b6c6-e6441a6fe66b,baja,2025-06-01T00:23:19.652612
55bfdaab-efc3-439e-b12e-7983c0bb047e,Soria,70d573f4-c60d-4f10-b1bf-06c473782203,"(-76.825722,-12.454256)",2025-06-01T00:26:19.652612,Ducimus dolor voluptate sed ullam voluptates sequi.,c2ce85b5-cfb4-4015-a342-721a636e40fa,media,2025-06-01T00:26:19.652612
523f5688-2c12-4210-944f-5322a1659308,Granada,fee14ca3-08c8-4281-a84a-fa878689a885,"(-76.825447,-12.454366)",2025-06-01T00:28:19.652612,Facere quisquam modi aliquam inventore similique.,362792a8-b744-47f5-a48c-96023b245f60,media,2025-06-01T00:28:19.652612
fdb90a4f-754d-4c49-9a87-a8904cc1e9e3,Palencia,e1c534c2-7c5c-4879-97f9-2a2227f761c8,"(-76.825722,-12.454256)",2025-06-01T00:38:19.652612,Laboriosam debitis cupiditate est officia excepturi voluptatum.,444a73d4-abb3-4181-8048-482509cfb5bc,baja,2025-06-01T00:38:19.652612
7982336c-c4d0-476b-8c49-1bdfa4d96409,Lugo,e492f7e6-295d-42c4-8881-7ff94a725533,"(-76.825931,-12.454173)",2025-06-01T00:14:19.652612,Incidunt nihil distinctio quod quisquam rerum modi.,cb18dad3-8e5c-440a-8abd-7b99660701e1,baja,2025-06-01T00:14:19.652612
f65c7c52-8d47-4491-a28e-506679da9ac3,Valencia,3983c8a7-6165-413f-b567-7063f508c17c,"(-76.825722,-12.454256)",2025-06-01T00:17:19.652612,Occaecati porro iusto.,d409db88-f7bd-4314-9a3f-8f62c1eeed5e,media,2025-06-01T00:17:19.652612
24ab522b-0897-4c99-b569-b467a3e04ee9,Santa Cruz de Tenerife,340d4655-9af1-4438-8474-0d70afac807e,"(-76.825722,-12.454256)",2025-06-01T00:15:19.652612,Quae iure quisquam delectus perferendis soluta expedita.,2c4737a2-dda5-4583-9a14-b96f6eb5b661,critica,2025-06-01T00:15:19.652612
b91ebde2-66dc-4e43-8e70-f1e33ed9e00e,Zaragoza,cae72d84-2447-41d9-bd0f-c209c3d5c2be,"(-76.914033,-12.000883)",2025-06-01T00:37:19.652612,Hic asperiores possimus nesciunt.,7472eb36-11aa-4be9-bf8b-6d3b587a45ea,baja,2025-06-01T00:37:19.652612
645e5177-5a67-4d63-ae9e-c3da93e5cbb9,Jaén,c3cd6440-2169-4e9a-9ccc-62674641248e,"(-76.914033,-12.000883)",2025-06-01T00:34:19.652612,Natus nesciunt perferendis aperiam voluptate.,27557b21-93f7-4128-b2bf-3fbd148db1e1,critica,2025-06-01T00:34:19.652612
5dd319e4-37b7-4c7d-99f3-c0627ad290b1,Ceuta,fe785419-0c78-4bc1-a7aa-2cc6eaaf567c,"(-76.913934,-12.000828)",2025-06-01T00:35:19.652612,Quam mollitia voluptatum velit aliquam aperiam eaque.,9d049336-9145-49f1-8daa-6a06d3d74222,critica,2025-06-01T00:35:19.652612
19f10939-2782-4ab2-b2d7-be1bbf5930ed,Cantabria,69bc38d4-e4aa-4330-ad1b-8d7ac9adf282,"(-76.914033,-12.000883)",2025-06-01T00:34:19.652612,Quas totam dolor quae aperiam.,882f52ee-15b6-49f9-9fc1-2bc0bb3eaf0e,baja,2025-06-01T00:34:19.652612
1b83080c-6d7e-4140-aa54-1a91cbdacb76,Teruel,8235396e-34cc-4f97-9ad0-be60ffa29aaf,"(-76.914033,-12.000883)",2025-06-01T00:15:19.652612,Maiores unde saepe occaecati accusamus.,3d353ec4-99fb-427b-87e5-24a0c93d2646,critica,2025-06-01T00:15:19.652612
5addc622-18a0-49c6-bd55-0a70566a3eae,Córdoba,01a42953-dd6e-4aea-aa83-bb676a69cfb8,"(-76.914033,-12.000883)",2025-06-01T00:18:19.652612,Distinctio saepe iste sint dolorum.,5e4eff85-6d0f-489d-a389-e81f931d7c48,alta,2025-06-01T00:18:19.652612
2dfe6827-f49c-490f-9dfd-30ad720701cd,Valladolid,69d30068-3f2e-459c-bcc7-87b64c930d96,"(-76.914033,-12.000883)",2025-06-01T00:21:19.652612,Ullam vel dolor magni.,94621085-43e1-4f60-969a-4ca525e36315,critica,2025-06-01T00:21:19.652612
4c1327a8-7541-49b6-a025-bcf0fc031060,Badajoz,a4e35730-eb2f-4717-b7a6-22eb355364ab,"(-76.914033,-12.000883)",2025-06-01T00:17:19.652612,Eligendi assumenda aliquid ad sit sapiente.,848fc67a-d58b-4fc2-a762-5bd911e32804,baja,2025-06-01T00:17:19.652612
3c33f829-ea52-41de-aab9-c387fd3d7112,Madrid,2855ed30-46d5-4879-8e19-8bdde8e4955e,"(-76.914033,-12.000883)",2025-06-01T00:19:19.652612,Vitae inventore quod unde minus.,556e1967-0b35-46eb-a905-c9254646229c,alta,2025-06-01T00:19:19.652612
1b4ed4ee-1706-4578-9d27-9252f6e4c51c,La Coruña,d6389ad0-ce17-413c-a613-6e7f80c22557,"(-76.914033,-12.000883)",2025-06-01T00:33:19.652612,Optio assumenda laudantium veritatis rerum dicta.,1ef39b34-f47a-47d2-966b-c53e0b6d7fa6,baja,2025-06-01T00:33:19.652612
49aaac02-22dc-4a4a-b150-197cb7d18cac,Alicante,22fe8ba1-a6e4-417b-9240-ac3db7e09d78,"(-76.914033,-12.000883)",2025-06-01T00:35:19.652612,Modi quisquam provident.,fc752355-8a5c-4107-8ba4-46619c5cd917,baja,2025-06-01T00:35:19.652612
b0089334-9230-41ff-8598-923389916441,Melilla,513a64a6-c725-49c2-94c3-938f5ad32c00,"(-76.914033,-12.000883)",2025-06-01T00:26:19.652612,Mollitia perferendis cupiditate quos sint fugiat sapiente.,5edccc78-cc8b-4fe3-bb09-020217c637f8,alta,2025-06-01T00:26:19.652612
54b697f4-0b5e-4999-8c49-a2f6c1deb286,Huelva,6c729ce4-2484-4722-b114-cd862cb6e2f2,"(-76.914033,-12.000883)",2025-06-01T00:17:19.652612,Saepe quis ea placeat maxime.,1cf3553e-d477-42bb-bc9c-7b7710b310d7,alta,2025-06-01T00:17:19.652612
b9f2ba61-e31e-401c-9bd2-4be62c7e2837,Zaragoza,9008db7e-b3f1-4a5b-bcfe-817040584a07,"(-76.914033,-12.000883)",2025-06-01T00:37:19.652612,Voluptas tempora ipsam consectetur quos dolorum unde.,680191bb-afbc-4735-a37b-f8266851e2e4,baja,2025-06-01T00:37:19.652612
675fb262-b9bd-4043-b4b8-7a7923249bdc,Ávila,fee14ca3-08c8-4281-a84a-fa878689a885,"(-76.914033,-12.000883)",2025-06-01T00:37:19.652612,Laborum cupiditate accusantium explicabo.,2c4737a2-dda5-4583-9a14-b96f6eb5b661,alta,2025-06-01T00:37:19.652612
bcee1237-312a-4ecd-a570-cba416c2278e,La Coruña,52b51481-9e6a-4e7c-8101-03670ad7863d,"(-76.914033,-12.000883)",2025-06-01T00:15:19.652612,Deleniti corrupti ipsum occaecati sit beatae deleniti.,5e7e1faf-2583-4152-87a8-b5199f7e03df,critica,2025-06-01T00:15:19.652612
2bb480dc-8b48-46c4-8d58-64c50ab6c7e3,Ceuta,1716753f-d415-4fd2-9897-c1db99f7ee6b,"(-77.05372,-11.884992)",2025-06-01T00:18:19.652612,Quas omnis iste molestias quaerat architecto.,25b6f985-dc00-4604-a9c5-bac5ab8a76dc,baja,2025-06-01T00:18:19.652612
ff035ad2-9eb9-4e8e-9e57-4e45fbade5ff,León,9e2081ca-8843-4d8a-a0b0-bc2425736069,"(-77.05372,-11.884992)",2025-06-01T00:38:19.652612,Perferendis unde aspernatur distinctio ducimus non fuga.,ffe43a04-c012-4c4b-b5d9-34edb52cb31e,media,2025-06-01T00:38:19.652612
aa05b075-99fa-49de-b6b5-5095a6029356,Albacete,af269a52-7199-4e6e-9c24-3069044f6806,"(-77.05372,-11.884992)",2025-06-01T00:23:19.652612,Nemo assumenda similique consectetur repellat omnis dolores laboriosam.,ba4aafd1-3825-482e-b19b-9966ed47bf5f,baja,2025-06-01T00:23:19.652612
4a0ef651-a2aa-441c-a07f-d801d688ebcf,Albacete,76f357e4-dd08-44d5-83c5-5cb881882de7,"(-77.05372,-11.884992)",2025-06-01T00:26:19.652612,Ducimus consectetur nesciunt deserunt.,06495e49-bbc6-4cda-b1a6-a984cfc3a65a,media,2025-06-01T00:26:19.652612
935f8fa3-adf9-4f6f-88a4-1ef2cfc81a11,Vizcaya,1758b530-cb28-4b41-8fc5-ee8443200dd7,"(-77.05372,-11.884992)",2025-06-01T00:13:19.652612,Molestias iste cupiditate quia ea voluptatum.,30e75c58-b80e-4d7f-9f23-8157b6ac075f,alta,2025-06-01T00:13:19.652612
8793788a-645d-4341-9c85-57b743ddb9df,Vizcaya,fe0ed0da-2411-450b-85a1-dd7ef077564c,"(-77.05372,-11.884992)",2025-06-01T00:16:19.652612,Odit enim delectus omnis minima.,444a73d4-abb3-4181-8048-482509cfb5bc,critica,2025-06-01T00:16:19.652612
4f2cc1fd-fc9a-41a5-b972-c7fae7be3292,Barcelona,b759050f-accc-49b1-95f9-be7a930aae8b,"(-77.05372,-11.884992)",2025-06-01T00:20:19.652612,Molestiae rerum ea veritatis sed itaque cumque quis.,caa9691c-fbd9-43bd-b045-c50249e8ee02,critica,2025-06-01T00:20:19.652612
46008684-707f-45b8-9a84-3ebe8c474261,Guadalajara,f69b60e3-74d4-4f0b-be06-9ff54d84a66d,"(-77.05372,-11.884992)",2025-06-01T00:13:19.652612,Consequatur pariatur asperiores.,e1878987-9437-47d8-98f3-0d108957dd3c,baja,2025-06-01T00:13:19.652612
fcdb35eb-153d-42fd-9038-0fbe06ef15e7,Zaragoza,d3d4215d-2549-4a60-90ae-5673fe6147a2,"(-77.05372,-11.884992)",2025-06-01T00:36:19.652612,Hic molestiae iste iste ratione.,077a3c29-d745-46e1-b374-edebf4fade73,alta,2025-06-01T00:36:19.652612
55d2eaa2-135b-497a-95e9-38fac8590875,Soria,fe0ed0da-2411-450b-85a1-dd7ef077564c,"(-77.05372,-11.884992)",2025-06-01T00:27:19.652612,Omnis mollitia corporis officiis.,5cfbcf3a-723d-4738-b8aa-fba867126c05,alta,2025-06-01T00:27:19.652612
00cfb2e1-c600-4160-ad42-af3ad5a2ae5e,Lugo,91f57baa-634f-48f7-83f1-af9839669040,"(-77.053508,-11.885305)",2025-06-01T00:32:19.652612,Eligendi accusantium voluptatibus impedit autem dicta itaque.,bfae2b7e-ea59-4006-a467-17f71402e5ff,alta,2025-06-01T00:32:19.652612
5e3d707f-207d-4f8e-b3f7-e3b503654ffd,Huelva,497349d1-0102-47bf-8a33-25c239530ea5,"(-77.05337,-11.884762)",2025-06-01T00:27:19.652612,Nobis ipsam provident numquam.,680191bb-afbc-4735-a37b-f8266851e2e4,critica,2025-06-01T00:27:19.652612
94de7b8a-afb9-49e9-9ae1-13875b2bad64,Lugo,fc11d5a3-7248-430f-a92d-a910a251e68e,"(-77.05372,-11.884992)",2025-06-01T00:29:19.652612,Possimus neque quaerat adipisci magnam eos nostrum.,e1878987-9437-47d8-98f3-0d108957dd3c,alta,2025-06-01T00:29:19.652612
5bdd044d-66c0-40da-99b6-9e188d1ca8c4,Guipúzcoa,810195da-8f81-4eb5-8540-15b843d18f0d,"(-77.05372,-11.884992)",2025-06-01T00:16:19.652612,Tempore repudiandae quis.,71ace9c7-7432-4b53-a150-0abcb34f6464,media,2025-06-01T00:16:19.652612
7c05cf1b-655c-4784-9f68-97f82223c1bc,Cantabria,51a4a869-b4d7-44c9-bd24-f818612ebff8,"(-77.05372,-11.884992)",2025-06-01T00:18:19.652612,Nostrum nihil optio id alias.,cffb54ee-e4d4-40c7-99aa-f734f6792568,media,2025-06-01T00:18:19.652612
82c39bd2-2e47-4b41-942e-2a6ca2f258b7,Barcelona,b21fab0a-3d01-4f25-a62f-1dad05b5ec39,"(-77.05372,-11.884992)",2025-06-01T00:23:19.652612,Odio molestias fugiat consectetur deserunt dignissimos enim.,3c896ccb-d258-4857-8f75-fa27e2f90197,alta,2025-06-01T00:23:19.652612
1d4da203-b6e4-4dd1-911b-6f825a3161cc,Salamanca,fd65324e-77e0-4b17-a69d-dfc55b4c13c5,"(-76.827312,-12.101848)",2025-06-01T00:34:19.652612,Autem repellat eum non officiis occaecati.,1cf3553e-d477-42bb-bc9c-7b7710b310d7,alta,2025-06-01T00:34:19.652612
9f2eafae-11e0-4b51-8af8-867ae49dd260,La Coruña,2855ed30-46d5-4879-8e19-8bdde8e4955e,"(-76.827312,-12.101848)",2025-06-01T00:27:19.652612,Aperiam nobis at ipsum dicta perspiciatis.,4d386922-5d1b-4b6c-8246-3f598dda2791,critica,2025-06-01T00:27:19.652612
1a597828-c0f9-42d7-b69d-b4ede416a244,Murcia,70e33cf5-b109-4662-9262-4cbd45a4d0cd,"(-76.827148,-12.101875)",2025-06-01T00:20:19.652612,Necessitatibus omnis occaecati perspiciatis earum rerum.,b0d562a5-30f8-4191-965a-da43f352ab2c,media,2025-06-01T00:20:19.652612
9f192ce5-6c64-40a2-adaf-11005eb861a2,Badajoz,bcc1cb8b-7773-4848-b48e-616405d6af9e,"(-76.827312,-12.101848)",2025-06-01T00:30:19.652612,Possimus nostrum quaerat assumenda occaecati.,5106f1ec-ef41-47f9-83b7-e605266dbbd8,alta,2025-06-01T00:30:19.652612
d99a4d90-6f35-4485-a3fe-abcf680443be,Salamanca,8d538381-f8e7-4966-9a7d-75a053b64e03,"(-76.827312,-12.101848)",2025-06-01T00:29:19.652612,Iusto nostrum est corrupti a exercitationem.,9fbdbaa3-dc9c-4f1b-89af-b4c341f86bdb,media,2025-06-01T00:29:19.652612
fb8eac7d-6931-41c1-a7b4-bc5d8c9a7e7c,Toledo,e492f7e6-295d-42c4-8881-7ff94a725533,"(-76.827312,-12.101848)",2025-06-01T00:38:19.652612,Tenetur adipisci fugiat rerum ut recusandae.,3e5d8cbc-1e4d-4033-bef3-3db11db5f192,critica,2025-06-01T00:38:19.652612
564942cb-9193-49ed-931d-69099e88d091,Lugo,ffb79f57-ab3d-494e-88e0-0f7ee9534aa6,"(-76.827312,-12.101848)",2025-06-01T00:24:19.652612,Laudantium quod placeat tempore sint.,151f4f87-005e-4c9d-bcd9-3bd656c62a68,critica,2025-06-01T00:24:19.652612
95b4ce8d-e109-4174-90cf-dfb996ead97a,Valencia,176b87d7-0bf5-464c-9de4-4c795f0ef336,"(-76.827312,-12.101848)",2025-06-01T00:22:19.652612,Alias cupiditate voluptatem dolorem nihil odio incidunt.,8b16a61e-41d6-43da-b677-dc258c3b275f,media,2025-06-01T00:22:19.652612
e4319f20-f153-4ab4-810a-ab0d81f549a1,Palencia,f547bd89-ed38-4dc6-982a-650331b66221,"(-76.827312,-12.101848)",2025-06-01T00:35:19.652612,Vitae sapiente excepturi officia culpa.,3d353ec4-99fb-427b-87e5-24a0c93d2646,alta,2025-06-01T00:35:19.652612
f881c414-8b93-4e22-a380-c3b40518fc83,Melilla,e904e160-2a60-4bbc-af99-78980c050b1f,"(-76.827312,-12.101848)",2025-06-01T00:25:19.652612,Exercitationem fugiat quas temporibus.,c7942f7f-0d35-4ecb-97da-82955c8dcd8d,critica,2025-06-01T00:25:19.652612
30b47d39-d05b-49fc-822d-59e050dd6f05,Barcelona,91f65af7-bbd9-4494-8c3d-a3b8bcdf9e19,"(-76.827735,-12.101976)",2025-06-01T00:29:19.652612,Ea itaque perspiciatis laboriosam eligendi sapiente officia.,506c197b-5a17-4186-8acb-869ea8f2c677,baja,2025-06-01T00:29:19.652612
da757418-645b-4509-81b2-7d5a53b25136,Baleares,d123b1eb-a154-49a8-9983-3134533db388,"(-76.82718,-12.102094)",2025-06-01T00:37:19.652612,Ipsam minima quo.,91803626-32e1-4777-956f-baec49c11e98,critica,2025-06-01T00:37:19.652612
9ff34779-ca51-432f-8682-11f05cf94086,Burgos,2d7b3c59-c8f4-49d8-8bf0-0b06b195e5bb,"(-76.827312,-12.101848)",2025-06-01T00:25:19.652612,Assumenda est nihil suscipit consequatur.,b8bf050f-0d98-4223-8745-547c3fb179c7,media,2025-06-01T00:25:19.652612
568fd8c7-f788-449e-9f8e-f39de8214cbe,Murcia,1afa0825-eae0-43c0-8b60-0473732076c8,"(-76.827228,-12.101541)",2025-06-01T00:27:19.652612,Vel doloremque fugit tempore dignissimos nobis maxime.,a50926b5-6d37-4054-b30d-7cd4bed432c6,media,2025-06-01T00:27:19.652612
5ba96665-d2df-44bf-a821-5357c08999e9,Segovia,2dc94ea2-f40d-4c31-a9f6-1b2858520766,"(-76.827312,-12.101848)",2025-06-01T00:20:19.652612,Molestias saepe quasi et rerum dolore illo magnam.,d88a502c-e3a9-4351-b623-b92c9f7d390a,critica,2025-06-01T00:20:19.652612
fec78cc9-0ed3-4cca-b458-371658856a15,Burgos,e492f7e6-295d-42c4-8881-7ff94a725533,"(-76.827312,-12.101848)",2025-06-01T00:14:19.652612,Laborum impedit quo.,695bb34f-8314-4414-9038-16e2caa43d07,alta,2025-06-01T00:14:19.652612
faf298f5-e5c3-46d2-9a90-43821acff398,Guadalajara,cb75f495-50d2-462b-a62c-777370c33cc8,"(-76.827234,-12.101889)",2025-06-01T00:27:19.652612,Eveniet a eligendi laboriosam laboriosam perspiciatis ipsum iusto.,506c197b-5a17-4186-8acb-869ea8f2c677,media,2025-06-01T00:27:19.652612
f33673a1-341b-45be-9dd6-b7f9e085d3bb,Palencia,af269a52-7199-4e6e-9c24-3069044f6806,"(-77.065855,-12.307207)",2025-06-01T00:26:19.652612,Vero qui totam mollitia repellat inventore.,11349de9-f072-4ee7-8fe9-247b2806bcaa,baja,2025-06-01T00:26:19.652612
aa0df7b9-e37b-4d7e-a919-dd13ab053a14,Lleida,3d12d450-ab72-4396-ae4d-7b4b48ed54aa,"(-76.910851,-12.362735)",2025-06-01T00:38:19.652612,Temporibus eum id maiores quod maxime maiores.,56d17bf6-9109-4328-9ab3-376475d18e1d,alta,2025-06-01T00:38:19.652612
6acdf88a-22b6-41b6-8212-90560fec3884,Teruel,d2a4a449-9a1c-43ea-8f0e-89fd2177d4a5,"(-76.962465,-11.896668)",2025-06-01T00:21:19.652612,Deleniti doloremque ullam alias debitis doloremque aut.,51807a4e-7595-4678-ae69-f2daa7a678a4,critica,2025-06-01T00:21:19.652612
6d0be345-09af-4613-9c57-8854e53cc462,Vizcaya,c27d113d-959d-4496-a042-d71fa91c3239,"(-76.96499,-12.444611)",2025-06-01T00:30:19.652612,Excepturi impedit quisquam rem.,edb19f6c-9372-4eda-9b57-4f659e92f680,media,2025-06-01T00:30:19.652612
85d0edba-0c4e-4fc8-bfb4-9109151ba81d,Granada,2cadcbfb-44c2-4601-abc0-52fbb7e5a61a,"(-76.911097,-12.362491)",2025-06-01T00:18:19.652612,Impedit quo eos tenetur iusto dolore libero.,71daf4d4-de16-480e-a1c8-a58b50ea07c4,alta,2025-06-01T00:18:19.652612
7cf76b17-6e85-446d-bd68-b556bab6df68,La Rioja,b867cc68-bc9a-461d-90ff-f39ccdff78ab,"(-76.910851,-12.362735)",2025-06-01T00:25:19.652612,Rem illo sint sapiente.,5c28bcbd-aa2d-466e-a422-36a4fb970fdf,alta,2025-06-01T00:25:19.652612
aab5720b-750a-4968-8fae-7465a6fcf200,Ceuta,78fc512d-a1ea-4d3f-b107-4e302ac4187d,"(-76.962153,-11.896368)",2025-06-01T00:37:19.652612,Perferendis dolore cumque atque doloribus.,556e1967-0b35-46eb-a905-c9254646229c,baja,2025-06-01T00:37:19.652612
6e2b372d-165f-477f-a658-294de78ee97b,Ciudad,a3664404-7477-48da-af98-1cb70e871d18,"(-76.827312,-12.101848)",2025-06-01T00:28:19.652612,Possimus tempora rerum fugit illum at nihil nisi.,a13e23e9-5c24-4a8f-b92f-86dec3560150,critica,2025-06-01T00:28:19.652612
d51f352f-7d34-491a-aeb3-c9915bb3fad4,Las Palmas,359326f9-b8b7-4849-a175-f93dd72d3f5b,"(-77.065855,-12.307207)",2025-06-01T00:14:19.652612,Dignissimos consequuntur illo.,7c2ec963-51c2-4f61-8113-2542cad7503e,media,2025-06-01T00:14:19.652612
fb51afae-c22b-4d50-bdae-c1e2d71d4332,Ciudad,85bcaf2d-12fa-4a5e-80ce-6ed72f911c46,"(-77.144811,-12.305096)",2025-06-01T00:32:19.652612,Facere harum nihil velit.,e87b84ad-03d8-4cc4-8252-74e8447baab7,alta,2025-06-01T00:32:19.652612
321bafe5-b7f5-464f-814e-ed205c15c411,Salamanca,c1ce271d-30ce-4197-beb0-e38ac09d0579,"(-77.117611,-11.719216)",2025-06-01T00:25:19.652612,Nulla architecto voluptatibus ad repudiandae repellendus officia.,e185245e-2f31-4899-970e-b4ab5759121a,media,2025-06-01T00:25:19.652612
b3677cd5-dc91-428c-ad8b-2821332b418c,Córdoba,1758b530-cb28-4b41-8fc5-ee8443200dd7,"(47.880849,-82.355037)",2025-06-01T00:35:19.652612,Dolores vero ipsum dolore.,3d6b1e11-047e-4777-ad5b-a3532b3e783f,media,2025-06-01T00:35:19.652612
b128d2d4-dddc-47ff-83ed-92092b226e95,Castellón,559ef05e-2601-4858-812b-370aae7b6714,"(170.090604,-59.636843)",2025-06-01T00:20:19.652612,Rem illo eos commodi.,caa9691c-fbd9-43bd-b045-c50249e8ee02,critica,2025-06-01T00:20:19.652612
a72defa9-7d77-44c8-9c74-d61bb9505092,Segovia,0190be6c-bcc5-4c09-b46d-e3fc91706dfe,"(-52.389169,-54.450764)",2025-06-01T00:29:19.652612,Laborum in doloribus nulla similique.,2e7903ca-24ba-467c-a0a9-39b0d125ae89,media,2025-06-01T00:29:19.652612
1c6c4c61-24f1-43b5-ac67-d5f66de17e9c,Madrid,a4e35730-eb2f-4717-b7a6-22eb355364ab,"(-179.872801,13.856181)",2025-06-01T00:31:19.652612,Corrupti dicta at at tempora aliquid quibusdam.,4f5276c3-fdb1-4777-ab82-85958faac6c3,alta,2025-06-01T00:31:19.652612
f0ed6f76-d841-4fd0-9bcb-a9a8465cd039,Jaén,ffb79f57-ab3d-494e-88e0-0f7ee9534aa6,"(145.919777,-67.080663)",2025-06-01T00:30:19.652612,Delectus vel praesentium harum quod voluptatum cumque at.,d4b908ab-7601-413d-bf69-2d532a0dd8f4,media,2025-06-01T00:30:19.652612
333a2d96-8923-4ba0-8510-47b695cc322e,Barcelona,992353e1-ce25-4061-8661-be23f7427f8b,"(-51.242334,-47.55717)",2025-06-01T00:15:19.652612,Ipsum cumque dolore vero eum perferendis provident.,b330ae06-7aa2-44ec-826e-dced20a28010,baja,2025-06-01T00:15:19.652612
cf5db057-4152-4817-9ac9-94c5261041a9,Salamanca,fd85d3ac-6ad5-42fb-9fd3-77eabfe52bd3,"(11.76921,43.123785)",2025-06-01T00:22:19.652612,Exercitationem occaecati beatae dolorum minus deleniti.,75b9b9ff-020b-4ed0-9907-26d7862e19e8,media,2025-06-01T00:22:19.652612
38fa75d4-a693-47b7-9759-a01a0df5fdd5,Badajoz,1e7189c0-a578-48f9-ae80-f5bb8bba5c66,"(150.837904,-53.521638)",2025-06-01T00:15:19.652612,Voluptatibus atque quo id enim enim enim.,800486ff-8fb7-497b-a8ad-0a31dcf94159,media,2025-06-01T00:15:19.652612
3a48f2e4-9dff-4af7-8fdf-b70380afc3b4,Cádiz,b75dc761-d43d-411a-8c59-eb6861403b40,"(-35.966938,-30.331038)",2025-06-01T00:19:19.652612,Placeat quidem voluptates totam praesentium.,3d6b1e11-047e-4777-ad5b-a3532b3e783f,baja,2025-06-01T00:19:19.652612
d433ad17-277e-46e7-a420-df1f7d0858c1,Murcia,64f27c09-ab72-4f96-bf71-2327f2662475,"(-173.53355,-33.602947)",2025-06-01T00:26:19.652612,Recusandae ad voluptate accusamus.,4d386922-5d1b-4b6c-8246-3f598dda2791,media,2025-06-01T00:26:19.652612
a2e28515-4e66-41a8-8bff-528ae3c7c862,Zaragoza,29de6c13-2913-4b40-965f-bda09a4fc4d9,"(4.431919,-53.197983)",2025-06-01T00:23:19.652612,Sit explicabo quisquam asperiores atque est.,1cf3553e-d477-42bb-bc9c-7b7710b310d7,alta,2025-06-01T00:23:19.652612
8adadc6e-ae04-4a93-873c-fe1a22480b16,Valladolid,9826dcbf-a43c-4a8d-8310-24b038087f27,"(3.238229,26.267114)",2025-06-01T00:33:19.652612,Quo quo quod.,482b8417-bd78-45e5-b1cd-6627e8f97675,critica,2025-06-01T00:33:19.652612
c053970e-936b-45c3-b0be-2f1cba5026ab,Huelva,3940ac26-5d3b-438a-bc04-a8745801694c,"(-98.851146,56.888779)",2025-06-01T00:25:19.652612,Earum odio asperiores occaecati nam.,4c325d06-a6b3-4558-8d98-44dfd85f5640,baja,2025-06-01T00:25:19.652612
e0681af5-4d5c-4181-86cd-d090a8ddf6ea,Cuenca,166ffb4e-3dc0-455c-b782-8abf26479433,"(109.149832,15.419899)",2025-06-01T00:15:19.652612,Numquam quasi placeat.,25b6f985-dc00-4604-a9c5-bac5ab8a76dc,baja,2025-06-01T00:15:19.652612
43530294-2e25-484d-97f5-3f72c8467f2b,Badajoz,1fca5c1c-cbb4-4814-ad2b-df104ce54956,"(133.390983,1.371956)",2025-06-01T00:30:19.652612,Ab vitae rem quibusdam quasi porro asperiores dolorem.,191b6571-2211-498e-8c8c-670c23c7994c,media,2025-06-01T00:30:19.652612
2facaf6f-e651-4b88-9ef1-5dafcc46c582,Lleida,d2a4a449-9a1c-43ea-8f0e-89fd2177d4a5,"(158.118147,-13.471647)",2025-06-01T00:23:19.652612,Beatae quia facere ducimus quas.,26eca2a4-f203-43c2-ba40-49969102bf31,media,2025-06-01T00:23:19.652612
c3130574-bb7a-44a2-9cad-924159e6a983,Salamanca,9b6d1931-2d3a-45bd-8bec-40d3afd2f115,"(-86.269582,25.961212)",2025-06-01T00:20:19.652612,Sunt esse perspiciatis optio temporibus dolorum dolore.,fc7bf243-8c5d-4abd-b964-3a9d1138c934,media,2025-06-01T00:20:19.652612
9d965c47-80df-48c4-855a-20d3f18dede6,Huesca,3983c8a7-6165-413f-b567-7063f508c17c,"(-135.401869,-31.646508)",2025-06-01T00:34:19.652612,Quas fugiat illo minus omnis culpa reiciendis.,918c1f6f-fb33-4c05-8af7-c7401aabe9d0,critica,2025-06-01T00:34:19.652612
abc51541-b638-49e6-bc95-03942145f7d5,Huelva,43dbdb80-f4a0-4b83-816e-1b268de94d65,"(120.535824,-43.604547)",2025-06-01T00:33:19.652612,Voluptates accusantium delectus assumenda.,4d386922-5d1b-4b6c-8246-3f598dda2791,baja,2025-06-01T00:33:19.652612
cb37e793-d3fb-432a-b5cb-0343628f7376,Tarragona,a40d8039-d807-44a8-94de-e9bd1d8c7c68,"(-162.422439,-68.329455)",2025-06-01T00:21:19.652612,Unde est voluptatem vitae aliquid.,4007f3dd-ab45-4226-a49d-c1ff06c488d4,media,2025-06-01T00:21:19.652612
f7a9d87a-4610-4bca-bd09-d9d6e6a221d4,Cádiz,43dae8a1-57fd-468a-8dfd-f570b5b1f9c4,"(-14.832812,-8.943808)",2025-06-01T00:35:19.652612,Labore quaerat incidunt ipsum eligendi.,30e75c58-b80e-4d7f-9f23-8157b6ac075f,media,2025-06-01T00:35:19.652612
ec16b414-e8e5-4576-825e-379fa71ac37d,Huelva,98e6f282-ee6f-4552-b926-8bedc9277e14,"(-124.409297,-6.96241)",2025-06-01T00:18:19.652612,Iure aliquid officiis ea porro incidunt.,5160fb9a-ae8f-4105-aa6d-e85a137b0267,alta,2025-06-01T00:18:19.652612
fec07a9e-3972-4123-b928-578ba7eac0d6,Cádiz,e1cd2056-ddc1-4203-9d6d-911eee509c13,"(-178.394894,65.399375)",2025-06-01T00:16:19.652612,Doloremque veritatis molestias.,f9289a00-0a0e-4673-ba93-0e5c00f982ec,alta,2025-06-01T00:16:19.652612
72c8782f-5763-426b-ba56-459b818175c2,Zamora,d6fa77ed-3582-4e3a-83ef-85ba30dc7010,"(179.213067,-11.46638)",2025-06-01T00:25:19.652612,Reprehenderit accusamus similique debitis sint modi minima.,e0d826ce-20c2-4674-bc6e-b2d4f687c220,media,2025-06-01T00:25:19.652612
8d8742e7-0ecf-42b9-a418-344d01c6b570,Asturias,fe785419-0c78-4bc1-a7aa-2cc6eaaf567c,"(-106.220987,-22.792828)",2025-06-01T00:30:19.652612,Deserunt aliquam veniam molestiae vitae.,5334df26-b474-4d0e-a2a2-ebe31a1ab18b,media,2025-06-01T00:30:19.652612
d3f08cd8-5efd-4654-951e-1e8fe76915ba,Cáceres,837fef48-f3af-41fc-af54-4677427a66b8,"(96.417703,-32.568646)",2025-06-01T00:36:19.652612,Explicabo voluptate quod sunt maxime.,ecbfd4be-9c3f-4323-9818-1113381e63b8,alta,2025-06-01T00:36:19.652612
1923543c-7b07-43f2-80a9-835bca58ca37,Asturias,2eee8c70-7ac2-4109-856f-9e5698f13794,"(70.602706,89.573729)",2025-06-01T00:22:19.652612,Consequatur beatae reprehenderit id in deleniti tempore sequi.,3d353ec4-99fb-427b-87e5-24a0c93d2646,alta,2025-06-01T00:22:19.652612
c7fb48ec-90d9-4224-b9ec-020423020a9f,Baleares,9284e405-8ea7-43c1-bcef-fd0e9de64b0e,"(179.465401,-33.578933)",2025-06-01T00:36:19.652612,Eius quaerat veniam illo aperiam soluta nobis.,ecbfd4be-9c3f-4323-9818-1113381e63b8,baja,2025-06-01T00:36:19.652612
cf4e0694-68a0-41e2-a747-9fc4348dc80e,Baleares,2302ffd7-9fde-4272-a1f0-a03e5ad284e4,"(157.868137,-1.040673)",2025-06-01T00:32:19.652612,Qui blanditiis et soluta.,55e1a344-ee88-47b7-87d7-ad255d58fbe5,media,2025-06-01T00:32:19.652612
a2065e8b-6ad5-4f4c-ab26-ce0c8e36cfdd,Granada,fdafe91c-3460-4edf-828e-c6e65fa44856,"(131.427005,-24.086318)",2025-06-01T00:37:19.652612,Voluptatum quae maxime recusandae.,800486ff-8fb7-497b-a8ad-0a31dcf94159,media,2025-06-01T00:37:19.652612
d594466f-201d-4783-bf31-4ffe844f2c53,La Coruña,bcc1cb8b-7773-4848-b48e-616405d6af9e,"(-99.245812,41.131456)",2025-06-01T00:36:19.652612,Aut distinctio corrupti ipsam voluptas quisquam.,90c77e5b-c63d-4662-a0b7-5f08a40c4a3c,baja,2025-06-01T00:36:19.652612
b7e0d73e-ca2c-465e-a3cc-b8b9f834593a,Cuenca,69bc38d4-e4aa-4330-ad1b-8d7ac9adf282,"(-11.887456,-39.790524)",2025-06-01T00:17:19.652612,Quia perspiciatis sed itaque dolorem velit.,5c14e8a5-93a4-4344-9901-c0c1825c3d83,critica,2025-06-01T00:17:19.652612
cce39e9c-1776-42b2-b651-83dddd416c56,Cuenca,ea5e663c-b33c-4d18-a388-dceff9598f52,"(4.24753,-85.060694)",2025-06-01T00:23:19.652612,Quis doloremque distinctio officiis laboriosam quibusdam.,d1fb07de-b03b-47ed-bf67-bf6510878216,critica,2025-06-01T00:23:19.652612
7b9d1777-262b-4b9c-9fb3-3926344b28bc,Ceuta,43dbdb80-f4a0-4b83-816e-1b268de94d65,"(-161.222186,-20.654551)",2025-06-01T00:16:19.652612,Facilis error minima ad hic nam magni.,0f3aa805-9ec7-4388-b5cf-36b1bee2499b,critica,2025-06-01T00:16:19.652612
2c1df516-a7b1-499a-978d-2399fe8fcf52,Teruel,9bcb8be0-3847-4e5a-a231-089901f9e5c1,"(150.020955,-14.424258)",2025-06-01T00:31:19.652612,Quasi sapiente eaque inventore.,7186cb66-5ee5-41bd-a9f9-8a7974a6a89a,media,2025-06-01T00:31:19.652612
9ab4a18a-c9c9-4f28-94ef-618ddfb97916,Guadalajara,52b51481-9e6a-4e7c-8101-03670ad7863d,"(-148.18478,76.313958)",2025-06-01T00:19:19.652612,Autem nostrum atque.,2af9712c-aabb-44ce-b344-12f73454dcaa,alta,2025-06-01T00:19:19.652612
43a03cb3-de49-45e0-8492-de8d58fe745c,Segovia,9826dcbf-a43c-4a8d-8310-24b038087f27,"(-179.852687,-8.839071)",2025-06-01T00:16:19.652612,Maxime nemo exercitationem voluptas veritatis iste libero.,ff9051e3-4de4-4d33-8cb5-a2feba43e31b,alta,2025-06-01T00:16:19.652612
11917618-48c1-42d6-89e2-0ab38b50c395,Tarragona,3983c8a7-6165-413f-b567-7063f508c17c,"(122.533712,9.208539)",2025-06-01T00:33:19.652612,Error voluptatum cumque recusandae pariatur tempora debitis.,a13e23e9-5c24-4a8f-b92f-86dec3560150,alta,2025-06-01T00:33:19.652612
651fed88-77e8-479c-8f58-2de7c9eb3c4d,Lleida,775fdc56-325a-464a-9c7c-3deb15cd1886,"(-48.242316,78.882605)",2025-06-01T00:14:19.652612,Illum omnis ea incidunt inventore laudantium commodi.,d079696e-aba6-400c-a4a7-3ff3d7e16618,critica,2025-06-01T00:14:19.652612
6fa218ad-39f0-4bf4-80ce-4b243854a69a,Cuenca,c87f54ff-704a-484f-aa8d-36b3309d6743,"(169.910102,88.902023)",2025-06-01T00:29:19.652612,Itaque culpa soluta maiores.,800486ff-8fb7-497b-a8ad-0a31dcf94159,critica,2025-06-01T00:29:19.652612
e4cf292f-0666-4abc-a2db-bcc6f84ca81e,Ceuta,f725ef4a-1361-421f-b5c8-351e088499e7,"(-169.349174,1.892745)",2025-06-01T00:23:19.652612,Praesentium dolorum sunt est quam laboriosam.,bb2f3c12-b772-49bc-8158-e6b9532898e2,alta,2025-06-01T00:23:19.652612
f31728c5-1397-4616-ac46-4fd48947b53d,León,d3d4215d-2549-4a60-90ae-5673fe6147a2,"(-104.79448,55.379697)",2025-06-01T00:22:19.652612,Neque dolores voluptatum illum.,f3a2ad47-3c14-4b73-8d6f-d739f19c3249,media,2025-06-01T00:22:19.652612
67da7431-730c-46db-b38b-aa498255f0b3,Valencia,992353e1-ce25-4061-8661-be23f7427f8b,"(-39.18389,-25.223431)",2025-06-01T00:32:19.652612,Aliquam quaerat cumque praesentium.,36f58074-050b-4c39-b6b9-67002bd53c8d,alta,2025-06-01T00:32:19.652612
3e3d83b2-fcec-4cc2-b1c7-d9ed31e3a049,Ceuta,d5ee2479-474a-4d9b-9ae6-dc470a67befb,"(-60.100639,-10.099209)",2025-06-01T00:16:19.652612,Dolores corporis dolor harum nemo commodi culpa eveniet.,caa9691c-fbd9-43bd-b045-c50249e8ee02,baja,2025-06-01T00:16:19.652612
d38568fc-5b84-477e-afe3-0ed043b03919,Córdoba,30cb274b-af31-4613-bc4d-f42d1979f794,"(163.034072,-34.718888)",2025-06-01T00:17:19.652612,Commodi fugiat rerum soluta et reiciendis nobis quam.,6a679f82-5862-4b01-bbc8-4b44d6b7c305,critica,2025-06-01T00:17:19.652612
62fcb1a3-956c-477f-86e3-1184b2bfaf22,La Rioja,af241b4e-fcc3-4c96-8119-8c4119ace35e,"(165.99886,-33.68273)",2025-06-01T00:25:19.652612,Minus nostrum ex velit debitis.,5106f1ec-ef41-47f9-83b7-e605266dbbd8,baja,2025-06-01T00:25:19.652612
7358b47b-a21e-4abd-9cc8-a8da6696c352,Almería,3983c8a7-6165-413f-b567-7063f508c17c,"(-78.223579,17.036924)",2025-06-01T00:24:19.652612,Quos laudantium incidunt recusandae.,d13dc604-27f6-4181-a86a-257383f062a8,media,2025-06-01T00:24:19.652612
53a801de-1f22-475c-a576-097352154e92,Badajoz,e98eafeb-cc5b-4f23-8804-77a9fe1357e3,"(-22.794581,86.798265)",2025-06-01T00:29:19.652612,Quos quae soluta voluptates nostrum debitis.,92f6e1e4-14a4-4af0-b91a-f57a77851ef6,critica,2025-06-01T00:29:19.652612
71e3aa49-cf29-47ab-aee6-5655909a5774,Melilla,52b51481-9e6a-4e7c-8101-03670ad7863d,"(8.163161,34.695729)",2025-06-01T00:34:19.652612,Aperiam laudantium numquam accusantium.,d0f949a0-7c54-4c4c-b8bf-0727584e5b16,alta,2025-06-01T00:34:19.652612
b2260f07-0a86-41ac-b5e5-22d0969a1825,Alicante,3e9fd66d-02e4-48a1-807c-483ea7130da4,"(113.456433,82.856375)",2025-06-01T00:38:19.652612,Recusandae tempore consectetur sequi sapiente exercitationem excepturi.,97b628cb-68c6-4384-8d87-001e261d0cff,baja,2025-06-01T00:38:19.652612
