id_plan_entrega,tiempo_total_estimado,recorrido_total_km,distancia_total_km,id_usuario,fecha_creacion,fecha_actualizacion
6c6ce27e-ca36-4f95-a79c-2f3ca08898fb,5:47:55,172.89,0.47,824658e2-b1e0-438d-9860-afb580e69ac8,2025-06-01T00:35:19.652612,2025-06-01T00:35:19.652612
85d2a3e9-f647-4b75-a757-d9b5528a145c,1:33:02,68.28,0.44,4dcbc702-28ad-4e13-8757-f39a37af0157,2025-06-01T00:37:19.652612,2025-06-01T00:37:19.652612
7e70577e-4e1c-46d0-878c-7eb5201a691c,0:32:50,26.34,0.18,313e74c9-c15f-48ce-9c3c-8fe0bab3dade,2025-06-01T00:37:19.652612,2025-06-01T00:37:19.652612
d3f4b366-d80f-44ec-a638-9b09d7c8d639,2:31:54,105.02,0.56,775fdc56-325a-464a-9c7c-3deb15cd1886,2025-06-01T00:24:19.652612,2025-06-01T00:24:19.652612
bb6b89b5-0f70-40b2-b2fd-374b6e1724ac,1:04:04,29.79,0.18,99adc527-ee60-4295-b370-bfe4e910fe22,2025-06-01T00:35:19.652612,2025-06-01T00:35:19.652612
f090619c-0b91-4ee9-b2bd-5a733b68bc27,0:32:50,26.34,0.18,1dbac2d5-5649-4985-992e-7dce91bde3ec,2025-06-01T00:32:19.652612,2025-06-01T00:32:19.652612
4dd9ae0a-40da-4aaa-af8c-d017af0f9a45,1:03:30,53.5,0.28,43dbdb80-f4a0-4b83-816e-1b268de94d65,2025-06-01T00:33:19.652612,2025-06-01T00:33:19.652612
7379744a-a29e-4a08-9d6d-3d8acc3c55b9,0:42:53,33.22,0.18,7605f5d8-384a-4140-a7c2-b5264f3ac3c3,2025-06-01T00:32:19.652612,2025-06-01T00:32:19.652612
bca10741-9107-4ae2-859b-415695dd7c10,0:32:50,26.34,0.18,824658e2-b1e0-438d-9860-afb580e69ac8,2025-06-01T00:35:19.652612,2025-06-01T00:35:19.652612
60615b20-4e4e-44fd-ac99-65fe9210301f,1:49:09,78.94,0.52,775fdc56-325a-464a-9c7c-3deb15cd1886,2025-06-01T00:29:19.652612,2025-06-01T00:29:19.652612
29e88894-881c-4e29-956c-f5a59537c4da,1:33:02,68.28,0.44,161511e7-0f2f-4569-a6eb-86adf3820449,2025-06-01T00:35:19.652612,2025-06-01T00:35:19.652612
db3fb5ba-9efc-4ee5-a810-99abbbd6a9ab,5:47:55,172.89,0.47,4a3bdf88-e320-49f7-af29-07e528ac40fe,2025-06-01T00:29:19.652612,2025-06-01T00:29:19.652612
312808b8-0421-40db-b561-cb97fc438457,0:32:50,26.34,0.18,b2d82549-0531-4228-8f35-4e6709cec415,2025-06-01T00:37:19.652612,2025-06-01T00:37:19.652612
0b31d5e4-f86d-43bc-8967-24b529eb49df,1:49:09,78.94,0.52,dd2908f0-43ca-459f-9bd2-8c6791b97d77,2025-06-01T00:26:19.652612,2025-06-01T00:26:19.652612
e0e6c142-f142-4880-b616-1ca8e513c79d,0:42:53,33.22,0.18,27d13881-ee33-46a7-bd9f-6a8e9a082c96,2025-06-01T00:28:19.652612,2025-06-01T00:28:19.652612
ab4f0c8d-b664-417d-b645-9a152639946c,1:49:09,78.94,0.52,fc11d5a3-7248-430f-a92d-a910a251e68e,2025-06-01T00:40:19.652612,2025-06-01T00:40:19.652612
4819c182-02b2-417b-a9b9-50791d43b8ce,1:03:30,53.5,0.28,e1e13edc-4276-4517-9cb2-c60e686f9bac,2025-06-01T00:42:19.652612,2025-06-01T00:42:19.652612
ac31cc11-94b1-4343-a0cd-b44e8f67851c,2:06:10,80.37,0.4,707ef963-2712-48d7-91f3-ad65061f8fc9,2025-06-01T00:33:19.652612,2025-06-01T00:33:19.652612
719879f3-4a4f-4314-b593-9f1fb42abd14,1:04:04,29.79,0.18,f725ef4a-1361-421f-b5c8-351e088499e7,2025-06-01T00:28:19.652612,2025-06-01T00:28:19.652612
9147a6cd-9398-4374-bb55-49e84a27a8fd,1:57:53,90.37,0.62,992353e1-ce25-4061-8661-be23f7427f8b,2025-06-01T00:41:19.652612,2025-06-01T00:41:19.652612
24c98468-d5fb-4bbf-8075-a839cf868435,1:03:30,53.5,0.28,fd29009a-1ab9-48e6-953b-188f32ca2f12,2025-06-01T00:40:19.652612,2025-06-01T00:40:19.652612
f79cd31f-3a80-4a0a-ada4-1aa7711ef76d,1:33:02,68.28,0.44,b759050f-accc-49b1-95f9-be7a930aae8b,2025-06-01T00:20:19.652612,2025-06-01T00:20:19.652612
c4407db0-b251-4a12-bc83-182ab75248b4,1:09:27,57.25,0.26,d3d4215d-2549-4a60-90ae-5673fe6147a2,2025-06-01T00:24:19.652612,2025-06-01T00:24:19.652612
25ae6fa4-7c51-452d-9b13-78aa5d451096,1:09:27,57.25,0.26,3940ac26-5d3b-438a-bc04-a8745801694c,2025-06-01T00:25:19.652612,2025-06-01T00:25:19.652612
9638f143-254c-4d91-ac1c-65f2116295bd,5:47:55,172.89,0.47,b961b5f3-df31-4687-8da8-c4fd9f5c15f5,2025-06-01T00:43:19.652612,2025-06-01T00:43:19.652612
292f319c-3e57-43c0-9ddb-87b38a3cc0d8,1:57:53,90.37,0.62,8d538381-f8e7-4966-9a7d-75a053b64e03,2025-06-01T00:35:19.652612,2025-06-01T00:35:19.652612
05cefec7-44cd-4f73-a02f-05fc188e5b56,1:57:53,90.37,0.62,f8e77acc-0671-43f6-a97a-203d592f9d13,2025-06-01T00:40:19.652612,2025-06-01T00:40:19.652612
6252a422-cd07-467c-8e83-dae847c76aaa,0:32:50,26.34,0.18,810195da-8f81-4eb5-8540-15b843d18f0d,2025-06-01T00:36:19.652612,2025-06-01T00:36:19.652612
2b965ade-d4f8-485d-9399-6c0bfd96558d,2:06:10,80.37,0.4,91f65af7-bbd9-4494-8c3d-a3b8bcdf9e19,2025-06-01T00:33:19.652612,2025-06-01T00:33:19.652612
2acc2be3-303c-469e-9cf2-bbf439b4a21f,1:49:09,78.94,0.52,d123b1eb-a154-49a8-9983-3134533db388,2025-06-01T00:21:19.652612,2025-06-01T00:21:19.652612
eb14ea1b-9655-488b-afdc-747902b66b5a,1:33:02,68.28,0.44,85bcaf2d-12fa-4a5e-80ce-6ed72f911c46,2025-06-01T00:26:19.652612,2025-06-01T00:26:19.652612
48de3671-289f-48fa-a395-80c6e9be4ee4,1:03:30,53.5,0.28,5ecf6353-f300-45db-b30c-01edc66c3b26,2025-06-01T00:20:19.652612,2025-06-01T00:20:19.652612
f25fe4b7-1816-4ece-b11e-6e9163dd9242,2:31:54,105.02,0.56,161511e7-0f2f-4569-a6eb-86adf3820449,2025-06-01T00:43:19.652612,2025-06-01T00:43:19.652612
81661d36-1ad7-4596-93cd-db1332bd4bd2,2:06:10,80.37,0.4,d2a4a449-9a1c-43ea-8f0e-89fd2177d4a5,2025-06-01T00:21:19.652612,2025-06-01T00:21:19.652612
a99d02f0-e514-4240-8699-9aef0b542ece,2:06:10,80.37,0.4,fee14ca3-08c8-4281-a84a-fa878689a885,2025-06-01T00:36:19.652612,2025-06-01T00:36:19.652612
7ea727e4-8395-4f6b-9c0b-913a06bc6a6c,1:04:04,29.79,0.18,d06cd773-f809-4449-a156-3ca4fa358775,2025-06-01T00:28:19.652612,2025-06-01T00:28:19.652612
a57ff8f8-07a9-4f5d-8d9d-e6d3c670b864,5:47:55,172.89,0.47,fee14ca3-08c8-4281-a84a-fa878689a885,2025-06-01T00:36:19.652612,2025-06-01T00:36:19.652612
935c7d53-6c27-4bec-a480-1c7860018b55,1:57:53,90.37,0.62,6fed4398-e805-4dfc-8af8-350ba1187ce7,2025-06-01T00:24:19.652612,2025-06-01T00:24:19.652612
cfd02fbb-a3e1-4c96-b30c-0d2f777da0c7,1:09:27,57.25,0.26,af269a52-7199-4e6e-9c24-3069044f6806,2025-06-01T00:28:19.652612,2025-06-01T00:28:19.652612
fc8043c4-a020-46a7-91b7-a47e6cddab9e,1:04:04,29.79,0.18,e39b5846-e8cf-4d74-811a-04f5d5e9c89d,2025-06-01T00:24:19.652612,2025-06-01T00:24:19.652612
b02d7187-a931-4cb3-908f-233e625767b0,1:49:09,78.94,0.52,0e9a3284-1e76-42e1-9c95-a1a6e41201eb,2025-06-01T00:35:19.652612,2025-06-01T00:35:19.652612
7ffafda5-074c-4950-8022-6350f1c0b388,0:32:50,26.34,0.18,69d30068-3f2e-459c-bcc7-87b64c930d96,2025-06-01T00:21:19.652612,2025-06-01T00:21:19.652612
f5761944-ed7d-4ce4-b359-4d2cbc249494,2:31:54,105.02,0.56,af241b4e-fcc3-4c96-8119-8c4119ace35e,2025-06-01T00:35:19.652612,2025-06-01T00:35:19.652612
e5c1e893-56ad-44f1-b83e-2cc12f2f5f7a,5:47:55,172.89,0.47,786cdb53-b307-4b3e-b14e-10de302c3b70,2025-06-01T00:32:19.652612,2025-06-01T00:32:19.652612
b97cb34a-0eca-4ee9-a907-e86ae4665783,1:57:53,90.37,0.62,d121bfd9-08e7-441e-b97f-2ade2620333a,2025-06-01T00:20:19.652612,2025-06-01T00:20:19.652612
603a7fdf-5d24-4226-a71b-9dfdf30a48ac,1:04:04,29.79,0.18,13f36ba8-2e3e-4280-8fd5-62aaea9a6e2b,2025-06-01T00:25:19.652612,2025-06-01T00:25:19.652612
7ef41771-ce70-461a-ae53-41d6f231d18c,1:03:30,53.5,0.28,0baaebef-1d25-41c2-a54b-07bda16cd83c,2025-06-01T00:41:19.652612,2025-06-01T00:41:19.652612
bfb096c6-5697-4105-b0b7-40299056b5f4,2:31:54,105.02,0.56,097cb2f6-bc8e-4ad5-927f-7a25a23f61f3,2025-06-01T00:34:19.652612,2025-06-01T00:34:19.652612
fcdc9e84-1ac6-4326-87ef-85e97ffd679d,2:06:10,80.37,0.4,b6491079-787c-4e13-b909-2ab7303d55cc,2025-06-01T00:39:19.652612,2025-06-01T00:39:19.652612
dc5a556f-1658-4589-ac4f-cb88fb089d15,1:09:27,57.25,0.26,55903055-7cfd-4b08-937c-71d02ab562c6,2025-06-01T00:35:19.652612,2025-06-01T00:35:19.652612
ad944830-4f93-4fb6-9fa5-fb3af7462b56,1:09:27,57.25,0.26,af241b4e-fcc3-4c96-8119-8c4119ace35e,2025-06-01T00:28:19.652612,2025-06-01T00:28:19.652612
6b65d9dc-da3c-4eb6-9ffc-02ad2b0e9125,0:58:06,33.11,0.2,f0a163c3-7b25-4e1f-ab72-faabc5039b26,2025-06-01T00:22:19.652612,2025-06-01T00:22:19.652612
2cc725f5-02af-4fea-911e-ad81926eba0a,2:06:10,80.37,0.4,1716753f-d415-4fd2-9897-c1db99f7ee6b,2025-06-01T00:33:19.652612,2025-06-01T00:33:19.652612
c40692f5-feff-4aa4-a149-a38bf3038659,0:58:06,33.11,0.2,2c498ddd-fdf6-4406-8e82-b4572a205946,2025-06-01T00:40:19.652612,2025-06-01T00:40:19.652612
f91b1961-0978-4cdc-8e21-bd58a34f5818,1:04:04,29.79,0.18,70d573f4-c60d-4f10-b1bf-06c473782203,2025-06-01T00:21:19.652612,2025-06-01T00:21:19.652612
9bb35a14-41ce-4cab-bbca-c6ded552595f,1:33:02,68.28,0.44,2855ed30-46d5-4879-8e19-8bdde8e4955e,2025-06-01T00:30:19.652612,2025-06-01T00:30:19.652612
4c130d33-1403-4a88-af46-3bd6b9d78abb,2:06:10,80.37,0.4,fee75ce3-2840-4715-ad14-73aa3be68876,2025-06-01T00:21:19.652612,2025-06-01T00:21:19.652612
4f5df3dd-d34a-4e92-a8e9-f6678367ddf2,5:47:55,172.89,0.47,697683ef-a377-4ad4-bdfd-6ec8268a58af,2025-06-01T00:33:19.652612,2025-06-01T00:33:19.652612
70bfe9f5-8adc-4287-b3df-9336731479df,1:33:02,68.28,0.44,fe785419-0c78-4bc1-a7aa-2cc6eaaf567c,2025-06-01T00:22:19.652612,2025-06-01T00:22:19.652612
90c656fe-1e63-4509-b3e9-ede5395ffe30,1:33:02,68.28,0.44,4ec9990f-2709-4161-943b-d636d21da809,2025-06-01T00:42:19.652612,2025-06-01T00:42:19.652612
f88050f4-9627-4873-a366-f37e969ace45,2:31:54,105.02,0.56,6fed4398-e805-4dfc-8af8-350ba1187ce7,2025-06-01T00:37:19.652612,2025-06-01T00:37:19.652612
aa0faa30-f2af-42b1-9fe5-b48283a10c5f,0:32:50,26.34,0.18,ff832fea-1ac6-4a2f-8b96-5f67d2045156,2025-06-01T00:42:19.652612,2025-06-01T00:42:19.652612
702bdbdd-8a03-45ee-b526-1d784915a7ad,2:31:54,105.02,0.56,810195da-8f81-4eb5-8540-15b843d18f0d,2025-06-01T00:30:19.652612,2025-06-01T00:30:19.652612
22fa2909-a7aa-4e23-8351-90c206e9e7eb,1:03:30,53.5,0.28,0baaebef-1d25-41c2-a54b-07bda16cd83c,2025-06-01T00:22:19.652612,2025-06-01T00:22:19.652612
e48130fa-e7d7-453a-9205-769c31767af3,1:03:30,53.5,0.28,99adc527-ee60-4295-b370-bfe4e910fe22,2025-06-01T00:21:19.652612,2025-06-01T00:21:19.652612
870ed3ea-08dc-48c2-b514-ff0e14eef6ae,0:42:53,33.22,0.18,c27d113d-959d-4496-a042-d71fa91c3239,2025-06-01T00:40:19.652612,2025-06-01T00:40:19.652612
8b443ade-c866-4d8c-a3f5-ef06f4a0a7a9,0:58:06,33.11,0.2,fd29009a-1ab9-48e6-953b-188f32ca2f12,2025-06-01T00:31:19.652612,2025-06-01T00:31:19.652612
c7d3e583-796a-4613-ae41-f4263824bd4b,2:06:10,80.37,0.4,52b51481-9e6a-4e7c-8101-03670ad7863d,2025-06-01T00:38:19.652612,2025-06-01T00:38:19.652612
fc7bb90c-bfa8-4a68-be55-a85d5b319088,1:03:30,53.5,0.28,824658e2-b1e0-438d-9860-afb580e69ac8,2025-06-01T00:24:19.652612,2025-06-01T00:24:19.652612
738b7198-9f80-4a40-855d-25a73fc01ea0,1:03:30,53.5,0.28,d6c39a50-474c-4461-9ad0-ccf7b5956aa7,2025-06-01T00:20:19.652612,2025-06-01T00:20:19.652612
b1e69181-57b2-4749-a0dd-5b55a1e4984c,1:49:09,78.94,0.52,340d4655-9af1-4438-8474-0d70afac807e,2025-06-01T00:42:19.652612,2025-06-01T00:42:19.652612
8e3a32c0-2a58-4f2a-b51f-8122be753bb2,1:09:27,57.25,0.26,af241b4e-fcc3-4c96-8119-8c4119ace35e,2025-06-01T00:22:19.652612,2025-06-01T00:22:19.652612
3f1736e3-ebb4-4eec-9b9a-7b40877cc990,1:03:30,53.5,0.28,6a74a7e0-9486-495f-a5bb-1cc7de4e769e,2025-06-01T00:25:19.652612,2025-06-01T00:25:19.652612
3af4a80f-d589-4a25-9c9b-4e46a516866a,1:49:09,78.94,0.52,4dcbc702-28ad-4e13-8757-f39a37af0157,2025-06-01T00:42:19.652612,2025-06-01T00:42:19.652612
e9310aa5-cd90-4b6f-a9b6-0790f04ea2e7,1:49:09,78.94,0.52,2aa21b82-d67d-470d-bee8-30a139eab0e5,2025-06-01T00:19:19.652612,2025-06-01T00:19:19.652612
f7e04323-17fa-4550-97df-231552006063,0:32:50,26.34,0.18,3d12d450-ab72-4396-ae4d-7b4b48ed54aa,2025-06-01T00:18:19.652612,2025-06-01T00:18:19.652612
ed8c5ca9-1ff4-45be-b568-3496d072fc1c,1:33:02,68.28,0.44,bee4e019-ecc8-4cab-9eb1-cd4568291c53,2025-06-01T00:28:19.652612,2025-06-01T00:28:19.652612
6d700456-4387-4453-92b4-ad9f353a3789,1:33:02,68.28,0.44,5791569d-38d9-4030-ad40-aa8b9fbd15cc,2025-06-01T00:42:19.652612,2025-06-01T00:42:19.652612
e3959486-1d62-434d-a206-32e9ec649736,2:06:10,80.37,0.4,5e8037e9-71d6-4a68-bd5b-815f5677fb0b,2025-06-01T00:42:19.652612,2025-06-01T00:42:19.652612
70102217-0010-48bd-aa38-6f66c21399eb,1:03:30,53.5,0.28,f0a163c3-7b25-4e1f-ab72-faabc5039b26,2025-06-01T00:35:19.652612,2025-06-01T00:35:19.652612
17b356fd-93d6-4665-9c07-1a6633c6a120,1:57:53,90.37,0.62,77c9947a-f83f-4b23-acd5-8f184092e720,2025-06-01T00:36:19.652612,2025-06-01T00:36:19.652612
2fd4e6fa-21b5-426e-b6d5-0f25a511cacf,1:09:27,57.25,0.26,2aa21b82-d67d-470d-bee8-30a139eab0e5,2025-06-01T00:36:19.652612,2025-06-01T00:36:19.652612
51eef919-8913-4992-8d50-54d7167b5440,1:09:27,57.25,0.26,b36f37d4-27bf-456a-b435-c0092e868660,2025-06-01T00:24:19.652612,2025-06-01T00:24:19.652612
58fcc783-bcf0-4c23-af61-8be66b198c3c,1:33:02,68.28,0.44,ac356e7f-d481-4806-8bb5-c4eb89cf58f7,2025-06-01T00:20:19.652612,2025-06-01T00:20:19.652612
2d22bf0e-054d-4ba3-bb0d-eaa134ce9aca,0:58:06,33.11,0.2,27d13881-ee33-46a7-bd9f-6a8e9a082c96,2025-06-01T00:31:19.652612,2025-06-01T00:31:19.652612
9279dad4-9c05-4ada-b7e1-f09cf14d79d2,1:09:27,57.25,0.26,211ba499-d814-468e-aa1b-c19386da803c,2025-06-01T00:27:19.652612,2025-06-01T00:27:19.652612
7c407271-c782-432d-9700-b83facd44d32,0:42:53,33.22,0.18,481be87c-aa2a-4ee2-940d-e6c0a0583a38,2025-06-01T00:29:19.652612,2025-06-01T00:29:19.652612
48cd6c27-d096-4a07-a210-49888d5c7f9e,0:32:50,26.34,0.18,1881e4cd-7c8d-4a25-a4eb-2574558dc79f,2025-06-01T00:32:19.652612,2025-06-01T00:32:19.652612
0c02dba2-30ee-4def-a2a6-33ec7d0ecd09,0:42:53,33.22,0.18,bcf3e07b-2e21-41be-9af7-d2e5f486165f,2025-06-01T00:39:19.652612,2025-06-01T00:39:19.652612
afd2a9a8-76ad-41b8-af33-a97c34e9aa39,0:42:53,33.22,0.18,af269a52-7199-4e6e-9c24-3069044f6806,2025-06-01T00:38:19.652612,2025-06-01T00:38:19.652612
8fad398b-652b-4957-95d4-c05b722d02b9,1:03:30,53.5,0.28,4fd1d128-a869-428b-b219-bfbe0f301bee,2025-06-01T00:19:19.652612,2025-06-01T00:19:19.652612
a059749a-2ee4-4bdb-8561-beeb4b2b7686,1:57:53,90.37,0.62,edd15fdc-1a58-4010-ad53-fc95782a06f0,2025-06-01T00:36:19.652612,2025-06-01T00:36:19.652612
9377011b-86af-41db-b9e1-80d54cef9acc,1:04:04,29.79,0.18,ffc91a76-fbdb-464a-86b0-0ec6c5667748,2025-06-01T00:39:19.652612,2025-06-01T00:39:19.652612
fb5e26dc-865d-40dd-a734-772e9e486023,1:04:04,29.79,0.18,342d1d68-52bd-4301-840e-40702f66d9b0,2025-06-01T00:20:19.652612,2025-06-01T00:20:19.652612
9c60a551-4b22-4cf5-825d-1330211b39d5,2:06:10,80.37,0.4,71ac6874-0963-450f-9c9f-44d865459c3e,2025-06-01T00:32:19.652612,2025-06-01T00:32:19.652612
2dbf795e-a691-44cb-9ce2-82b653567007,5:47:55,172.89,0.47,2302ffd7-9fde-4272-a1f0-a03e5ad284e4,2025-06-01T00:29:19.652612,2025-06-01T00:29:19.652612
ee7a3ad4-3408-4bda-b785-f52f00eaa4ce,1:57:53,90.37,0.62,52b51481-9e6a-4e7c-8101-03670ad7863d,2025-06-01T00:22:19.652612,2025-06-01T00:22:19.652612
b66b8f41-1e87-4412-b349-c01108fa5b2e,2:06:10,80.37,0.4,2302ffd7-9fde-4272-a1f0-a03e5ad284e4,2025-06-01T00:30:19.652612,2025-06-01T00:30:19.652612
c40e4aeb-f242-4b41-83e2-dcbd9bc0a97a,1:09:27,57.25,0.26,f3d0c779-4304-43a1-bf18-71914c3b3c89,2025-06-01T00:27:19.652612,2025-06-01T00:27:19.652612
6bc2092f-f1c7-4240-b4d7-719d4f626597,0:58:06,33.11,0.2,9284e405-8ea7-43c1-bcef-fd0e9de64b0e,2025-06-01T00:42:19.652612,2025-06-01T00:42:19.652612
9083bbb8-78d9-48ca-81e7-f0d5c353ac9d,0:42:53,33.22,0.18,c9ab4321-4ab1-4244-bbd8-f78dd68e16fa,2025-06-01T00:28:19.652612,2025-06-01T00:28:19.652612
0f01d733-0c32-44a7-a866-509aed69a985,0:58:06,33.11,0.2,70d573f4-c60d-4f10-b1bf-06c473782203,2025-06-01T00:23:19.652612,2025-06-01T00:23:19.652612
05eb5f9f-6233-48e1-9ab3-09d7cb5c8aaf,2:31:54,105.02,0.56,21d98432-0ba5-4855-b7e0-199d67c49934,2025-06-01T00:30:19.652612,2025-06-01T00:30:19.652612
708d89b1-3485-4a17-b4e2-3e9ebf44a5ce,1:03:30,53.5,0.28,78fc512d-a1ea-4d3f-b107-4e302ac4187d,2025-06-01T00:24:19.652612,2025-06-01T00:24:19.652612
a1032d7d-fa33-4a9f-8984-423c6ea42f8d,0:32:50,26.34,0.18,c87f54ff-704a-484f-aa8d-36b3309d6743,2025-06-01T00:43:19.652612,2025-06-01T00:43:19.652612
bd9802c1-ac82-4504-8fc5-d8c491fbcbd3,1:49:09,78.94,0.52,059ce99a-5b31-4e3c-9eee-2b56b7507bb4,2025-06-01T00:23:19.652612,2025-06-01T00:23:19.652612
41277708-3335-4e83-b830-d6bccedf1740,0:42:53,33.22,0.18,77c9947a-f83f-4b23-acd5-8f184092e720,2025-06-01T00:31:19.652612,2025-06-01T00:31:19.652612
8e3a0ce9-f35b-4132-a4d9-b37cb48286c0,2:31:54,105.02,0.56,9672bd1d-ca59-4099-8c8a-d0eb84334b04,2025-06-01T00:32:19.652612,2025-06-01T00:32:19.652612
3b36e7b8-b907-495f-9d74-e846a927c8ed,2:31:54,105.02,0.56,fd85d3ac-6ad5-42fb-9fd3-77eabfe52bd3,2025-06-01T00:36:19.652612,2025-06-01T00:36:19.652612
8d5c9507-9e80-41e0-92a1-c6d04a701ee1,0:42:53,33.22,0.18,ffc91a76-fbdb-464a-86b0-0ec6c5667748,2025-06-01T00:42:19.652612,2025-06-01T00:42:19.652612
0bfb2a55-f859-427d-a14f-d61f2542988b,1:33:02,68.28,0.44,e9b31ad4-800c-40f9-a045-0dd5d6c90de7,2025-06-01T00:26:19.652612,2025-06-01T00:26:19.652612
633c00d3-ca0c-428c-9f69-e2496f3b184d,0:58:06,33.11,0.2,bfb25689-14f7-4d4c-9ab0-22f1b7c2ece5,2025-06-01T00:41:19.652612,2025-06-01T00:41:19.652612
fd3e5a88-2aad-44d6-914d-04d423f39037,0:32:50,26.34,0.18,f0e3c66b-8fd0-4f71-a396-241df9502712,2025-06-01T00:21:19.652612,2025-06-01T00:21:19.652612
64cf2f0d-dd81-41b8-bc7c-ad06a5bfe8ce,0:42:53,33.22,0.18,fe0ed0da-2411-450b-85a1-dd7ef077564c,2025-06-01T00:36:19.652612,2025-06-01T00:36:19.652612
fa9f5626-4493-4770-a4ed-3851dd4f506e,0:42:53,33.22,0.18,b11aadbd-d90f-474c-8787-6343c89975c1,2025-06-01T00:22:19.652612,2025-06-01T00:22:19.652612
8a8939bc-c9a7-41cb-b2cf-f4347f53d824,0:42:53,33.22,0.18,d123b1eb-a154-49a8-9983-3134533db388,2025-06-01T00:38:19.652612,2025-06-01T00:38:19.652612
e22d0b82-5702-4955-91a9-b5becb594814,0:42:53,33.22,0.18,c1ce271d-30ce-4197-beb0-e38ac09d0579,2025-06-01T00:26:19.652612,2025-06-01T00:26:19.652612
d0d9edec-5766-449a-a86d-fd37059d7190,0:58:06,33.11,0.2,f6469f46-79b4-44d4-b214-c3e1267ba3a5,2025-06-01T00:24:19.652612,2025-06-01T00:24:19.652612
1c49107d-68ad-4676-aa39-689255818860,1:03:30,53.5,0.28,d7c0d5a3-9e87-4ef7-a649-565a79d22fc1,2025-06-01T00:22:19.652612,2025-06-01T00:22:19.652612
d6dd8efd-0992-4fd2-a337-1987bda8b7ab,0:32:50,26.34,0.18,29de6c13-2913-4b40-965f-bda09a4fc4d9,2025-06-01T00:20:19.652612,2025-06-01T00:20:19.652612
d35ca48c-d59a-4278-97f5-ef0eade867d0,5:47:55,172.89,0.47,1881e4cd-7c8d-4a25-a4eb-2574558dc79f,2025-06-01T00:42:19.652612,2025-06-01T00:42:19.652612
b0907dc6-b9a6-4257-aa1c-b6b749ec6598,0:58:06,33.11,0.2,113b42ff-eecb-4a56-b6c3-fd644ae5f3f5,2025-06-01T00:26:19.652612,2025-06-01T00:26:19.652612
77670f3c-a84e-4268-8bc2-9d646afabb71,0:42:53,33.22,0.18,1dbac2d5-5649-4985-992e-7dce91bde3ec,2025-06-01T00:33:19.652612,2025-06-01T00:33:19.652612
b38ac581-5aea-47a1-b5f3-c8fc3e5f7da9,0:32:50,26.34,0.18,bcc1cb8b-7773-4848-b48e-616405d6af9e,2025-06-01T00:28:19.652612,2025-06-01T00:28:19.652612
c4e3aa86-766a-4023-9f0b-99a877385c1d,1:57:53,90.37,0.62,221bac78-7ec4-4166-972a-6ed942a63279,2025-06-01T00:37:19.652612,2025-06-01T00:37:19.652612
3830712c-06dc-4fa0-a644-aaf5078f2426,5:47:55,172.89,0.47,9008db7e-b3f1-4a5b-bcfe-817040584a07,2025-06-01T00:26:19.652612,2025-06-01T00:26:19.652612
3c4db025-ff6e-4248-a290-407e21fbd50e,1:49:09,78.94,0.52,ffb79f57-ab3d-494e-88e0-0f7ee9534aa6,2025-06-01T00:33:19.652612,2025-06-01T00:33:19.652612
b781bf8e-274f-4c6e-bd96-ff854c90ece6,1:33:02,68.28,0.44,90c0cf86-bb80-420c-a271-5e34d6fdbb7e,2025-06-01T00:35:19.652612,2025-06-01T00:35:19.652612
ef23459a-96ea-4cc1-95aa-e1f427f306ac,1:04:04,29.79,0.18,0675298b-f135-4b90-ac9d-1f7919b7cd93,2025-06-01T00:33:19.652612,2025-06-01T00:33:19.652612
5c09f6cb-29c5-4ce2-b403-7295f37c9c3a,5:47:55,172.89,0.47,aaee9314-0d15-4d56-8eb8-232a541a2ebe,2025-06-01T00:42:19.652612,2025-06-01T00:42:19.652612
a23be348-d823-4a43-ace1-06e7c64f5793,1:03:30,53.5,0.28,e21dded0-b457-4525-acb7-11842f4bedfe,2025-06-01T00:33:19.652612,2025-06-01T00:33:19.652612
7169224e-2085-46f3-87e6-b08d9669ea75,0:58:06,33.11,0.2,ec2ea81f-e84b-4bf2-a0d4-d5e9a6bd0b03,2025-06-01T00:32:19.652612,2025-06-01T00:32:19.652612
29e0d0ce-c5cd-4c12-b5d7-7cbaaaa0c886,2:06:10,80.37,0.4,e1c534c2-7c5c-4879-97f9-2a2227f761c8,2025-06-01T00:32:19.652612,2025-06-01T00:32:19.652612
5a5d6703-0295-47ff-a419-fefeabb2f35c,1:09:27,57.25,0.26,3d3ea4c7-d4cd-4afa-a416-bbb8ebefe34b,2025-06-01T00:26:19.652612,2025-06-01T00:26:19.652612
52718fb1-4776-461e-b6be-d7bfab0d7370,5:47:55,172.89,0.47,0e9a3284-1e76-42e1-9c95-a1a6e41201eb,2025-06-01T00:40:19.652612,2025-06-01T00:40:19.652612
3ba30a97-59ba-4898-a3fc-66fe2f03526e,5:47:55,172.89,0.47,eb1fa1e9-d06b-4261-908d-13e76a75c226,2025-06-01T00:23:19.652612,2025-06-01T00:23:19.652612
ade27315-876d-493f-b19c-10b27610639f,2:06:10,80.37,0.4,7605f5d8-384a-4140-a7c2-b5264f3ac3c3,2025-06-01T00:32:19.652612,2025-06-01T00:32:19.652612
7f00fe33-5b71-4c59-93f0-63bfef5d78bf,2:06:10,80.37,0.4,70d573f4-c60d-4f10-b1bf-06c473782203,2025-06-01T00:34:19.652612,2025-06-01T00:34:19.652612
516e1d02-1d32-4df0-8e53-425f45b83f89,1:03:30,53.5,0.28,1716753f-d415-4fd2-9897-c1db99f7ee6b,2025-06-01T00:35:19.652612,2025-06-01T00:35:19.652612
f4299e3f-1f8b-498e-86d6-7e3c76ea292d,0:42:53,33.22,0.18,810195da-8f81-4eb5-8540-15b843d18f0d,2025-06-01T00:43:19.652612,2025-06-01T00:43:19.652612
e4d0d5e1-f8d0-4621-ac31-067de0ef2fc6,0:58:06,33.11,0.2,9cbb24cd-cecd-4a85-ae6b-d3bbee01570f,2025-06-01T00:19:19.652612,2025-06-01T00:19:19.652612
c6c35c7d-7163-460f-8173-1f05e6e5291c,0:32:50,26.34,0.18,52b51481-9e6a-4e7c-8101-03670ad7863d,2025-06-01T00:27:19.652612,2025-06-01T00:27:19.652612
38e0c645-a2c6-466c-9ba0-4834e3b99d2d,2:06:10,80.37,0.4,8369ee32-a457-47c4-bcd0-7134c02e0993,2025-06-01T00:22:19.652612,2025-06-01T00:22:19.652612
b7c8c9db-916f-4a02-aeaa-dae3be6eb1d5,1:03:30,53.5,0.28,bfa86e4a-bf2c-4657-a5a3-edb33107bccb,2025-06-01T00:25:19.652612,2025-06-01T00:25:19.652612
db9543d0-e5fd-429b-bc6c-f7ba89d0f530,2:06:10,80.37,0.4,1753ae81-2aef-4944-aa85-27ba436b3c6e,2025-06-01T00:22:19.652612,2025-06-01T00:22:19.652612
60443bde-d37b-474f-808c-16bea5531e41,1:04:04,29.79,0.18,00f2064c-8561-49fd-b999-160a360f3215,2025-06-01T00:21:19.652612,2025-06-01T00:21:19.652612
6db34118-27cb-4e84-940a-43509d581752,0:58:06,33.11,0.2,f0a163c3-7b25-4e1f-ab72-faabc5039b26,2025-06-01T00:40:19.652612,2025-06-01T00:40:19.652612
fb9d9e94-7c9f-47db-be2d-e722dffd2fa1,0:42:53,33.22,0.18,c9ab4321-4ab1-4244-bbd8-f78dd68e16fa,2025-06-01T00:19:19.652612,2025-06-01T00:19:19.652612
5deadb9f-7928-4361-90e4-29812e774569,2:06:10,80.37,0.4,ed69d931-8fca-4f34-815f-8e109f42c782,2025-06-01T00:34:19.652612,2025-06-01T00:34:19.652612
fa3e2bb6-67e1-4d2c-8741-f11e8dd9de2f,1:57:53,90.37,0.62,71ac6874-0963-450f-9c9f-44d865459c3e,2025-06-01T00:24:19.652612,2025-06-01T00:24:19.652612
f8a367bc-3715-4d77-8de4-150dc1ea41e9,1:57:53,90.37,0.62,76f357e4-dd08-44d5-83c5-5cb881882de7,2025-06-01T00:18:19.652612,2025-06-01T00:18:19.652612
80136594-ba86-4405-8e47-5d18baf56e47,1:57:53,90.37,0.62,e904e160-2a60-4bbc-af99-78980c050b1f,2025-06-01T00:18:19.652612,2025-06-01T00:18:19.652612
dc3ba03f-d46e-4646-8884-4ab9bb70a786,1:03:30,53.5,0.28,f2e1c665-ea6e-46cc-a41e-ebd49fa13e0b,2025-06-01T00:41:19.652612,2025-06-01T00:41:19.652612
70450bc6-9d4e-4759-b944-b9aee1808f20,0:32:50,26.34,0.18,d5674a35-da4f-4590-996e-99e6736260d3,2025-06-01T00:37:19.652612,2025-06-01T00:37:19.652612
09e4e8ab-42c8-4be2-9095-b09924fec7f9,1:33:02,68.28,0.44,43ef1852-5036-4af8-952c-ebe9f5455cc6,2025-06-01T00:21:19.652612,2025-06-01T00:21:19.652612
2551ae8e-d0e1-4511-9cbb-3f01718cdf1d,2:31:54,105.02,0.56,2eee8c70-7ac2-4109-856f-9e5698f13794,2025-06-01T00:25:19.652612,2025-06-01T00:25:19.652612
8cc51134-956c-40d4-ada8-01e587e15b04,0:42:53,33.22,0.18,64f27c09-ab72-4f96-bf71-2327f2662475,2025-06-01T00:38:19.652612,2025-06-01T00:38:19.652612
340236c3-6879-47fd-975b-eed136eda47b,1:04:04,29.79,0.18,7e856126-fd5d-494a-9282-fc8fb2d90b14,2025-06-01T00:41:19.652612,2025-06-01T00:41:19.652612
7d790b5b-217f-46ed-aee4-d141b443ad81,5:47:55,172.89,0.47,6f875374-0cb7-4c05-bd9b-21064ba0927d,2025-06-01T00:19:19.652612,2025-06-01T00:19:19.652612
8bf72e70-0305-4765-8a94-9c3875c67d74,1:49:09,78.94,0.52,6fed4398-e805-4dfc-8af8-350ba1187ce7,2025-06-01T00:19:19.652612,2025-06-01T00:19:19.652612
e3be0ae2-3bde-4683-ba04-375314574469,1:09:27,57.25,0.26,775fdc56-325a-464a-9c7c-3deb15cd1886,2025-06-01T00:36:19.652612,2025-06-01T00:36:19.652612
4e9dad10-8145-4dd5-bd74-fe467e1a25cc,2:31:54,105.02,0.56,5dc4ffbb-4321-4219-aaf9-f3719ed232cb,2025-06-01T00:19:19.652612,2025-06-01T00:19:19.652612
ece1b9fc-bfa6-4d16-ae23-a7f9ae3af0cb,1:03:30,53.5,0.28,2eee8c70-7ac2-4109-856f-9e5698f13794,2025-06-01T00:30:19.652612,2025-06-01T00:30:19.652612
f174a698-4780-4b1b-a3c0-6d917348179d,1:09:27,57.25,0.26,fee14ca3-08c8-4281-a84a-fa878689a885,2025-06-01T00:30:19.652612,2025-06-01T00:30:19.652612
93b2c5e4-d1ae-42ef-bed8-9e0977997055,2:31:54,105.02,0.56,b18eec02-bd97-44e5-8ff6-8a14cc9e7bf6,2025-06-01T00:37:19.652612,2025-06-01T00:37:19.652612
c23240c7-c94f-46b8-b55f-425430f770f8,1:09:27,57.25,0.26,1dbac2d5-5649-4985-992e-7dce91bde3ec,2025-06-01T00:19:19.652612,2025-06-01T00:19:19.652612
eb7e12e0-bc5e-4ae8-976d-cf8b74bd97f4,1:04:04,29.79,0.18,1afa0825-eae0-43c0-8b60-0473732076c8,2025-06-01T00:19:19.652612,2025-06-01T00:19:19.652612
7dd17baa-1440-418f-8447-c0e752da437a,0:58:06,33.11,0.2,5c97b1e8-2c81-4699-a18b-126f5a889b29,2025-06-01T00:36:19.652612,2025-06-01T00:36:19.652612
84063cbc-06c9-47e5-90a7-0a7a7f32c59c,2:06:10,80.37,0.4,ffc91a76-fbdb-464a-86b0-0ec6c5667748,2025-06-01T00:32:19.652612,2025-06-01T00:32:19.652612
d7707e9d-a354-4fe8-83bd-1772fe9f3b42,2:06:10,80.37,0.4,097cb2f6-bc8e-4ad5-927f-7a25a23f61f3,2025-06-01T00:34:19.652612,2025-06-01T00:34:19.652612
6928cad1-2157-4f57-9f12-757535525b41,1:09:27,57.25,0.26,fe785419-0c78-4bc1-a7aa-2cc6eaaf567c,2025-06-01T00:39:19.652612,2025-06-01T00:39:19.652612
612e212c-2548-417b-a22a-de1bfa067831,1:49:09,78.94,0.52,d123b1eb-a154-49a8-9983-3134533db388,2025-06-01T00:24:19.652612,2025-06-01T00:24:19.652612
ec6dbd3d-d5a7-4896-968f-717871072bb1,1:33:02,68.28,0.44,97324d1f-aa3b-4f3e-8119-87e005f7deba,2025-06-01T00:40:19.652612,2025-06-01T00:40:19.652612
5e1410bb-6850-4cb6-8502-f4eaf7a2a968,5:47:55,172.89,0.47,6c729ce4-2484-4722-b114-cd862cb6e2f2,2025-06-01T00:28:19.652612,2025-06-01T00:28:19.652612
0ea2cc31-14a8-40a6-8ad8-4bcf64dbe911,1:03:30,53.5,0.28,e21dded0-b457-4525-acb7-11842f4bedfe,2025-06-01T00:34:19.652612,2025-06-01T00:34:19.652612
6996c6c8-9891-4d49-aa10-445825fc1398,1:04:04,29.79,0.18,9e2081ca-8843-4d8a-a0b0-bc2425736069,2025-06-01T00:24:19.652612,2025-06-01T00:24:19.652612
185be33a-7b5b-49b0-9f00-43141e114597,0:32:50,26.34,0.18,2cadcbfb-44c2-4601-abc0-52fbb7e5a61a,2025-06-01T00:36:19.652612,2025-06-01T00:36:19.652612
18ac8b10-ed4e-411b-97a1-9e4d49b1ba4a,1:33:02,68.28,0.44,a5c9a132-0d6d-4629-bc88-d7e3e8c688e7,2025-06-01T00:26:19.652612,2025-06-01T00:26:19.652612
7752b4e2-3fab-48f5-9011-4f10216fa1b2,5:47:55,172.89,0.47,5c97b1e8-2c81-4699-a18b-126f5a889b29,2025-06-01T00:19:19.652612,2025-06-01T00:19:19.652612
5b025d03-fa04-4f11-89a2-2238e36df082,1:49:09,78.94,0.52,ff832fea-1ac6-4a2f-8b96-5f67d2045156,2025-06-01T00:42:19.652612,2025-06-01T00:42:19.652612
ea0fbaa5-ae1b-49c2-84c9-8efde4c6a3e4,1:33:02,68.28,0.44,b961b5f3-df31-4687-8da8-c4fd9f5c15f5,2025-06-01T00:31:19.652612,2025-06-01T00:31:19.652612
ec7de2c4-45a5-401d-af1b-4b64cad8131c,0:32:50,26.34,0.18,668fd4b3-1234-44ff-9d09-70e9c1596871,2025-06-01T00:27:19.652612,2025-06-01T00:27:19.652612
afeec8b8-d191-43cb-9653-309f09cf1400,5:47:55,172.89,0.47,27702c58-284b-462d-ae22-11354d2fc9cd,2025-06-01T00:25:19.652612,2025-06-01T00:25:19.652612
80741fae-e08b-4b6b-a9a6-29c0d3e2b401,0:32:50,26.34,0.18,c87f54ff-704a-484f-aa8d-36b3309d6743,2025-06-01T00:42:19.652612,2025-06-01T00:42:19.652612
7d142a6d-ec77-4fb9-96fd-db9fcaea6c8c,1:57:53,90.37,0.62,f547bd89-ed38-4dc6-982a-650331b66221,2025-06-01T00:40:19.652612,2025-06-01T00:40:19.652612
50884114-2bcf-4b72-9c90-9ff04e6132ba,1:49:09,78.94,0.52,d6389ad0-ce17-413c-a613-6e7f80c22557,2025-06-01T00:23:19.652612,2025-06-01T00:23:19.652612
7d37e3c0-bff4-4c7f-a4a4-ba07edfbf67a,0:42:53,33.22,0.18,47fa3bb8-3dba-4f84-b70d-5511ea7a51b5,2025-06-01T00:37:19.652612,2025-06-01T00:37:19.652612
940a0eaa-7c5b-47de-8f6d-e876e917e3e1,0:42:53,33.22,0.18,85bcaf2d-12fa-4a5e-80ce-6ed72f911c46,2025-06-01T00:26:19.652612,2025-06-01T00:26:19.652612
51a77d85-34b1-4616-b495-9aab5db6a22b,1:49:09,78.94,0.52,f8083d2b-3f83-4840-af36-ce810673eea7,2025-06-01T00:39:19.652612,2025-06-01T00:39:19.652612
8d65d3de-ede2-42ec-99ce-69018c796aa8,0:42:53,33.22,0.18,7e856126-fd5d-494a-9282-fc8fb2d90b14,2025-06-01T00:38:19.652612,2025-06-01T00:38:19.652612
6107ee1d-5be1-4aa4-a0b2-9c337638937f,1:57:53,90.37,0.62,e39b5846-e8cf-4d74-811a-04f5d5e9c89d,2025-06-01T00:29:19.652612,2025-06-01T00:29:19.652612
103a6640-6611-4ac8-a7e1-f0f7306890b8,1:57:53,90.37,0.62,cae72d84-2447-41d9-bd0f-c209c3d5c2be,2025-06-01T00:37:19.652612,2025-06-01T00:37:19.652612
11ca05a3-e72e-4895-9cd5-12b59c10f954,1:33:02,68.28,0.44,3d3ea4c7-d4cd-4afa-a416-bbb8ebefe34b,2025-06-01T00:38:19.652612,2025-06-01T00:38:19.652612
9899052e-61a0-4410-bd89-08da12a98458,0:32:50,26.34,0.18,211ba499-d814-468e-aa1b-c19386da803c,2025-06-01T00:33:19.652612,2025-06-01T00:33:19.652612
f54a622b-604e-47c2-8d10-1a30a759d6ba,0:42:53,33.22,0.18,1f25e9e8-6495-45ae-9770-f152dba16582,2025-06-01T00:22:19.652612,2025-06-01T00:22:19.652612
0c81e4b8-bc4d-4338-b0bb-31f3edb74126,0:32:50,26.34,0.18,bfb25689-14f7-4d4c-9ab0-22f1b7c2ece5,2025-06-01T00:24:19.652612,2025-06-01T00:24:19.652612
ceea045d-4341-41ac-a199-5b2ff3efb45f,1:03:30,53.5,0.28,87f986b1-7d73-4432-8ef7-8c8af8710785,2025-06-01T00:19:19.652612,2025-06-01T00:19:19.652612
c7fba114-ca38-40d5-93dc-d580005b28f7,1:33:02,68.28,0.44,c8db3472-d99c-4518-9438-c7b78456ac5e,2025-06-01T00:41:19.652612,2025-06-01T00:41:19.652612
e3f6bd15-06cf-4255-86ab-14faab6e3707,1:09:27,57.25,0.26,8a8da460-8a01-41a1-a04e-38dd75dd3085,2025-06-01T00:33:19.652612,2025-06-01T00:33:19.652612
f2b1ce7a-263f-4e89-893e-4e4cacddbe5f,0:58:06,33.11,0.2,26358019-2575-4fa2-9887-6fb4f7774e47,2025-06-01T00:35:19.652612,2025-06-01T00:35:19.652612
2a3d17dd-4ef9-43b2-952a-cf8674b7a952,0:42:53,33.22,0.18,8c2e21f3-658c-4d23-9285-728d9d383e78,2025-06-01T00:20:19.652612,2025-06-01T00:20:19.652612
2747718c-e054-4bee-af28-dc7e604da320,1:03:30,53.5,0.28,d6389ad0-ce17-413c-a613-6e7f80c22557,2025-06-01T00:41:19.652612,2025-06-01T00:41:19.652612
a60c1a84-0d8b-400d-9c40-4b7e57e8fe2c,1:33:02,68.28,0.44,9bcb8be0-3847-4e5a-a231-089901f9e5c1,2025-06-01T00:40:19.652612,2025-06-01T00:40:19.652612
ed503470-88ae-4173-b100-bf6c9984559d,1:57:53,90.37,0.62,1d5c27b1-9adb-45ad-b89b-742e10afc1ab,2025-06-01T00:23:19.652612,2025-06-01T00:23:19.652612
8ab09230-fe5b-456d-b97b-16e3132d4899,0:42:53,33.22,0.18,300dba2f-9e12-463f-b380-aabd716ecd3b,2025-06-01T00:40:19.652612,2025-06-01T00:40:19.652612
1c835800-de11-4484-9b24-193d1b47dc22,0:58:06,33.11,0.2,1881e4cd-7c8d-4a25-a4eb-2574558dc79f,2025-06-01T00:32:19.652612,2025-06-01T00:32:19.652612
29453c5e-93ef-46ab-a182-ca5817722e43,2:06:10,80.37,0.4,a40d8039-d807-44a8-94de-e9bd1d8c7c68,2025-06-01T00:18:19.652612,2025-06-01T00:18:19.652612
88bc1246-0084-4e9e-a41b-6642c31477e3,1:49:09,78.94,0.52,00f2064c-8561-49fd-b999-160a360f3215,2025-06-01T00:32:19.652612,2025-06-01T00:32:19.652612
f3b847bf-e2f4-4f31-b872-81a65ac161f8,1:33:02,68.28,0.44,2ad8c2fd-4258-4dd1-aff6-9b3ebc320af0,2025-06-01T00:41:19.652612,2025-06-01T00:41:19.652612
44de81c8-c33d-4c9b-920e-726f0e89cf1d,1:09:27,57.25,0.26,61c01d60-89cc-4372-9151-fc7820a42a08,2025-06-01T00:31:19.652612,2025-06-01T00:31:19.652612
39bdab2c-eb48-4121-a9d6-a1cc86ea9852,0:32:50,26.34,0.18,1f25e9e8-6495-45ae-9770-f152dba16582,2025-06-01T00:27:19.652612,2025-06-01T00:27:19.652612
e75dd0a0-99b1-4a5e-a866-775232bcfe04,5:47:55,172.89,0.47,89aa59de-c742-4c9d-b70b-9d84775118ef,2025-06-01T00:32:19.652612,2025-06-01T00:32:19.652612
153381c1-0783-443a-b3d8-fb08b4d47744,1:57:53,90.37,0.62,dd2908f0-43ca-459f-9bd2-8c6791b97d77,2025-06-01T00:36:19.652612,2025-06-01T00:36:19.652612
d241beff-d832-47e4-9f39-ecef2293b197,5:47:55,172.89,0.47,668fd4b3-1234-44ff-9d09-70e9c1596871,2025-06-01T00:43:19.652612,2025-06-01T00:43:19.652612
d31438dc-61bb-4cb4-acd7-d589366037ff,1:09:27,57.25,0.26,4a3bdf88-e320-49f7-af29-07e528ac40fe,2025-06-01T00:24:19.652612,2025-06-01T00:24:19.652612
80d04b05-0ff1-4603-9ada-15b83eb0c317,1:04:04,29.79,0.18,8b14115f-904b-436a-bc8d-60a2276d3d70,2025-06-01T00:34:19.652612,2025-06-01T00:34:19.652612
a7d67110-1d52-470e-9f89-cd2c874c8ef2,1:49:09,78.94,0.52,342d1d68-52bd-4301-840e-40702f66d9b0,2025-06-01T00:33:19.652612,2025-06-01T00:33:19.652612
818a3e5f-2ae2-4af4-b5a5-09b3bb82cfea,1:04:04,29.79,0.18,8c2e21f3-658c-4d23-9285-728d9d383e78,2025-06-01T00:20:19.652612,2025-06-01T00:20:19.652612
1ca6b5c4-d425-448a-9dae-de0a005d8dde,0:42:53,33.22,0.18,37da15e5-d690-4c14-98e6-ae918f2266c0,2025-06-01T00:38:19.652612,2025-06-01T00:38:19.652612
344b95a3-834d-45af-b4ca-01660787b240,1:09:27,57.25,0.26,f8e77acc-0671-43f6-a97a-203d592f9d13,2025-06-01T00:42:19.652612,2025-06-01T00:42:19.652612
bab1f172-cada-4787-8a1f-c22322f341f9,1:03:30,53.5,0.28,df15a814-78a1-43bf-b533-361d16931f58,2025-06-01T00:42:19.652612,2025-06-01T00:42:19.652612
dc8bbed2-9fe4-4711-81d1-75db87f217af,1:33:02,68.28,0.44,60d7a539-4cba-4024-978f-1f385bbccd4d,2025-06-01T00:27:19.652612,2025-06-01T00:27:19.652612
ba1a3016-0f46-4466-b29b-d7dfd1a1d9b9,0:32:50,26.34,0.18,fd29009a-1ab9-48e6-953b-188f32ca2f12,2025-06-01T00:33:19.652612,2025-06-01T00:33:19.652612
c901c04b-1f00-43bd-bc7a-b05bd10c17c1,1:33:02,68.28,0.44,9bcb8be0-3847-4e5a-a231-089901f9e5c1,2025-06-01T00:39:19.652612,2025-06-01T00:39:19.652612
99718bb3-0ca3-4920-9f2e-72eddec4ba7b,2:06:10,80.37,0.4,e39b5846-e8cf-4d74-811a-04f5d5e9c89d,2025-06-01T00:25:19.652612,2025-06-01T00:25:19.652612
95eccb97-a669-44b2-a7f9-b7bae766046f,2:06:10,80.37,0.4,8d538381-f8e7-4966-9a7d-75a053b64e03,2025-06-01T00:31:19.652612,2025-06-01T00:31:19.652612
70841511-6d53-4d36-8f3c-ff3559079948,1:09:27,57.25,0.26,0baaebef-1d25-41c2-a54b-07bda16cd83c,2025-06-01T00:24:19.652612,2025-06-01T00:24:19.652612
84eebf76-a079-4b0c-97ff-b2c8f08f8316,1:57:53,90.37,0.62,1fca5c1c-cbb4-4814-ad2b-df104ce54956,2025-06-01T00:24:19.652612,2025-06-01T00:24:19.652612
f9878cd0-0860-4947-842d-be8296f6f561,1:33:02,68.28,0.44,98e6f282-ee6f-4552-b926-8bedc9277e14,2025-06-01T00:41:19.652612,2025-06-01T00:41:19.652612
63d6487c-fce0-486e-839c-b31da2a0b762,1:09:27,57.25,0.26,b6491079-787c-4e13-b909-2ab7303d55cc,2025-06-01T00:22:19.652612,2025-06-01T00:22:19.652612
d48c6afc-8b16-480c-9879-2e1a3accdede,1:03:30,53.5,0.28,9b6d1931-2d3a-45bd-8bec-40d3afd2f115,2025-06-01T00:20:19.652612,2025-06-01T00:20:19.652612
be2540c5-25de-409c-8ad8-b7adfeae4a6f,0:42:53,33.22,0.18,8f98c08f-06be-4d6c-9c4c-8bf0192d9985,2025-06-01T00:34:19.652612,2025-06-01T00:34:19.652612
f179bb0a-da3e-412f-b123-8d87c2fa085a,1:49:09,78.94,0.52,6f875374-0cb7-4c05-bd9b-21064ba0927d,2025-06-01T00:22:19.652612,2025-06-01T00:22:19.652612
4ee0973a-a9d7-47d3-8df1-36d934ddee3f,1:04:04,29.79,0.18,d26b78ad-d655-4788-8a57-6f55398dab7e,2025-06-01T00:23:19.652612,2025-06-01T00:23:19.652612
a773805a-fc5e-494b-a85b-85703d474e34,1:03:30,53.5,0.28,90c0cf86-bb80-420c-a271-5e34d6fdbb7e,2025-06-01T00:39:19.652612,2025-06-01T00:39:19.652612
41d62568-6684-486f-82e8-4235d3c5be96,1:33:02,68.28,0.44,ec25a13a-fac0-450d-9325-cfc945d2de04,2025-06-01T00:25:19.652612,2025-06-01T00:25:19.652612
65d1670e-0fb2-4120-8714-ad7b6d520c17,1:57:53,90.37,0.62,c87f54ff-704a-484f-aa8d-36b3309d6743,2025-06-01T00:28:19.652612,2025-06-01T00:28:19.652612
732d2ef1-4d15-4e0c-bb2b-c1df0850d3b8,0:42:53,33.22,0.18,64269380-ee4f-4d64-ba8d-dfc7f6b7bf44,2025-06-01T00:22:19.652612,2025-06-01T00:22:19.652612
35425fad-0114-4636-806b-858e12618bf2,1:49:09,78.94,0.52,ed69d931-8fca-4f34-815f-8e109f42c782,2025-06-01T00:33:19.652612,2025-06-01T00:33:19.652612
ccc106fe-b9a9-47e2-8b48-19bdfbaec17f,1:09:27,57.25,0.26,497349d1-0102-47bf-8a33-25c239530ea5,2025-06-01T00:35:19.652612,2025-06-01T00:35:19.652612
ca7165e0-856a-4fe5-84f9-508e0a06b519,1:49:09,78.94,0.52,645067ab-7f47-43d9-a1fb-2fc26e734a8a,2025-06-01T00:21:19.652612,2025-06-01T00:21:19.652612
670d6ea7-2fc7-4314-8b84-c1bff3ca8843,1:04:04,29.79,0.18,6fed4398-e805-4dfc-8af8-350ba1187ce7,2025-06-01T00:38:19.652612,2025-06-01T00:38:19.652612
ac5e20f6-3cd4-491d-81d3-61b88f30ef65,0:32:50,26.34,0.18,56c6189d-9412-4e39-9ea0-ec96463d5622,2025-06-01T00:31:19.652612,2025-06-01T00:31:19.652612
4fe7bfac-c2e2-455f-b071-cf1a0c0bc1db,0:42:53,33.22,0.18,c9ab4321-4ab1-4244-bbd8-f78dd68e16fa,2025-06-01T00:19:19.652612,2025-06-01T00:19:19.652612
d7cf2b84-3bc8-4bab-b432-8dc86c24fb13,0:58:06,33.11,0.2,55903055-7cfd-4b08-937c-71d02ab562c6,2025-06-01T00:31:19.652612,2025-06-01T00:31:19.652612
f1aad3f5-7ed2-4ccd-9ad6-08ef98e0fb3b,5:47:55,172.89,0.47,635e34cf-a03e-4725-8dd7-ecbcf1809c09,2025-06-01T00:30:19.652612,2025-06-01T00:30:19.652612
e0be204f-3d91-4293-ad32-9f4b89a2ead1,1:49:09,78.94,0.52,63de5fda-90c0-4c72-b0b2-a82e92e65117,2025-06-01T00:40:19.652612,2025-06-01T00:40:19.652612
ce16eb03-85b1-4ea1-b488-0ee96c35502f,2:06:10,80.37,0.4,176b87d7-0bf5-464c-9de4-4c795f0ef336,2025-06-01T00:33:19.652612,2025-06-01T00:33:19.652612
cbd63432-2a95-45cb-8e0f-88b822956418,1:09:27,57.25,0.26,b961b5f3-df31-4687-8da8-c4fd9f5c15f5,2025-06-01T00:42:19.652612,2025-06-01T00:42:19.652612
e61cfe6e-7642-450b-b2c3-678e5c9054e3,1:09:27,57.25,0.26,0843a809-9f88-4b65-88e0-c78db5c72b78,2025-06-01T00:36:19.652612,2025-06-01T00:36:19.652612
82ce7ad8-d1e3-4794-bf70-4687c1392d08,0:42:53,33.22,0.18,b6491079-787c-4e13-b909-2ab7303d55cc,2025-06-01T00:19:19.652612,2025-06-01T00:19:19.652612
01f1bedb-798a-4fc2-b49d-48562c936cbe,2:31:54,105.02,0.56,01a42953-dd6e-4aea-aa83-bb676a69cfb8,2025-06-01T00:23:19.652612,2025-06-01T00:23:19.652612
407bc77c-5db6-4b07-868e-0efd0de3c7ed,2:31:54,105.02,0.56,00f2064c-8561-49fd-b999-160a360f3215,2025-06-01T00:42:19.652612,2025-06-01T00:42:19.652612
0c1b0a11-2ea0-4c46-9b93-4150903b1ec3,0:32:50,26.34,0.18,113b42ff-eecb-4a56-b6c3-fd644ae5f3f5,2025-06-01T00:29:19.652612,2025-06-01T00:29:19.652612
88256106-dbc7-4780-badb-227de78b017c,0:58:06,33.11,0.2,f8083d2b-3f83-4840-af36-ce810673eea7,2025-06-01T00:21:19.652612,2025-06-01T00:21:19.652612
00146f3e-874f-4291-af9c-a1e754bfb1ce,1:57:53,90.37,0.62,c9bdb678-c5b2-4004-b813-68b4745942ca,2025-06-01T00:20:19.652612,2025-06-01T00:20:19.652612
55ffa72f-a939-4ea5-991e-87aa4cea1e44,1:33:02,68.28,0.44,d7c0d5a3-9e87-4ef7-a649-565a79d22fc1,2025-06-01T00:18:19.652612,2025-06-01T00:18:19.652612
ddcf9f0f-29c8-465d-9f5d-2fc1a478cec1,1:57:53,90.37,0.62,97324d1f-aa3b-4f3e-8119-87e005f7deba,2025-06-01T00:35:19.652612,2025-06-01T00:35:19.652612
385a1888-3243-432a-9f6c-724dc278c429,2:06:10,80.37,0.4,d5674a35-da4f-4590-996e-99e6736260d3,2025-06-01T00:36:19.652612,2025-06-01T00:36:19.652612
29ebba5c-1855-4caa-8afa-78a612a61616,0:32:50,26.34,0.18,98e6f282-ee6f-4552-b926-8bedc9277e14,2025-06-01T00:35:19.652612,2025-06-01T00:35:19.652612
8aa98a2f-8206-4903-9d4a-2aecc37c56e0,1:57:53,90.37,0.62,b75dc761-d43d-411a-8c59-eb6861403b40,2025-06-01T00:37:19.652612,2025-06-01T00:37:19.652612
c8a7e7af-07a6-4bf7-9c43-c721848fd6cc,2:06:10,80.37,0.4,37245c6f-e2e8-4fa8-9f99-f53143a4ee3d,2025-06-01T00:42:19.652612,2025-06-01T00:42:19.652612
3c27808d-e418-4f9f-aeb0-863dbff935fb,0:58:06,33.11,0.2,90c0cf86-bb80-420c-a271-5e34d6fdbb7e,2025-06-01T00:42:19.652612,2025-06-01T00:42:19.652612
078f391c-b916-4526-abde-1735355b4feb,1:04:04,29.79,0.18,2d21d2ea-6209-4462-bba2-6da5a7aa03d4,2025-06-01T00:38:19.652612,2025-06-01T00:38:19.652612
d6b8c1ea-443f-4567-b3af-110cdea923b5,1:09:27,57.25,0.26,af241b4e-fcc3-4c96-8119-8c4119ace35e,2025-06-01T00:29:19.652612,2025-06-01T00:29:19.652612
85116caa-5ced-487f-91f0-c4dab218a180,2:06:10,80.37,0.4,d30579d5-1f8a-4e65-b826-72b797b2492a,2025-06-01T00:25:19.652612,2025-06-01T00:25:19.652612
0e0a9b9d-8eed-4e24-9862-83f23abb3ea6,2:06:10,80.37,0.4,d96ab3b7-7e0e-4501-b44b-31c132a34bd3,2025-06-01T00:29:19.652612,2025-06-01T00:29:19.652612
d7753133-a49a-4fbe-8131-fcac3b7f747a,1:57:53,90.37,0.62,d71c9716-af16-48e3-a010-6d3d0f8ba63e,2025-06-01T00:33:19.652612,2025-06-01T00:33:19.652612
093a18fd-0f8e-443e-a02b-af1adec7c028,0:32:50,26.34,0.18,70d573f4-c60d-4f10-b1bf-06c473782203,2025-06-01T00:40:19.652612,2025-06-01T00:40:19.652612
61153fdc-090f-483e-9001-16a45b615cd5,1:49:09,78.94,0.52,37da15e5-d690-4c14-98e6-ae918f2266c0,2025-06-01T00:22:19.652612,2025-06-01T00:22:19.652612
9bb53105-d394-432b-ad59-14f568a03fa3,1:33:02,68.28,0.44,af7f1481-56f8-404d-9cc9-9c4127de250e,2025-06-01T00:43:19.652612,2025-06-01T00:43:19.652612
0835e514-a191-4540-88c0-9c4f43647c10,2:31:54,105.02,0.56,00f2064c-8561-49fd-b999-160a360f3215,2025-06-01T00:34:19.652612,2025-06-01T00:34:19.652612
c375c084-d646-48b6-85b3-b7c38884773a,0:58:06,33.11,0.2,5cdcecb1-1af7-4552-b8d4-2a41db2f8372,2025-06-01T00:38:19.652612,2025-06-01T00:38:19.652612
1689091f-747a-41c4-9edd-c21470634e93,1:49:09,78.94,0.52,3d12d450-ab72-4396-ae4d-7b4b48ed54aa,2025-06-01T00:28:19.652612,2025-06-01T00:28:19.652612
984e0385-c613-4fd7-afbf-4dcaff4b342d,1:09:27,57.25,0.26,c3cd6440-2169-4e9a-9ccc-62674641248e,2025-06-01T00:27:19.652612,2025-06-01T00:27:19.652612
17b6ad22-5394-4cd9-8e49-070dd8d1d598,1:33:02,68.28,0.44,e1cd2056-ddc1-4203-9d6d-911eee509c13,2025-06-01T00:28:19.652612,2025-06-01T00:28:19.652612
69d0524d-325a-4970-b397-ca1bd3d3476f,1:09:27,57.25,0.26,1afa0825-eae0-43c0-8b60-0473732076c8,2025-06-01T00:25:19.652612,2025-06-01T00:25:19.652612
ef13da35-e354-4db3-bde0-dc182d6fd23b,2:31:54,105.02,0.56,4425e250-3f5f-40c0-a45d-ef7b396b0ba2,2025-06-01T00:25:19.652612,2025-06-01T00:25:19.652612
9746fc2d-d807-4efc-bacd-ba818b14cdc7,1:57:53,90.37,0.62,2302ffd7-9fde-4272-a1f0-a03e5ad284e4,2025-06-01T00:40:19.652612,2025-06-01T00:40:19.652612
b89e3a73-6bad-4a83-9e8a-edd385f13cbc,1:04:04,29.79,0.18,76872232-7841-4abe-9266-f999a671a6f8,2025-06-01T00:41:19.652612,2025-06-01T00:41:19.652612
8a63428a-d7d0-4057-ad2f-5f1a62879215,1:49:09,78.94,0.52,6a74a7e0-9486-495f-a5bb-1cc7de4e769e,2025-06-01T00:24:19.652612,2025-06-01T00:24:19.652612
1fc050d0-1066-4fb4-bac1-93decef6c843,1:33:02,68.28,0.44,e1082cf1-0930-40d9-8249-a861364bdac4,2025-06-01T00:29:19.652612,2025-06-01T00:29:19.652612
1fbf9a60-11f4-4978-b9c5-f1eee9b619ee,1:09:27,57.25,0.26,c27d113d-959d-4496-a042-d71fa91c3239,2025-06-01T00:34:19.652612,2025-06-01T00:34:19.652612
1c8fde05-8b63-4f2b-bf48-f43a1469ea09,1:49:09,78.94,0.52,2c498ddd-fdf6-4406-8e82-b4572a205946,2025-06-01T00:32:19.652612,2025-06-01T00:32:19.652612
443890dc-f276-438a-abf3-d797fb6a5280,1:49:09,78.94,0.52,64269380-ee4f-4d64-ba8d-dfc7f6b7bf44,2025-06-01T00:39:19.652612,2025-06-01T00:39:19.652612
cc4782bf-4477-4c16-8021-6b9cd5e7d572,1:03:30,53.5,0.28,a9ecb8c3-40d0-4761-8773-93f5fa62ab9e,2025-06-01T00:41:19.652612,2025-06-01T00:41:19.652612
ae931eb1-565e-429a-9619-ff79a50e5740,0:32:50,26.34,0.18,4fd1d128-a869-428b-b219-bfbe0f301bee,2025-06-01T00:36:19.652612,2025-06-01T00:36:19.652612
080ccc1a-f003-4df0-9c0f-1a8943d20a55,5:47:55,172.89,0.47,3e9fd66d-02e4-48a1-807c-483ea7130da4,2025-06-01T00:32:19.652612,2025-06-01T00:32:19.652612
14ad53b7-5038-41d3-9f9c-ca699dbfbb9c,2:06:10,80.37,0.4,559ef05e-2601-4858-812b-370aae7b6714,2025-06-01T00:36:19.652612,2025-06-01T00:36:19.652612
198d50a8-9be2-4efa-853f-04330de26b43,0:42:53,33.22,0.18,6f81cdce-f444-48ad-bcc0-b987e28e38e8,2025-06-01T00:39:19.652612,2025-06-01T00:39:19.652612
5077aee0-8677-4134-97ea-4714bc4bce4a,1:09:27,57.25,0.26,bfb25689-14f7-4d4c-9ab0-22f1b7c2ece5,2025-06-01T00:29:19.652612,2025-06-01T00:29:19.652612
ae462b2c-ce8d-43d6-8126-27ddec471f8e,0:58:06,33.11,0.2,43dbdb80-f4a0-4b83-816e-1b268de94d65,2025-06-01T00:25:19.652612,2025-06-01T00:25:19.652612
d4c39fcd-6a11-4fca-a271-153d2a71a6ca,1:57:53,90.37,0.62,ec3320a9-69eb-480a-89cc-3ea03f271a1e,2025-06-01T00:27:19.652612,2025-06-01T00:27:19.652612
4a2eb317-4eb0-4078-8ec4-0d9bcfdb4495,1:49:09,78.94,0.52,0190be6c-bcc5-4c09-b46d-e3fc91706dfe,2025-06-01T00:33:19.652612,2025-06-01T00:33:19.652612
eeaba647-72de-44d3-9305-cf89582a02c6,2:31:54,105.02,0.56,f3d0c779-4304-43a1-bf18-71914c3b3c89,2025-06-01T00:43:19.652612,2025-06-01T00:43:19.652612
308f0d7a-2e3f-4d98-8396-00c56c45c213,1:57:53,90.37,0.62,c9bdb678-c5b2-4004-b813-68b4745942ca,2025-06-01T00:29:19.652612,2025-06-01T00:29:19.652612
637d17b1-fb78-475f-8028-6128ac9e346a,5:47:55,172.89,0.47,9cbb24cd-cecd-4a85-ae6b-d3bbee01570f,2025-06-01T00:39:19.652612,2025-06-01T00:39:19.652612
e8c7f2b1-0925-478c-89eb-13d9bde566ac,1:04:04,29.79,0.18,04a1bbe3-2a6f-4eb4-b969-edc86d0e31b3,2025-06-01T00:35:19.652612,2025-06-01T00:35:19.652612
0361afce-7f66-41d7-b09f-a331b3507057,2:31:54,105.02,0.56,cae72d84-2447-41d9-bd0f-c209c3d5c2be,2025-06-01T00:37:19.652612,2025-06-01T00:37:19.652612
164ce4c5-d761-4379-a783-6dd585a53237,1:09:27,57.25,0.26,04a1bbe3-2a6f-4eb4-b969-edc86d0e31b3,2025-06-01T00:40:19.652612,2025-06-01T00:40:19.652612
