id_producto,nombre_producto,peso_total,volumen_total,tipo_producto,fecha_creacion,fecha_actualizacion
dbe1772c-1a62-4fc9-8cb6-db1a9e6603a4,tempore,899.66,666.34,huevo,2025-06-05T00:08:19.671614,2025-06-05T00:08:19.671614
96542e09-357c-4618-8a39-71668dcafc29,maxime,886.87,14.69,huevo,2025-06-05T00:08:19.671614,2025-06-05T00:08:19.671614
526d29b0-229b-4e24-8b44-5790c8ac4b86,non,597.94,255.13,cerdo,2025-06-05T00:08:19.671614,2025-06-05T00:08:19.671614
52ddc798-bdc7-44e0-86dc-6048d8c9e95d,quam,691.54,698.31,huevo,2025-06-05T00:08:19.671614,2025-06-05T00:08:19.671614
9c497a7c-67fa-4035-b30b-0e7419ee4ade,quidem,519.55,425.97,pavo,2025-06-05T00:08:19.671614,2025-06-05T00:08:19.671614
4fb90baa-4cec-442d-92e7-c57f4c5b9522,architecto,461.65,500.61,embutido,2025-06-05T00:08:19.671614,2025-06-05T00:08:19.671614
fee0a563-1189-472f-bb08-74f5363d492b,qui,37.9,737.73,embutido,2025-06-05T00:08:19.671614,2025-06-05T00:08:19.671614
9f02c9f8-7b17-4386-bfce-db64b9f7d2cb,modi,129.41,395.11,pavo,2025-06-05T00:08:19.671614,2025-06-05T00:08:19.671614
e493f89c-26a7-4b82-8f3a-681f92b5d14f,blanditiis,480.68,754.43,pollo,2025-06-05T00:08:19.671614,2025-06-05T00:08:19.671614
5df5bf06-8294-460f-954c-7b4f4cbbaa02,quos,270.47,185.49,cerdo,2025-06-05T00:08:19.671614,2025-06-05T00:08:19.671614
4cbb4b26-72d0-4537-9d8b-96b096aba6ba,consequuntur,42.27,672.58,huevo,2025-06-05T00:08:19.671614,2025-06-05T00:08:19.671614
3f0bb671-2792-4263-9f2c-b1400f9fc266,enim,497.31,673.68,pavo,2025-06-05T00:08:19.671614,2025-06-05T00:08:19.671614
6bb08d14-2857-4f11-99e5-8de7aef62872,eius,937.93,440.02,pollo,2025-06-05T00:08:19.671614,2025-06-05T00:08:19.671614
eeae8f24-2d98-40bb-b1f7-7ef73b4784ed,voluptas,143.53,309.39,huevo,2025-06-05T00:08:19.671614,2025-06-05T00:08:19.671614
7727dccc-93f4-4fc6-8a12-22fd74f6b7a3,debitis,459.1,258.0,cerdo,2025-06-05T00:08:19.671614,2025-06-05T00:08:19.671614
a646119c-e266-47f0-9ed5-d06cb41a7973,facilis,935.13,438.07,pavo,2025-06-05T00:08:19.671614,2025-06-05T00:08:19.671614
e5a79bda-aeae-4f91-91bf-52bf0c2c61e3,rerum,261.12,918.45,embutido,2025-06-05T00:08:19.671614,2025-06-05T00:08:19.671614
7086bf17-2078-4393-9055-964bc400a7b1,ratione,334.35,288.44,pavo,2025-06-05T00:08:19.671614,2025-06-05T00:08:19.671614
e14e8c00-c562-4e2f-84ee-6de206b68d4d,aspernatur,199.26,862.59,huevo,2025-06-05T00:08:19.671614,2025-06-05T00:08:19.671614
a8f5bb13-7f39-4486-a2ac-a2bde77e0c68,vel,359.16,836.81,pollo,2025-06-05T00:08:19.671614,2025-06-05T00:08:19.671614
1fafaf21-9ac5-40bb-8ded-4d685b80fc22,ipsa,1.61,833.8,pavo,2025-06-05T00:08:19.671614,2025-06-05T00:08:19.671614
bc49915b-e3e7-457b-ac48-28bc99048359,facere,371.01,732.16,pavo,2025-06-05T00:08:19.671614,2025-06-05T00:08:19.671614
45a06bd5-c906-4144-95ee-414738c303b7,velit,878.16,982.71,pollo,2025-06-05T00:08:19.671614,2025-06-05T00:08:19.671614
b3a6a95c-a5fa-4065-a338-8f2738745cd4,ipsam,901.97,317.74,huevo,2025-06-05T00:08:19.671614,2025-06-05T00:08:19.671614
760e3aa8-2e0d-43be-abc9-51ddfd0f88db,esse,884.16,413.04,pavo,2025-06-05T00:08:19.671614,2025-06-05T00:08:19.671614
4f46dc87-584a-4a62-acaa-8f7d5bc05751,dolorum,348.99,204.22,cerdo,2025-06-05T00:08:19.671614,2025-06-05T00:08:19.671614
cc11f1fe-b902-4349-8235-681b339022d7,expedita,857.09,972.83,pavo,2025-06-05T00:08:19.671614,2025-06-05T00:08:19.671614
af71dddf-052b-4d4c-a633-54cd299f79bf,optio,809.24,39.96,cerdo,2025-06-05T00:08:19.671614,2025-06-05T00:08:19.671614
bebf9560-f02f-4729-b4f4-39cc9264e498,nam,529.1,200.52,cerdo,2025-06-05T00:08:19.671614,2025-06-05T00:08:19.671614
0c9ab575-6f5b-41ac-8dc9-3ba48366ebb3,saepe,836.61,716.01,cerdo,2025-06-05T00:08:19.671614,2025-06-05T00:08:19.671614
b5a0bec6-914b-4e3f-8312-bedfbc68b5f8,animi,636.17,55.16,pavo,2025-06-05T00:08:19.671614,2025-06-05T00:08:19.671614
bb3c8e67-57a1-4423-add9-9a98e476ce1c,numquam,512.06,220.15,pollo,2025-06-05T00:08:19.671614,2025-06-05T00:08:19.671614
8aa6b887-8c35-45b7-b2a0-170635e4ef28,officiis,302.41,52.72,pollo,2025-06-05T00:08:19.671614,2025-06-05T00:08:19.671614
4a1c627e-1f61-4890-88ab-4c459d08f7dd,totam,336.72,133.82,pollo,2025-06-05T00:08:19.671614,2025-06-05T00:08:19.671614
a7e7568b-bab1-4c0d-acf3-d12bef80b2a0,quam,872.95,923.14,huevo,2025-06-05T00:08:19.671614,2025-06-05T00:08:19.671614
f406d51d-7361-4f79-b3cd-3fc8a15d18e1,aliquid,632.45,206.58,cerdo,2025-06-05T00:08:19.671614,2025-06-05T00:08:19.671614
339a1db5-40b2-4cb0-a91c-e73d17dd57c7,vitae,170.83,224.38,pollo,2025-06-05T00:08:19.671614,2025-06-05T00:08:19.671614
2e7c6ec6-ddcb-4cde-a8fd-062fc1aaa58e,voluptas,123.95,421.22,embutido,2025-06-05T00:08:19.671614,2025-06-05T00:08:19.671614
a1b20087-f213-466a-91c2-2128493f3fe8,magnam,825.0,230.13,embutido,2025-06-05T00:08:19.671614,2025-06-05T00:08:19.671614
68ba5c5d-87b6-4f9b-acf6-a96d8070e75a,incidunt,654.93,439.07,pollo,2025-06-05T00:08:19.671614,2025-06-05T00:08:19.671614
b51e740d-6b0c-4949-87e2-a3abdcfe490d,totam,36.11,768.27,pavo,2025-06-05T00:08:19.671614,2025-06-05T00:08:19.671614
5bebea3f-d385-466e-9c2d-c02af895986d,qui,909.7,31.45,embutido,2025-06-05T00:08:19.671614,2025-06-05T00:08:19.671614
92362d5c-5304-4eb0-b42c-fcf5bb000ff8,aperiam,747.76,67.93,pavo,2025-06-05T00:08:19.671614,2025-06-05T00:08:19.671614
3c231135-7305-4efe-8701-d2f70fd1aa1b,cupiditate,740.94,501.86,huevo,2025-06-05T00:08:19.671614,2025-06-05T00:08:19.671614
9d8cd1a9-ad07-4a90-a17c-c78cf1b8bfe1,velit,843.15,703.04,pavo,2025-06-05T00:08:19.671614,2025-06-05T00:08:19.671614
26ee55cc-0066-47f4-bedc-59d14e5c3ddd,error,345.4,176.66,pavo,2025-06-05T00:08:19.671614,2025-06-05T00:08:19.671614
8453cec9-7ea4-489f-b4d9-0677ceb86f9b,officiis,803.18,491.15,pollo,2025-06-05T00:08:19.671614,2025-06-05T00:08:19.671614
c570eb3a-b969-4535-9c45-eea9e149f725,delectus,562.21,636.84,huevo,2025-06-05T00:08:19.671614,2025-06-05T00:08:19.671614
6cfc7fb2-6ff8-4793-8b51-440ef010fe52,aspernatur,243.25,286.26,cerdo,2025-06-05T00:08:19.671614,2025-06-05T00:08:19.671614
6b0fb3aa-8d49-49a8-818d-c7aa6e3e7265,quam,205.17,458.5,cerdo,2025-06-05T00:08:19.671614,2025-06-05T00:08:19.671614
848ab4e5-89d1-4f91-9954-719d0706bc66,consequuntur,203.95,815.41,pollo,2025-06-05T00:08:19.671614,2025-06-05T00:08:19.671614
3aa6f2ba-4798-452e-bbe8-4313f9aa9b90,mollitia,414.66,888.7,pollo,2025-06-05T00:08:19.672613,2025-06-05T00:08:19.672613
1d92a6d1-8d69-4a02-8c51-2ee692d8f09a,est,851.53,747.47,embutido,2025-06-05T00:08:19.672613,2025-06-05T00:08:19.672613
d6f351d3-2975-456a-9a33-db3ba3f5f416,vitae,798.33,454.12,pavo,2025-06-05T00:08:19.672613,2025-06-05T00:08:19.672613
68dc568d-a5fb-44ed-b40d-4da8b0972ed1,impedit,886.41,866.85,pollo,2025-06-05T00:08:19.672613,2025-06-05T00:08:19.672613
a83f9c4b-8653-4023-b333-f0571654ff7c,qui,757.17,242.98,pollo,2025-06-05T00:08:19.672613,2025-06-05T00:08:19.672613
ff6d0a76-3d09-4681-92f1-f7602f5a8c5d,nulla,528.52,977.51,cerdo,2025-06-05T00:08:19.672613,2025-06-05T00:08:19.672613
923ec97c-93da-4b07-be55-31aff3c84e40,provident,61.08,227.5,pollo,2025-06-05T00:08:19.672613,2025-06-05T00:08:19.672613
d8e02563-386c-4eb8-a9df-b639640e9149,impedit,787.13,647.89,cerdo,2025-06-05T00:08:19.672613,2025-06-05T00:08:19.672613
27966516-13cf-4e46-9132-75d350b94842,accusantium,573.37,293.3,cerdo,2025-06-05T00:08:19.672613,2025-06-05T00:08:19.672613
c2a18ceb-6dda-41fd-a9f9-b341fe7b3cf6,distinctio,329.74,170.16,embutido,2025-06-05T00:08:19.672613,2025-06-05T00:08:19.672613
f71bc9b7-e3f7-4a8d-930f-1dba5fd9f6c8,dolor,21.05,625.01,pavo,2025-06-05T00:08:19.672613,2025-06-05T00:08:19.672613
7378f869-a154-4d61-bfe9-854a02363d12,quisquam,405.3,47.29,huevo,2025-06-05T00:08:19.672613,2025-06-05T00:08:19.672613
908a1c64-665a-420c-bb4a-cd44182172c6,sit,74.56,53.56,pavo,2025-06-05T00:08:19.672613,2025-06-05T00:08:19.672613
d964b94b-46ee-49e7-98ad-dfeb2f6df0ce,unde,150.85,629.72,huevo,2025-06-05T00:08:19.672613,2025-06-05T00:08:19.672613
2b00adb3-04c8-4c4f-9093-05452689e65a,necessitatibus,379.96,123.11,cerdo,2025-06-05T00:08:19.672613,2025-06-05T00:08:19.672613
4c694ad9-bb20-4d7f-b9f7-316f2d8195d8,ipsa,924.15,433.01,cerdo,2025-06-05T00:08:19.672613,2025-06-05T00:08:19.672613
f7e829eb-63fb-4e8d-99fd-405ad0dcb538,tenetur,467.81,203.01,huevo,2025-06-05T00:08:19.672613,2025-06-05T00:08:19.672613
5015dfcb-1d2f-473b-9e44-6e690e9db9d3,vel,667.66,293.17,cerdo,2025-06-05T00:08:19.672613,2025-06-05T00:08:19.672613
69e2ab8d-eaea-4435-a28b-f3dd99208ffc,minus,821.47,647.85,pavo,2025-06-05T00:08:19.672613,2025-06-05T00:08:19.672613
7fba4119-939d-44fc-a81e-5bb91ed0d833,laudantium,221.62,859.49,huevo,2025-06-05T00:08:19.672613,2025-06-05T00:08:19.672613
86a0f770-672f-4bbf-acf4-c3501b41bd92,quae,248.45,267.21,huevo,2025-06-05T00:08:19.672613,2025-06-05T00:08:19.672613
4423af6a-557b-4dca-99fc-68e680978f02,eos,382.4,239.26,embutido,2025-06-05T00:08:19.672613,2025-06-05T00:08:19.672613
ff352cd8-f780-4a9f-9014-8737d185b35c,cum,741.09,601.73,huevo,2025-06-05T00:08:19.672613,2025-06-05T00:08:19.672613
fab793b5-2a52-4d3a-95bf-986a4250b173,ea,443.18,301.9,huevo,2025-06-05T00:08:19.672613,2025-06-05T00:08:19.672613
6368a977-adc0-4dba-89f1-299aafee7a59,natus,960.01,914.4,pavo,2025-06-05T00:08:19.672613,2025-06-05T00:08:19.672613
09b16ae6-efc4-4f99-af5e-86b1e6f85944,omnis,401.31,277.44,pavo,2025-06-05T00:08:19.672613,2025-06-05T00:08:19.672613
fde6541e-6f0e-42cc-9846-5f5bef7ac850,modi,573.93,678.89,embutido,2025-06-05T00:08:19.672613,2025-06-05T00:08:19.672613
68a7569b-2eac-411c-9c3b-33c44b92bada,molestiae,991.76,57.14,cerdo,2025-06-05T00:08:19.672613,2025-06-05T00:08:19.672613
47619803-7c76-40d1-82db-08e13e0265f9,fugiat,855.42,382.48,cerdo,2025-06-05T00:08:19.672613,2025-06-05T00:08:19.672613
91e6198f-6c42-4f8d-abf6-414dbf990f62,mollitia,787.39,666.07,pollo,2025-06-05T00:08:19.672613,2025-06-05T00:08:19.672613
c76074a4-1a2a-46b6-9636-c506e969324a,neque,881.94,198.2,pollo,2025-06-05T00:08:19.672613,2025-06-05T00:08:19.672613
e32a5d47-7ac5-4433-9127-2b8249b8db23,dolorem,357.74,790.52,pavo,2025-06-05T00:08:19.672613,2025-06-05T00:08:19.672613
ee716ab4-270c-4fe0-bf02-3921e85116a8,sapiente,881.8,929.5,huevo,2025-06-05T00:08:19.672613,2025-06-05T00:08:19.672613
16992232-a56b-4f04-a1a5-fb144a6ff767,tenetur,192.15,738.14,pollo,2025-06-05T00:08:19.672613,2025-06-05T00:08:19.672613
8c12ef51-d46c-4488-b9db-4eb898f0f8cd,ducimus,843.69,846.0,huevo,2025-06-05T00:08:19.672613,2025-06-05T00:08:19.672613
d130c1e3-bc12-446c-b8fc-e38985adddb2,minima,254.13,612.79,cerdo,2025-06-05T00:08:19.672613,2025-06-05T00:08:19.672613
18a33a98-cf77-45a5-a1a3-99c893b97869,nisi,389.24,794.5,pollo,2025-06-05T00:08:19.672613,2025-06-05T00:08:19.672613
38081e00-7412-41be-b945-22a4bf65644a,possimus,276.04,973.14,pavo,2025-06-05T00:08:19.672613,2025-06-05T00:08:19.672613
57a5f0ce-f344-42c7-a9b7-f7d76ca66458,vel,930.28,665.71,pavo,2025-06-05T00:08:19.672613,2025-06-05T00:08:19.672613
119fc301-2a5a-4d3f-822b-7bed58d6c833,libero,429.1,720.73,pavo,2025-06-05T00:08:19.672613,2025-06-05T00:08:19.672613
1f62684e-7bdb-41a2-8ffb-74a66582d5b2,molestias,407.67,549.67,huevo,2025-06-05T00:08:19.672613,2025-06-05T00:08:19.672613
bc6c8dd9-6ae1-463c-8764-c3f43b31649b,earum,642.96,250.16,pollo,2025-06-05T00:08:19.672613,2025-06-05T00:08:19.672613
9cbf8fde-a611-49b8-8ee6-b869ab7fec97,expedita,749.72,531.68,embutido,2025-06-05T00:08:19.672613,2025-06-05T00:08:19.672613
5041f246-3c11-4aa7-87ef-11a02a4171bc,dignissimos,372.54,418.33,cerdo,2025-06-05T00:08:19.672613,2025-06-05T00:08:19.672613
85275092-e05b-48eb-9e72-c121081d6093,eius,766.22,527.81,huevo,2025-06-05T00:08:19.672613,2025-06-05T00:08:19.672613
635054de-6f67-4cdd-a753-7db280aef1a3,nam,279.3,694.37,cerdo,2025-06-05T00:08:19.672613,2025-06-05T00:08:19.672613
23e1b407-2395-4423-97a8-8b145a4d45b4,voluptate,212.81,822.18,huevo,2025-06-05T00:08:19.672613,2025-06-05T00:08:19.672613
1c8b4141-670a-47d5-8a3c-cd2b07e72f53,necessitatibus,737.56,219.05,cerdo,2025-06-05T00:08:19.672613,2025-06-05T00:08:19.672613
2affb917-5c5e-463e-8e6b-23f798feb9c8,sequi,222.03,738.87,embutido,2025-06-05T00:08:19.672613,2025-06-05T00:08:19.672613
c4ca301a-642f-48c9-9222-f822ae336b0a,tenetur,905.96,414.49,embutido,2025-06-05T00:08:19.672613,2025-06-05T00:08:19.672613
6d8fb8ed-cf48-4619-a4d9-422b8ba04ed6,deserunt,628.82,748.92,pollo,2025-06-05T00:08:19.672613,2025-06-05T00:08:19.672613
3bd287b8-4b90-4d6d-8100-5545e32d1bcb,dolores,661.58,436.29,embutido,2025-06-05T00:08:19.672613,2025-06-05T00:08:19.672613
dd7a1486-5741-4371-b317-5eaf09e5d3fb,provident,776.8,438.72,huevo,2025-06-05T00:08:19.672613,2025-06-05T00:08:19.672613
7177911d-1af6-4211-9432-9ef4dd3e7c37,magni,739.26,211.63,cerdo,2025-06-05T00:08:19.672613,2025-06-05T00:08:19.672613
54210457-3fb5-431a-a96a-3544b96ef05d,saepe,511.99,6.25,embutido,2025-06-05T00:08:19.672613,2025-06-05T00:08:19.672613
41215de6-c8c9-4127-8310-0ae87e0f3def,non,917.23,217.72,pavo,2025-06-05T00:08:19.672613,2025-06-05T00:08:19.672613
1f4733d2-ad20-4ee4-a5ce-43da62e22022,neque,971.72,189.63,pollo,2025-06-05T00:08:19.672613,2025-06-05T00:08:19.672613
ae8ca864-7b8e-4e27-af3a-0e7591a8730f,ipsam,179.5,677.22,pavo,2025-06-05T00:08:19.672613,2025-06-05T00:08:19.672613
9652771e-cb41-4397-8caa-8da624d37502,error,440.91,895.71,pollo,2025-06-05T00:08:19.672613,2025-06-05T00:08:19.672613
ff2638e7-9ee2-4e19-937f-d3099c9ceff4,repellendus,150.25,646.15,pollo,2025-06-05T00:08:19.672613,2025-06-05T00:08:19.672613
250adbaf-e0ff-41d5-9ecd-c5bbc175c187,officia,61.25,502.48,huevo,2025-06-05T00:08:19.672613,2025-06-05T00:08:19.672613
731ca569-14bf-4a70-975b-f8507a5fac81,dolorem,596.36,895.01,pavo,2025-06-05T00:08:19.672613,2025-06-05T00:08:19.672613
966dfff1-2ee1-432b-a5da-d538516de5d1,perferendis,416.56,415.51,pollo,2025-06-05T00:08:19.672613,2025-06-05T00:08:19.672613
2fa06b4f-73db-41b5-a7ae-15ea2c1d4cf6,quidem,140.12,339.07,pollo,2025-06-05T00:08:19.672613,2025-06-05T00:08:19.672613
ddc27016-16e7-4dfc-bc71-53298b382e5c,aliquam,599.27,744.84,pavo,2025-06-05T00:08:19.672613,2025-06-05T00:08:19.672613
751f69e7-4db8-4f66-8d57-7db19163f63f,perferendis,792.1,472.33,cerdo,2025-06-05T00:08:19.672613,2025-06-05T00:08:19.672613
eca9caee-659d-4210-b542-7a920cdc5b34,explicabo,323.57,366.21,pollo,2025-06-05T00:08:19.672613,2025-06-05T00:08:19.672613
67647182-a79f-49bd-95fc-2c53ae8485a9,facilis,736.38,559.58,pollo,2025-06-05T00:08:19.672613,2025-06-05T00:08:19.672613
53af88de-b49f-4cf6-a381-3c1a6fd0edd8,dolores,418.69,809.77,huevo,2025-06-05T00:08:19.672613,2025-06-05T00:08:19.672613
584f3118-e966-4a2b-a5de-9993dcd4d36b,tempora,163.7,873.49,pollo,2025-06-05T00:08:19.672613,2025-06-05T00:08:19.672613
cd117a17-261b-411b-a710-4ab43a6cb9fa,ratione,270.59,112.44,embutido,2025-06-05T00:08:19.672613,2025-06-05T00:08:19.673613
388bd6b2-280e-435b-9d26-587a1cb596fe,commodi,621.63,801.13,pollo,2025-06-05T00:08:19.673613,2025-06-05T00:08:19.673613
294c7455-38c1-4965-a3ec-4e16082413f3,excepturi,241.96,363.58,pollo,2025-06-05T00:08:19.673613,2025-06-05T00:08:19.673613
8945ecdc-cabe-42d9-890d-ead381956bee,atque,611.23,690.46,cerdo,2025-06-05T00:08:19.673613,2025-06-05T00:08:19.673613
59893445-d0af-40cf-b30a-6deafa09829f,asperiores,574.7,622.77,huevo,2025-06-05T00:08:19.673613,2025-06-05T00:08:19.673613
82c80222-5cef-4a18-aebd-d35f3e354714,esse,959.96,479.67,embutido,2025-06-05T00:08:19.673613,2025-06-05T00:08:19.673613
50624315-fa69-4149-91dc-672a8cb1bd7e,quae,842.65,302.98,pollo,2025-06-05T00:08:19.673613,2025-06-05T00:08:19.673613
29ef2f51-0d00-4e8e-bd5b-f6db4f873097,voluptates,968.9,494.9,cerdo,2025-06-05T00:08:19.673613,2025-06-05T00:08:19.673613
afeaa27e-3f86-4d8f-89a6-727aac6c7475,inventore,487.64,390.77,huevo,2025-06-05T00:08:19.673613,2025-06-05T00:08:19.673613
cfff6801-cbe4-4c3a-923e-297543bf525a,ab,797.42,135.37,pollo,2025-06-05T00:08:19.673613,2025-06-05T00:08:19.673613
c334eedb-0911-4e5f-b0e0-bf56e70c7e9a,placeat,625.72,247.58,cerdo,2025-06-05T00:08:19.673613,2025-06-05T00:08:19.673613
eb5aefdf-cc00-435d-b54e-51521da87782,officia,78.46,347.18,cerdo,2025-06-05T00:08:19.673613,2025-06-05T00:08:19.673613
5059d397-ab5d-49e2-a1b3-761b0cd5a310,inventore,722.44,949.44,cerdo,2025-06-05T00:08:19.673613,2025-06-05T00:08:19.673613
f8282a6f-3d8c-4317-8c52-2318237ffbdf,quaerat,575.13,40.7,embutido,2025-06-05T00:08:19.673613,2025-06-05T00:08:19.673613
8d3ac42e-e24e-4cab-90ec-522a2a82066a,magnam,40.46,12.23,huevo,2025-06-05T00:08:19.673613,2025-06-05T00:08:19.673613
b8eb828c-43b0-443f-8169-bcdbc4dde857,tempora,88.44,993.46,cerdo,2025-06-05T00:08:19.673613,2025-06-05T00:08:19.673613
99624ac1-9da0-4619-a5ae-99c97eeeb95c,beatae,200.34,14.13,huevo,2025-06-05T00:08:19.673613,2025-06-05T00:08:19.673613
53fe37c4-5089-4935-91c7-5001841fa2d3,molestias,474.69,405.96,huevo,2025-06-05T00:08:19.673613,2025-06-05T00:08:19.673613
17f3d861-e008-465c-8060-6bfbd49f49b1,iste,931.17,164.97,cerdo,2025-06-05T00:08:19.673613,2025-06-05T00:08:19.673613
ddebf0cf-4f53-4630-aa8c-74005771c8d8,numquam,839.05,441.97,huevo,2025-06-05T00:08:19.673613,2025-06-05T00:08:19.673613
e1d68484-0690-4135-b4f1-60a899d917ee,occaecati,277.14,866.27,cerdo,2025-06-05T00:08:19.673613,2025-06-05T00:08:19.673613
33d8f314-5847-4e47-a6cd-8d62dfe8601a,repudiandae,277.4,274.79,embutido,2025-06-05T00:08:19.673613,2025-06-05T00:08:19.673613
2f213adc-9df9-48f4-b6cc-2d4ecf9c255f,quasi,317.29,25.33,pavo,2025-06-05T00:08:19.673613,2025-06-05T00:08:19.673613
9d791a41-8de6-4b7a-959e-a854d48eae0b,id,959.2,885.95,huevo,2025-06-05T00:08:19.673613,2025-06-05T00:08:19.673613
3970cccf-887d-4d59-b07e-2ca7f2c0668f,repudiandae,881.35,38.66,cerdo,2025-06-05T00:08:19.673613,2025-06-05T00:08:19.673613
191079e0-f9ec-4385-9641-c2ed3f5dc410,provident,860.28,118.34,pollo,2025-06-05T00:08:19.673613,2025-06-05T00:08:19.673613
7ad63eaa-1720-47a9-94a5-175af14d3a13,maiores,194.2,908.54,huevo,2025-06-05T00:08:19.673613,2025-06-05T00:08:19.673613
e52001bb-843a-4ea8-a007-fb3e2b8269e8,enim,407.31,579.05,pollo,2025-06-05T00:08:19.673613,2025-06-05T00:08:19.673613
c013ab6a-5957-4f53-b50f-6e83eff9650a,aperiam,585.28,13.09,huevo,2025-06-05T00:08:19.673613,2025-06-05T00:08:19.673613
3b71db4d-c7ee-4a5b-8915-7a1ae628d60d,molestiae,139.87,206.26,embutido,2025-06-05T00:08:19.673613,2025-06-05T00:08:19.673613
6cc02d63-48bd-472f-b3e2-b0b88fd5ac9b,ut,520.76,477.51,cerdo,2025-06-05T00:08:19.673613,2025-06-05T00:08:19.673613
f2c10473-d88e-460a-9943-9cb4a34e0386,id,8.3,43.97,pollo,2025-06-05T00:08:19.673613,2025-06-05T00:08:19.673613
eb01b3cb-e432-41f6-ac36-5804629af9c8,quas,67.71,569.71,embutido,2025-06-05T00:08:19.673613,2025-06-05T00:08:19.673613
c7f8a0db-362c-4fb0-b47d-0ff44455a1bc,tenetur,525.84,315.07,cerdo,2025-06-05T00:08:19.673613,2025-06-05T00:08:19.673613
9ba6c4b6-bbce-48b9-a504-0e61c6041326,ab,542.15,61.12,huevo,2025-06-05T00:08:19.673613,2025-06-05T00:08:19.673613
a1e204cd-269a-49e7-be77-fc9d264908ec,nostrum,622.23,823.03,cerdo,2025-06-05T00:08:19.673613,2025-06-05T00:08:19.673613
60b055b1-abd5-4246-9e4b-ca8f7d8ee86b,libero,675.99,747.88,pollo,2025-06-05T00:08:19.673613,2025-06-05T00:08:19.673613
a965a0ca-cdf5-482b-bbf5-ecaec22c8dbe,temporibus,100.06,991.4,pollo,2025-06-05T00:08:19.673613,2025-06-05T00:08:19.673613
dd11ab85-f565-4be0-91eb-5d8c09daa082,perferendis,566.12,266.4,huevo,2025-06-05T00:08:19.673613,2025-06-05T00:08:19.673613
abe4f5d0-0e31-455e-bb91-74f4ac1622b6,animi,427.73,544.61,embutido,2025-06-05T00:08:19.673613,2025-06-05T00:08:19.673613
0777fe46-2efa-4e45-b421-26626feb6b5f,omnis,52.22,765.94,cerdo,2025-06-05T00:08:19.673613,2025-06-05T00:08:19.673613
fa90458c-135e-454c-8096-46d37ac7ce7b,vel,546.97,939.8,cerdo,2025-06-05T00:08:19.673613,2025-06-05T00:08:19.673613
f9ef6b6c-240a-4f0b-935c-23329171a67b,quaerat,921.44,340.15,huevo,2025-06-05T00:08:19.673613,2025-06-05T00:08:19.673613
ff5e60de-45f9-4926-9074-2fa20c08f974,nobis,826.37,556.42,cerdo,2025-06-05T00:08:19.673613,2025-06-05T00:08:19.673613
8bce0118-9ca3-4d01-b703-adbf6f1c92cc,est,449.45,146.68,pavo,2025-06-05T00:08:19.673613,2025-06-05T00:08:19.673613
e7277dbe-487c-4e53-8ce1-67a724c28511,tempore,175.75,713.77,cerdo,2025-06-05T00:08:19.673613,2025-06-05T00:08:19.673613
4145a79d-0ff3-4962-b325-ab7894ce6482,ipsum,738.77,509.18,embutido,2025-06-05T00:08:19.673613,2025-06-05T00:08:19.673613
0faa6497-1eab-483b-b158-6c0887c1ec52,maiores,134.65,601.7,pavo,2025-06-05T00:08:19.673613,2025-06-05T00:08:19.673613
e5ed7890-d643-40b9-ba71-d8ec5999a1df,quod,20.39,43.5,embutido,2025-06-05T00:08:19.673613,2025-06-05T00:08:19.673613
b82d1a4e-2b61-4564-abcb-b809d34fb3d7,ipsa,664.33,261.78,cerdo,2025-06-05T00:08:19.673613,2025-06-05T00:08:19.673613
7fd75111-7190-429f-ad26-6ae6d055436b,sint,21.89,16.38,pavo,2025-06-05T00:08:19.673613,2025-06-05T00:08:19.673613
3d2e44c5-d672-4a65-b9d1-979d0f17ee9a,dolores,586.11,630.07,embutido,2025-06-05T00:08:19.673613,2025-06-05T00:08:19.673613
c3f16d1e-62ce-45b7-a05c-feb78844174b,nisi,650.55,394.93,huevo,2025-06-05T00:08:19.673613,2025-06-05T00:08:19.673613
7859bb44-2440-460e-b912-30d894c53288,cumque,342.43,456.45,pollo,2025-06-05T00:08:19.673613,2025-06-05T00:08:19.673613
0791a54f-1d70-46eb-9826-4209313c19aa,repellendus,181.41,449.68,huevo,2025-06-05T00:08:19.673613,2025-06-05T00:08:19.673613
efcb8f8e-e1d1-4b43-a920-5977f343f5e8,quidem,476.19,493.16,pollo,2025-06-05T00:08:19.673613,2025-06-05T00:08:19.673613
2ea0d5a1-b3f1-4180-babf-0a071329e98d,molestias,233.51,805.38,cerdo,2025-06-05T00:08:19.673613,2025-06-05T00:08:19.673613
6dfb70ba-61d5-4bce-8b9a-b316f8b1b322,exercitationem,260.41,582.2,embutido,2025-06-05T00:08:19.673613,2025-06-05T00:08:19.673613
ce23e724-5118-42d5-b8a9-767456c221db,numquam,256.92,488.49,pollo,2025-06-05T00:08:19.673613,2025-06-05T00:08:19.673613
f7d803a7-e97a-4952-91b4-69ee350d570b,autem,520.48,630.76,cerdo,2025-06-05T00:08:19.673613,2025-06-05T00:08:19.673613
91bd9d1b-f78f-4361-ade9-c9e28e8eb0e0,natus,55.59,934.01,embutido,2025-06-05T00:08:19.673613,2025-06-05T00:08:19.673613
79f02e91-02e6-4265-b6b7-5f62615b0776,aperiam,27.36,370.12,cerdo,2025-06-05T00:08:19.673613,2025-06-05T00:08:19.673613
d343ca4b-5f1f-4eae-9337-37abcd839c76,tempora,509.25,788.03,pollo,2025-06-05T00:08:19.673613,2025-06-05T00:08:19.673613
eb8ca321-ab60-4ce0-91ee-b7e30c5109ed,debitis,680.59,792.11,pavo,2025-06-05T00:08:19.673613,2025-06-05T00:08:19.673613
624c909e-9469-4908-ade4-40a92f201149,distinctio,644.54,554.62,pollo,2025-06-05T00:08:19.673613,2025-06-05T00:08:19.673613
7d63a72f-24ad-4bc5-ac91-7c4e2e3a08e2,accusantium,848.14,499.38,cerdo,2025-06-05T00:08:19.673613,2025-06-05T00:08:19.673613
16a79529-0c34-46fe-90cb-19d5e483d473,sit,476.95,389.8,cerdo,2025-06-05T00:08:19.673613,2025-06-05T00:08:19.673613
da7758bb-50c2-43fb-8ff0-b8a10a02dd7a,porro,513.04,93.37,pavo,2025-06-05T00:08:19.673613,2025-06-05T00:08:19.673613
dd943ef6-24be-4025-a14f-199030d7f57c,architecto,67.27,315.83,huevo,2025-06-05T00:08:19.673613,2025-06-05T00:08:19.673613
492b29c8-e3f7-4aca-b71d-f01506a2b3e2,modi,745.91,622.54,pavo,2025-06-05T00:08:19.673613,2025-06-05T00:08:19.673613
f2e665a3-3b38-40ea-9921-acf4465737ae,placeat,574.44,948.64,cerdo,2025-06-05T00:08:19.673613,2025-06-05T00:08:19.673613
ea78ef15-1678-4d1e-8013-f09f1c527f19,mollitia,546.79,405.15,huevo,2025-06-05T00:08:19.673613,2025-06-05T00:08:19.673613
36b03a3e-1660-421a-95d2-af999612cad0,cupiditate,86.91,980.26,cerdo,2025-06-05T00:08:19.673613,2025-06-05T00:08:19.673613
09b3e0dc-183c-47ae-9aa4-41fa7d1a9cf8,quia,243.98,885.99,cerdo,2025-06-05T00:08:19.673613,2025-06-05T00:08:19.673613
6b18e6f3-6a74-4c2f-9957-7312b353975d,quasi,201.36,121.87,pavo,2025-06-05T00:08:19.673613,2025-06-05T00:08:19.673613
b86aea81-b9d2-42fe-bce2-c6f69bda8fdc,earum,843.92,514.13,embutido,2025-06-05T00:08:19.674612,2025-06-05T00:08:19.674612
20d4c950-f386-4573-ba53-db4b057d0923,dicta,158.49,964.98,pollo,2025-06-05T00:08:19.674612,2025-06-05T00:08:19.674612
3a829431-d5fc-436f-bbf3-4a612dffab77,necessitatibus,52.8,358.55,embutido,2025-06-05T00:08:19.674612,2025-06-05T00:08:19.674612
ce65e3e8-b307-4968-963c-5062822d8573,cum,382.5,592.98,embutido,2025-06-05T00:08:19.674612,2025-06-05T00:08:19.674612
036d3fab-06bd-4075-aa5d-d2996e91867e,praesentium,704.56,746.76,pavo,2025-06-05T00:08:19.674612,2025-06-05T00:08:19.674612
70f08507-01ac-4e6f-850f-b880be400058,dolorum,419.94,814.47,pollo,2025-06-05T00:08:19.674612,2025-06-05T00:08:19.674612
98c47160-772e-4e85-93d8-c4ba2e234f75,labore,671.25,79.59,embutido,2025-06-05T00:08:19.674612,2025-06-05T00:08:19.674612
189b0547-6efe-4660-9469-b91c73f2a8e7,natus,48.62,165.88,pavo,2025-06-05T00:08:19.674612,2025-06-05T00:08:19.674612
412823b0-3f89-4961-91ef-5d5152ac5a38,aut,281.4,841.68,huevo,2025-06-05T00:08:19.674612,2025-06-05T00:08:19.674612
4b2e3235-3948-4eeb-a09e-c6876df8d11a,veritatis,253.1,39.78,cerdo,2025-06-05T00:08:19.674612,2025-06-05T00:08:19.674612
7be6c3da-4618-413b-a36e-61d089800126,minima,649.39,872.81,cerdo,2025-06-05T00:08:19.674612,2025-06-05T00:08:19.674612
6fd616d7-ec04-48da-b754-b0b16f53e15a,vitae,216.46,4.62,pollo,2025-06-05T00:08:19.674612,2025-06-05T00:08:19.674612
eaf41124-c072-4632-a51f-11f774c18d1f,aliquid,982.74,517.69,pavo,2025-06-05T00:08:19.674612,2025-06-05T00:08:19.674612
1cc7b264-8eb6-4ca4-89d6-4c5bfbbfc411,quibusdam,603.97,603.0,pavo,2025-06-05T00:08:19.674612,2025-06-05T00:08:19.674612
b46c3499-53bc-46f2-836e-6c20017397b3,repellat,405.34,680.68,pavo,2025-06-05T00:08:19.674612,2025-06-05T00:08:19.674612
328bb136-1595-4df5-9aa8-d2ac7e9a455f,corrupti,650.66,426.36,embutido,2025-06-05T00:08:19.674612,2025-06-05T00:08:19.674612
bde2f990-37db-4670-831c-e741d8e8250f,corporis,242.37,849.19,huevo,2025-06-05T00:08:19.674612,2025-06-05T00:08:19.674612
050657d1-d484-4546-a5e5-c752cf460d52,unde,353.26,986.3,pollo,2025-06-05T00:08:19.674612,2025-06-05T00:08:19.674612
dfff4a7e-9ecd-436b-b77b-56a00bfe3241,quasi,722.09,98.72,cerdo,2025-06-05T00:08:19.674612,2025-06-05T00:08:19.674612
c6f389d2-d9a1-41d9-9aba-4a2d86ed6a2f,dignissimos,356.32,434.6,embutido,2025-06-05T00:08:19.674612,2025-06-05T00:08:19.674612
63418ecd-f0f0-4234-a9ca-3e704af1705b,vero,205.49,670.72,pollo,2025-06-05T00:08:19.674612,2025-06-05T00:08:19.674612
2b0eda1a-7f54-409f-aef8-bcf16c45d048,aperiam,633.56,893.63,cerdo,2025-06-05T00:08:19.674612,2025-06-05T00:08:19.674612
e2914ab8-26ef-44bc-8441-85b27e60db2c,in,329.45,4.03,embutido,2025-06-05T00:08:19.674612,2025-06-05T00:08:19.674612
bd282866-d630-4a05-b35b-96caa5841c46,laborum,272.69,5.79,embutido,2025-06-05T00:08:19.674612,2025-06-05T00:08:19.674612
aaa3334c-7faf-416c-bc4f-7683f5452374,excepturi,978.62,507.41,cerdo,2025-06-05T00:08:19.674612,2025-06-05T00:08:19.674612
a6705b6f-2b4f-4cd6-9b8d-cf29a44c6313,itaque,647.66,718.57,pollo,2025-06-05T00:08:19.674612,2025-06-05T00:08:19.674612
6987c3c1-060d-441d-97ed-33765f459963,consectetur,256.81,402.72,pollo,2025-06-05T00:08:19.674612,2025-06-05T00:08:19.674612
94922b6c-5f82-479a-87cb-d3737bdd2aaa,voluptates,863.11,495.23,pollo,2025-06-05T00:08:19.674612,2025-06-05T00:08:19.674612
667ea7b3-874b-4ef8-83e3-e7c8498acf00,reiciendis,405.87,213.12,embutido,2025-06-05T00:08:19.674612,2025-06-05T00:08:19.674612
f511cc3e-3089-406a-af76-7e1a32ab4fd2,earum,517.05,429.53,huevo,2025-06-05T00:08:19.674612,2025-06-05T00:08:19.674612
db2652a1-8185-443a-bf62-2859b382c442,perferendis,571.23,395.69,cerdo,2025-06-05T00:08:19.674612,2025-06-05T00:08:19.674612
4d74f934-3e42-42d1-a9bb-74666e6ae8e1,consectetur,534.22,822.21,cerdo,2025-06-05T00:08:19.674612,2025-06-05T00:08:19.674612
c447d43e-0630-47cd-808e-86023dcec8ba,cumque,647.39,193.1,pavo,2025-06-05T00:08:19.674612,2025-06-05T00:08:19.674612
158b1b5b-1e88-4777-92ac-eb81106d91f7,consequuntur,369.36,171.34,cerdo,2025-06-05T00:08:19.674612,2025-06-05T00:08:19.674612
88fc2ca2-8f3c-4320-9a8b-9b9789864fd5,quos,25.58,50.77,pavo,2025-06-05T00:08:19.674612,2025-06-05T00:08:19.674612
2e6dc8e6-76e4-4d80-be9e-19e8f85d3f47,nulla,826.59,495.34,pollo,2025-06-05T00:08:19.674612,2025-06-05T00:08:19.674612
b3a5bfe9-0c1e-4e4a-898b-d755e47dcf7d,fugit,255.02,93.63,huevo,2025-06-05T00:08:19.674612,2025-06-05T00:08:19.674612
da9e1f6e-ca5a-4544-9bd6-a8992ac8960b,veniam,581.7,301.49,cerdo,2025-06-05T00:08:19.674612,2025-06-05T00:08:19.674612
b86b01c4-c071-4d4e-9a3c-744245938972,sequi,841.76,474.99,embutido,2025-06-05T00:08:19.674612,2025-06-05T00:08:19.674612
29185405-03e2-4d3e-8886-ff7bb3359a04,est,453.57,310.69,cerdo,2025-06-05T00:08:19.674612,2025-06-05T00:08:19.674612
1c514c29-5785-4184-8bb7-0509982cf2fe,qui,139.89,411.74,cerdo,2025-06-05T00:08:19.674612,2025-06-05T00:08:19.674612
9f5b114f-3d0e-48c3-97a4-cab171c3664b,recusandae,565.51,932.4,cerdo,2025-06-05T00:08:19.674612,2025-06-05T00:08:19.674612
e5f129a4-d1dc-4b72-b2e9-907492011662,est,153.16,418.4,pavo,2025-06-05T00:08:19.674612,2025-06-05T00:08:19.674612
b7d65e40-26bc-4204-8102-bf79ddb7b855,dignissimos,527.73,935.68,pavo,2025-06-05T00:08:19.674612,2025-06-05T00:08:19.674612
265b8b13-12a5-492e-944c-e1b98f2c7c41,deleniti,178.24,372.55,cerdo,2025-06-05T00:08:19.674612,2025-06-05T00:08:19.674612
2bb44804-d0b5-4ac2-b943-e1359acd0c33,dicta,627.68,36.46,pavo,2025-06-05T00:08:19.674612,2025-06-05T00:08:19.674612
f1e06086-30a6-4cb4-baf6-c0cd4f2bf794,eos,268.35,400.53,embutido,2025-06-05T00:08:19.674612,2025-06-05T00:08:19.674612
3fe653b7-bcd5-479e-937c-b38b9c68f5e5,perferendis,627.73,286.91,pavo,2025-06-05T00:08:19.674612,2025-06-05T00:08:19.674612
191529d7-4b0a-4812-96c7-0a6725182be1,cupiditate,752.13,525.91,huevo,2025-06-05T00:08:19.674612,2025-06-05T00:08:19.674612
603e5dd1-e389-41da-8c6f-cb381798be34,adipisci,821.39,149.18,cerdo,2025-06-05T00:08:19.674612,2025-06-05T00:08:19.674612
28156431-54db-49bf-a5f7-86808f547d3c,quas,599.03,234.82,pollo,2025-06-05T00:08:19.674612,2025-06-05T00:08:19.674612
444c9bcd-716a-4e20-8cd1-91066a9f5172,optio,887.26,44.03,embutido,2025-06-05T00:08:19.674612,2025-06-05T00:08:19.674612
dcab43a9-8f1e-4596-84c0-c6e27da494af,dolorem,699.94,780.17,pavo,2025-06-05T00:08:19.674612,2025-06-05T00:08:19.674612
1aa1005a-c19a-4711-9dd6-d138cdc894d8,inventore,728.11,329.42,cerdo,2025-06-05T00:08:19.674612,2025-06-05T00:08:19.674612
93e4dca1-e878-47c9-82fb-bb4bbd89d74a,voluptate,324.32,820.46,embutido,2025-06-05T00:08:19.674612,2025-06-05T00:08:19.674612
ebd9ca76-854b-41d0-946c-3555b9310771,quasi,741.8,944.27,cerdo,2025-06-05T00:08:19.674612,2025-06-05T00:08:19.674612
ceae5e9d-a64d-431f-bb16-98fde30e602f,nam,865.35,459.16,pavo,2025-06-05T00:08:19.674612,2025-06-05T00:08:19.674612
4297f010-d6d3-4c86-b4be-6f539bd003ee,quas,879.81,768.39,pavo,2025-06-05T00:08:19.674612,2025-06-05T00:08:19.674612
cb0c560e-0afa-4ad1-bcf5-2838b3baf772,accusantium,699.25,995.08,pollo,2025-06-05T00:08:19.674612,2025-06-05T00:08:19.674612
356e6c92-65e5-4526-b650-0361bd180437,nihil,583.57,445.71,pavo,2025-06-05T00:08:19.674612,2025-06-05T00:08:19.674612
3d7e5325-a561-43ce-8999-8269a1e5bfe3,laboriosam,164.91,109.79,huevo,2025-06-05T00:08:19.674612,2025-06-05T00:08:19.674612
14a9cdf6-3c9a-42c0-9f09-e529eded5f29,atque,625.7,573.6,pavo,2025-06-05T00:08:19.674612,2025-06-05T00:08:19.674612
4216b7f5-ede1-4443-b1e4-127d68d2049a,ut,794.06,660.5,huevo,2025-06-05T00:08:19.674612,2025-06-05T00:08:19.674612
6498a98a-f1d5-4582-86b5-13eb0e13f757,vel,651.28,929.11,pollo,2025-06-05T00:08:19.674612,2025-06-05T00:08:19.674612
126c4af0-803b-404e-a2be-41409f95b804,iste,255.62,871.52,cerdo,2025-06-05T00:08:19.674612,2025-06-05T00:08:19.674612
b1b1bae7-2b51-4cc7-ad55-b1c86e41fd23,non,708.99,120.96,cerdo,2025-06-05T00:08:19.674612,2025-06-05T00:08:19.674612
fd5cff46-a85c-41e8-8241-69339ba598fe,vero,520.9,801.1,pavo,2025-06-05T00:08:19.674612,2025-06-05T00:08:19.674612
d37cc4e0-b6bf-41cc-8558-d27fe5bae2a1,corporis,75.99,229.97,pavo,2025-06-05T00:08:19.674612,2025-06-05T00:08:19.674612
9dab530d-e60d-468d-b845-109a2cc0d42a,esse,404.07,106.74,embutido,2025-06-05T00:08:19.674612,2025-06-05T00:08:19.674612
926dba7c-98bf-4c55-8f42-60da0b0bed6c,quia,11.73,775.37,cerdo,2025-06-05T00:08:19.674612,2025-06-05T00:08:19.674612
e8a88132-790c-4184-a783-6f47bde7c8c9,exercitationem,96.59,779.82,pollo,2025-06-05T00:08:19.674612,2025-06-05T00:08:19.674612
8e473955-7eff-43df-8213-c4e86c2cf90f,quam,501.15,609.23,cerdo,2025-06-05T00:08:19.674612,2025-06-05T00:08:19.674612
30580c2c-4a33-4244-b51d-b11cd21607a1,hic,537.03,502.01,cerdo,2025-06-05T00:08:19.674612,2025-06-05T00:08:19.674612
ab262eef-a4f2-4e60-9611-bff327755ed0,minus,200.48,393.99,embutido,2025-06-05T00:08:19.674612,2025-06-05T00:08:19.674612
6f1ed1f8-d061-48af-b73e-8eeb8ba764b5,aliquam,354.29,152.23,huevo,2025-06-05T00:08:19.674612,2025-06-05T00:08:19.674612
d8e3dff1-49fe-4f7a-8fc0-a73d8f2824a1,nihil,813.3,590.01,pavo,2025-06-05T00:08:19.674612,2025-06-05T00:08:19.674612
99302eb7-5ae3-471c-af9d-b7b729ccac34,ducimus,956.4,427.88,huevo,2025-06-05T00:08:19.674612,2025-06-05T00:08:19.674612
de80ecb9-4d4a-44e7-9b74-458ed3e92b41,sed,520.73,499.38,cerdo,2025-06-05T00:08:19.675612,2025-06-05T00:08:19.675612
390d6a38-e7c9-4c67-96c6-957c913c7cde,ullam,157.07,121.34,cerdo,2025-06-05T00:08:19.675612,2025-06-05T00:08:19.675612
2fd165ac-d3fc-402d-9749-f551073fa345,eligendi,95.72,239.71,embutido,2025-06-05T00:08:19.675612,2025-06-05T00:08:19.675612
818e9adb-8355-40e4-939c-b09580019d76,nostrum,801.09,125.01,pollo,2025-06-05T00:08:19.675612,2025-06-05T00:08:19.675612
47530790-ff43-4949-8eb5-0d309eb6cf87,dolores,525.92,179.86,huevo,2025-06-05T00:08:19.675612,2025-06-05T00:08:19.675612
4a0242df-8ea9-498a-affd-fc353000c0a5,consectetur,746.35,381.97,huevo,2025-06-05T00:08:19.675612,2025-06-05T00:08:19.675612
cd9b132c-3c53-4c5c-a3f2-472f83725e84,doloribus,324.4,469.88,pavo,2025-06-05T00:08:19.675612,2025-06-05T00:08:19.675612
42c3b7bb-1d06-4e75-aca1-a39e2911b90b,ducimus,450.86,800.01,huevo,2025-06-05T00:08:19.675612,2025-06-05T00:08:19.675612
e9f6c9d0-793f-4936-a42b-166ac15c4b32,debitis,744.96,612.34,pavo,2025-06-05T00:08:19.675612,2025-06-05T00:08:19.675612
67e8f638-9525-416e-8922-e824e5bdf1b1,ut,346.98,171.18,pavo,2025-06-05T00:08:19.675612,2025-06-05T00:08:19.675612
22f533c4-0bc6-4953-89b1-014fc621ceac,consectetur,826.06,170.28,embutido,2025-06-05T00:08:19.675612,2025-06-05T00:08:19.675612
2f78bda5-47f2-452c-a452-3462dc983786,consequatur,316.43,820.92,embutido,2025-06-05T00:08:19.675612,2025-06-05T00:08:19.675612
8dfd9690-375e-4e23-b5cc-35a488a95c57,quo,797.49,979.35,embutido,2025-06-05T00:08:19.675612,2025-06-05T00:08:19.675612
23c85357-2205-46db-881b-fbe5332dfcfc,modi,131.8,662.77,cerdo,2025-06-05T00:08:19.675612,2025-06-05T00:08:19.675612
1fdbd266-3d7c-4a80-b710-eb6dd97e2a31,deserunt,918.0,802.81,pavo,2025-06-05T00:08:19.675612,2025-06-05T00:08:19.675612
e00366dd-b65e-4bf8-a0fb-91b620fa3b2d,asperiores,100.71,296.25,embutido,2025-06-05T00:08:19.675612,2025-06-05T00:08:19.675612
2fa2339e-c0ba-4f3d-b14e-f1cc31f6bfea,libero,201.03,613.0,cerdo,2025-06-05T00:08:19.675612,2025-06-05T00:08:19.675612
c15528fa-4298-4318-986e-bdf9cc498e35,voluptatibus,130.51,694.44,cerdo,2025-06-05T00:08:19.675612,2025-06-05T00:08:19.675612
1a7edc79-b437-490e-89da-09b34d0e317a,eveniet,458.6,901.12,pavo,2025-06-05T00:08:19.675612,2025-06-05T00:08:19.675612
93de51ef-efbe-4a23-b29c-602db2208d17,facere,267.42,831.89,embutido,2025-06-05T00:08:19.675612,2025-06-05T00:08:19.675612
b4034a50-4e3d-43b4-ba7d-1f6bf22fccf3,aliquam,27.77,171.41,pollo,2025-06-05T00:08:19.675612,2025-06-05T00:08:19.675612
1551ac09-d706-4120-99cf-1e63cee96c03,esse,114.86,778.23,embutido,2025-06-05T00:08:19.675612,2025-06-05T00:08:19.675612
8dabce38-57a9-4855-82ad-1a2663d30604,repellat,282.17,174.05,embutido,2025-06-05T00:08:19.675612,2025-06-05T00:08:19.675612
8a190958-9c23-46e5-bfec-30d45e0af885,illum,956.77,93.11,cerdo,2025-06-05T00:08:19.675612,2025-06-05T00:08:19.675612
8882e979-a882-4344-a472-1e10692d4c2b,eveniet,352.6,518.84,pavo,2025-06-05T00:08:19.675612,2025-06-05T00:08:19.675612
d6709262-ce26-4bcf-a5f4-5170453d9ca2,repudiandae,848.63,631.16,embutido,2025-06-05T00:08:19.675612,2025-06-05T00:08:19.675612
345710ae-cc99-4149-857c-2b3f6bc17296,rerum,82.25,699.42,huevo,2025-06-05T00:08:19.675612,2025-06-05T00:08:19.675612
