id_solucion_incidencia,id_incidencia,id_usuario,descripcion_solucion,fecha_solucion,costo_solucion,tiempo_resolucion,observaciones
c4967fc0-f426-490d-87bf-df643176f92a,c8ec5ba2-b0bc-472c-a91f-73e4271110e3,b2d82549-0531-4228-8f35-4e6709cec415,Solucionada por zverdejo,2025-06-15T17:00:26.091104,0,03:17:00,
6e888832-d67d-4616-bae9-9a4b69f72a88,3a28ccc6-99f0-44c2-9fb5-3393734cbc61,b867cc68-bc9a-461d-90ff-f39ccdff78ab,Solucionada por uenriquez,2025-06-15T22:00:26.092104,0,09:43:00,
58b60faa-59a1-4b70-ae11-fb71e674340d,81381ee7-fd75-4e95-bae2-7ffc3df11397,bcf3e07b-2e21-41be-9af7-d2e5f486165f,Solucionada por loidasantamaria,2025-06-15T08:00:26.091104,0,02:39:00,
5b441c80-1c12-4b92-b36e-01ba4bd2e6d4,7892786c-c361-4606-be6d-34f068c25449,1c3f563c-6146-4feb-bd76-4d93225a2ce7,Solucionada por teodoro78,2025-06-15T07:00:26.091104,0,08:50:00,
c12f9c07-bd7d-40f9-b557-eb3df5fbcb59,68e193b2-b8ca-481a-b6a2-1e72a36ca03a,7605f5d8-384a-4140-a7c2-b5264f3ac3c3,Solucionada por paniaguamarcia,2025-06-15T14:00:26.089107,0,06:50:00,
3858cdbb-26a0-48e4-845d-5c3a67b70c92,e5fb04e4-b3a7-4b21-b195-26cc3062a82d,e1cd2056-ddc1-4203-9d6d-911eee509c13,Solucionada por collpepita,2025-06-15T15:00:26.091104,0,16:51:00,
c40ee56f-f5e6-4d07-9971-eed43176024b,89af35ea-73f3-4c89-912e-e3c872513c31,635e34cf-a03e-4725-8dd7-ecbcf1809c09,Solucionada por zrivero,2025-06-15T21:00:26.089107,0,22:52:00,
3ad1a131-4d7a-4448-877f-d5f7db3198c4,d91cdb2e-91ae-42d8-9338-4c0d2f6688d0,d71c9716-af16-48e3-a010-6d3d0f8ba63e,Solucionada por calistallado,2025-06-15T14:00:26.092104,0,08:07:00,
685cd55a-8b79-4219-9309-4b9621961c56,c8c3c338-d42c-4dac-ad9b-63f6952a1eda,8369ee32-a457-47c4-bcd0-7134c02e0993,Solucionada por efrain98,2025-06-15T20:00:26.091104,0,13:19:00,
807fb20f-6b80-4fe1-8db4-0ed937236757,0121e834-70f4-4984-a7a7-cf7de59488c4,9008db7e-b3f1-4a5b-bcfe-817040584a07,Solucionada por marcialfuertes,2025-06-15T04:00:26.090105,0,21:24:00,
38075759-ca1e-45c3-a03c-600e9906e4c0,9b6abfe9-661d-4778-9f29-77e5c4a296b2,5cdcecb1-1af7-4552-b8d4-2a41db2f8372,Solucionada por bernabeenriquez,2025-06-15T13:00:26.089107,0,02:46:00,
ecace733-98a3-4dda-a64f-8efb5ff98e92,244e0856-13b2-4f0c-85c1-958bac2f4e14,d2a4a449-9a1c-43ea-8f0e-89fd2177d4a5,Solucionada por tgonzalez,2025-06-15T07:00:26.092104,0,10:36:00,
3a6a6255-103b-4e6e-ad80-b1072a10a364,e726f7b4-45ef-4131-9987-1f71cb30de68,f1b27759-9dbc-473c-a6ab-8d4c2e132b11,Solucionada por wbernal,2025-06-16T01:00:26.089107,0,06:54:00,
8ce0c1f2-15c8-46ec-8f53-557b683e510a,50accaad-2487-42a0-be65-d9774c120fe3,9cbb24cd-cecd-4a85-ae6b-d3bbee01570f,Solucionada por irenesoler,2025-06-15T07:00:26.090105,0,18:23:00,
ca5911b6-1278-41f4-aa86-dff983806b3a,091222ee-8f48-4967-9502-092c2357b553,d06cd773-f809-4449-a156-3ca4fa358775,Solucionada por antunezcleto,2025-06-15T14:00:26.089107,0,06:32:00,
ad5a20d1-8de8-439e-9db1-ce79ebe83077,52dc0c92-a75d-47cc-9c37-bf48ccab0538,5cdcecb1-1af7-4552-b8d4-2a41db2f8372,Solucionada por arandaalfonso,2025-06-15T17:00:26.092104,0,07:28:00,
6ea859c0-ccc0-4365-864a-ba75ed72b9fb,b080d664-1e9b-4cc2-b8b5-3ff85b351644,161511e7-0f2f-4569-a6eb-86adf3820449,Solucionada por vhernandez,2025-06-15T12:00:26.091104,0,08:05:00,
9d520682-231f-4b8c-bdec-cbb815a91d9c,911d671f-ac21-4a99-ac70-995afec17197,30cb274b-af31-4613-bc4d-f42d1979f794,Solucionada por eligio22,2025-06-15T06:00:26.091104,0,02:12:00,
ee94dea0-4cce-4a01-8fe3-db92af80e62b,581a0b49-2273-48db-98bf-60c5ec7fec45,0e8a54be-99b9-4456-86ad-194c07c1fd12,Solucionada por urrutiajaviera,2025-06-15T16:00:26.092104,0,07:39:00,
5d7452ba-8f3b-41aa-acdd-72af9a7d12c4,d1f9aa0a-698d-4e2e-8b2d-dfc59ce92d8c,176b87d7-0bf5-464c-9de4-4c795f0ef336,Solucionada por fitosalcedo,2025-06-15T12:00:26.089107,0,20:37:00,
ecc406d4-6ca5-4be4-804c-36b88d6e7b22,03982e8f-839d-4ba6-bd02-ae948eff1cf7,1753ae81-2aef-4944-aa85-27ba436b3c6e,Solucionada por sevillaflorina,2025-06-15T16:00:26.091104,0,03:16:00,
56941e70-5a91-4ecb-b8f5-45ad3a335ffa,83091770-c36d-4938-a603-5eb4318b7e33,0baaebef-1d25-41c2-a54b-07bda16cd83c,Solucionada por jose-antonio14,2025-06-15T06:00:26.092104,0,08:14:00,
27b89c1b-2a29-433d-a111-6baa14fd90ce,33fec47e-369c-4de3-b475-1cce5fd37dda,c799ebce-6aa5-4cde-90a4-b38e603947cb,Solucionada por collpepita,2025-06-16T00:00:26.089107,0,05:36:00,
a7006b80-4453-4f0d-926b-b0268697ab62,62669bae-e56e-4519-bee0-e04fd6dd024e,50f85fc1-e16f-487f-aae8-36521406ff81,Solucionada por qjodar,2025-06-15T05:00:26.091104,0,09:16:00,
407e3535-f2e2-4e20-acd0-8c73c19db7ec,cea456e3-8122-4782-96b8-edab9283cfb7,9008db7e-b3f1-4a5b-bcfe-817040584a07,Solucionada por xmonreal,2025-06-15T17:00:26.091104,0,20:42:00,
b49de6d2-1b96-416e-8d25-799298a538cd,3942712b-cacc-4705-b9f0-8e85cc7a39e7,e98eafeb-cc5b-4f23-8804-77a9fe1357e3,Solucionada por isabelmarco,2025-06-15T23:00:26.090105,0,07:29:00,
be0c9ed6-02e4-4c03-8dd3-f0202c564254,a52ca37e-3941-4b40-9bd8-bee70e1ca2d1,37da15e5-d690-4c14-98e6-ae918f2266c0,Solucionada por uenriquez,2025-06-15T21:00:26.091104,0,11:04:00,
68c0a78a-26f0-4faa-addd-9aa7df49a557,0f0d1eca-31e1-45f0-a9a9-e74a05d8ebb5,1c3f563c-6146-4feb-bd76-4d93225a2ce7,Solucionada por loidasantamaria,2025-06-15T19:00:26.091104,0,19:01:00,
fe94a53c-d1e7-4ac9-9ba8-4bb172ff21f8,8472f28d-a079-41bf-8e71-3660ef198e61,ec2ea81f-e84b-4bf2-a0d4-d5e9a6bd0b03,Solucionada por collpepita,2025-06-15T06:00:26.090105,0,09:23:00,
e1c7e3d4-3df9-4d1a-849e-4fa1b27815bc,59b4d9a1-cccc-4561-a6b6-01f2396bde32,2ad8c2fd-4258-4dd1-aff6-9b3ebc320af0,Solucionada por abilioduran,2025-06-15T07:00:26.091104,0,18:52:00,
503b47cf-9b87-4868-a468-715cf8f7e294,57e5949c-1d0d-43b7-b433-962006523315,c2ffeea2-9ae1-43ec-8258-51430a479c0b,Solucionada por evita31,2025-06-15T14:00:26.091104,0,03:02:00,
2206cd6d-8065-42fc-8f4d-27e7e44f3829,4b90c909-b6d6-4857-b700-940e2c5df9f2,2c498ddd-fdf6-4406-8e82-b4572a205946,Solucionada por pbuendia,2025-06-15T18:00:26.089107,0,12:56:00,
3a0e1381-1de5-450a-98bb-2c1ec36e8ba2,bb0ff6f5-cf19-4e08-b123-e7ba7f9c295a,6fed4398-e805-4dfc-8af8-350ba1187ce7,Solucionada por zmarin,2025-06-15T20:00:26.092104,0,11:54:00,
be755913-6453-4674-91be-82af4309b681,5eaa6e0f-658b-426d-882f-c3de4bce61fb,43dbdb80-f4a0-4b83-816e-1b268de94d65,Solucionada por urbanomarmol,2025-06-15T14:00:26.091104,0,10:15:00,
dc5226c7-7b95-4e38-9dab-1501ee6bbf08,7a9191d4-60b8-47cc-add9-271520d791eb,a40d8039-d807-44a8-94de-e9bd1d8c7c68,Solucionada por pabloespejo,2025-06-15T12:00:26.091104,0,04:04:00,
e09c0603-7649-4cd0-bd9c-0d1bea2149c6,d25f4ba2-5282-4b48-92fd-54cbbdec9040,d6c39a50-474c-4461-9ad0-ccf7b5956aa7,Solucionada por pbuendia,2025-06-15T21:00:26.091104,0,13:58:00,
50b167a3-019a-4547-817d-6cdf14985cd1,70dc9bfb-b795-4ad6-b78e-470611d43386,43b471cb-71e8-42ad-8ef5-6c0501933f44,Solucionada por ysaez,2025-06-15T11:00:26.092104,0,10:34:00,
630d6235-6339-47f8-942a-b3b0dc0ea740,bafc02be-1623-4015-9b43-f665fd71c728,697683ef-a377-4ad4-bdfd-6ec8268a58af,Solucionada por gpazos,2025-06-15T18:00:26.089107,0,17:09:00,
3074c278-9566-49d3-a33e-eb1e36026a51,1db5cd2b-d34c-423a-9b32-865409baa296,d6c39a50-474c-4461-9ad0-ccf7b5956aa7,Solucionada por vidalcasandra,2025-06-15T18:00:26.089107,0,05:24:00,
bf001d29-d3b2-43da-8409-e8dda41ae082,591b7a2b-04b4-43b5-9411-d98cf911a20c,5ecf6353-f300-45db-b30c-01edc66c3b26,Solucionada por elisarobledo,2025-06-15T10:00:26.091104,0,02:36:00,
4e20fc53-8d94-447f-ba39-e5a417ed3e69,6defb5f8-f05f-45b1-bedf-1a145eb5c299,1753ae81-2aef-4944-aa85-27ba436b3c6e,Solucionada por jolive,2025-06-15T14:00:26.090105,0,24:19:00,
10062e55-a1e1-4ca9-a0c9-cdf409e0672c,00b708eb-6ddd-44b5-80f0-60d2cc0a23c1,fe0ed0da-2411-450b-85a1-dd7ef077564c,Solucionada por paniaguamarcia,2025-06-15T08:00:26.089107,0,04:10:00,
2afb1ceb-7916-4e55-83d1-19f9b8a845a2,42c3ac9b-4116-4f77-a1a6-d5fda169c4fe,9008db7e-b3f1-4a5b-bcfe-817040584a07,Solucionada por qfuster,2025-06-15T07:00:26.091104,0,16:00:00,
6b2e8573-3595-437f-9a9a-5ebfb73c1b87,5fac2698-c731-4edb-aa3d-edad41891c1d,c9bdb678-c5b2-4004-b813-68b4745942ca,Solucionada por saludviana,2025-06-15T15:00:26.090105,0,13:36:00,
ae85b6c5-544d-4fc0-bcd1-4609dcea34cb,678b2ba8-1566-42a0-96b5-ee11f18d6d97,342d1d68-52bd-4301-840e-40702f66d9b0,Solucionada por iarce,2025-06-15T22:00:26.092104,0,08:52:00,
e7a7ce3e-d4bf-492a-91e3-752b1187436a,c4cfdee2-0a67-4b79-ba6a-ed388644d6c1,56c6189d-9412-4e39-9ea0-ec96463d5622,Solucionada por nicolas19,2025-06-15T12:00:26.090105,0,06:11:00,
3c8b95ca-7327-4f11-90d9-b34fbafc6ddf,26cfdfa2-e1ab-41a8-8d58-4621ffc97934,2c498ddd-fdf6-4406-8e82-b4572a205946,Solucionada por aflores,2025-06-16T02:00:26.089107,0,16:50:00,
79ca6c66-b742-402b-a888-3c7054c0f561,36893f29-a6c3-443e-8ef3-a7b7902bf7b2,a3664404-7477-48da-af98-1cb70e871d18,Solucionada por georginafernandez,2025-06-15T11:00:26.091104,0,06:34:00,
de1e25d1-d7bb-459e-b56f-304a310be48a,21aeb8ae-510f-4fa4-940e-c7c559db60c2,8369ee32-a457-47c4-bcd0-7134c02e0993,Solucionada por pabloespejo,2025-06-15T04:00:26.089107,0,09:25:00,
7148510c-fb3d-4184-9fcd-5ab066f63eac,3ee9736c-cc4b-4936-beed-1470c54c2e77,89aa59de-c742-4c9d-b70b-9d84775118ef,Solucionada por baudelioferran,2025-06-15T08:00:26.092104,0,11:29:00,
3072aadb-2016-4a7a-b098-fceefed7a584,4d31fbb6-7b53-4d39-a7f9-ab9ba92b26b0,2302ffd7-9fde-4272-a1f0-a03e5ad284e4,Solucionada por dora42,2025-06-15T06:00:26.092104,0,23:59:00,
179c9a55-5626-419b-8cf5-1e102005c0fb,49eafa6a-1e7b-4baf-b80f-a97330883672,0190be6c-bcc5-4c09-b46d-e3fc91706dfe,Solucionada por lidialuz,2025-06-15T08:00:26.092104,0,07:29:00,
e68907f7-e485-428a-a79a-1e207845196b,b842e8e3-cb0a-41b0-8f67-0e5233f3f0df,21d98432-0ba5-4855-b7e0-199d67c49934,Solucionada por uenriquez,2025-06-15T13:00:26.091104,0,13:34:00,
0a8cb4b7-37fc-4d1e-9f82-1f62d6bb35e9,8beb0019-564e-430d-b227-e249489ffd1f,3d3ea4c7-d4cd-4afa-a416-bbb8ebefe34b,Solucionada por vinabarbara,2025-06-15T07:00:26.089107,0,24:47:00,
7e6684e3-d44f-4ec8-8030-6dac99e7093e,c77c1c9f-fd57-46e0-afbd-49e45cd9c6a3,fee14ca3-08c8-4281-a84a-fa878689a885,Solucionada por nunezgerman,2025-06-15T11:00:26.090105,0,02:56:00,
29cda0b0-86f2-455c-abba-960410111500,ceab8701-5333-4d4e-9865-6cce6ddbaa84,ffc91a76-fbdb-464a-86b0-0ec6c5667748,Solucionada por calixta41,2025-06-15T08:00:26.089107,0,23:22:00,
18ddf80f-01be-4044-95c6-4981143fd02f,9f9996ee-f5f4-4143-9969-db28bcd4508d,76872232-7841-4abe-9266-f999a671a6f8,Solucionada por gabrielaverdu,2025-06-15T23:00:26.090105,0,13:47:00,
95d4bb3f-e4a2-4d57-a739-a7447dcbe49f,494aa670-f839-40c7-8e5a-a6d4bf35960b,161511e7-0f2f-4569-a6eb-86adf3820449,Solucionada por maria-jesusvidal,2025-06-15T20:00:26.090105,0,12:11:00,
79c96055-4048-442e-bf8c-101eb266ea12,5059aa72-ac6c-4c18-aad5-25556dcd3814,9826dcbf-a43c-4a8d-8310-24b038087f27,Solucionada por pacoescolano,2025-06-15T16:00:26.089107,0,09:15:00,
00dc6fa2-cb66-445c-b842-ceb64cdd9b5a,bb692485-53b7-4d50-a9ba-906653cf9c42,b75dc761-d43d-411a-8c59-eb6861403b40,Solucionada por herberto11,2025-06-15T05:00:26.089107,0,07:35:00,
88ea4a5c-3acc-4048-8dad-4e96b5230d91,b9343203-f75f-4187-ba1f-52ec12a0fbe8,99adc527-ee60-4295-b370-bfe4e910fe22,Solucionada por juanito56,2025-06-15T20:00:26.092104,0,01:38:00,
8dc621b6-be81-4caf-8be6-483ad910171e,312f08d8-647a-4e9a-a19b-f222c46c2b71,90fa6237-27cf-4b92-b774-c4c4fdb9f5e7,Solucionada por tatiana16,2025-06-15T09:00:26.090105,0,03:49:00,
6c3eb99a-d5e6-4a66-94fb-bfb8d99d1a49,18b30d5b-f320-4856-b2ac-ff029cf91dda,5c97b1e8-2c81-4699-a18b-126f5a889b29,Solucionada por lucianosuarez,2025-06-15T08:00:26.091104,0,23:43:00,
70fe4359-b81a-462f-b0db-f14c60cee478,326cf858-62b9-43f2-a6f5-181a5b4ad680,2ecaeba2-332c-481f-9716-3b9136629b48,Solucionada por ssalazar,2025-06-15T14:00:26.090105,0,18:19:00,
48737b23-dc53-459f-ab34-89e0b5784758,97f2ae36-5275-4fbb-a610-faa529783937,2c931ddb-fbb2-4e1c-861c-14d3fabbac51,Solucionada por nunezgerman,2025-06-15T15:00:26.089107,0,01:17:00,
553d5048-f689-4381-be81-0b0d435da216,404287b7-5b08-42ce-a2a2-54b63ae7682d,6f81cdce-f444-48ad-bcc0-b987e28e38e8,Solucionada por patriciacarnero,2025-06-15T03:00:26.091104,0,22:25:00,
d65241d8-87b9-4f99-901a-73d13d5a2fd3,9c1a974b-1b8a-4359-90c8-4e636f18078b,54227fb2-eabe-407b-bafa-475233c6572b,Solucionada por huguetnieves,2025-06-15T11:00:26.092104,0,08:36:00,
99a5f5a7-c9bc-43be-b508-97eeaedce37d,a2405fd2-5d4a-4b6c-9b29-5c5610a53b72,06a4b920-2d83-452e-ac4a-961ba0dc0425,Solucionada por lupeverdugo,2025-06-15T11:00:26.092104,0,02:48:00,
0069c497-645f-4540-b37e-393c7450460f,0efd814d-edd4-41a4-98af-95824bff4663,fee75ce3-2840-4715-ad14-73aa3be68876,Solucionada por teofilo97,2025-06-15T04:00:26.091104,0,23:25:00,
f388e60d-4876-4c9a-b52c-cd4d0b1aca16,fd1883d7-3800-4ba7-bccc-1d98168b652e,bfa86e4a-bf2c-4657-a5a3-edb33107bccb,Solucionada por ibarrera,2025-06-16T01:00:26.089107,0,22:39:00,
b823d39d-2498-4eed-9a37-4d5bb131c030,affdde83-1cbc-4659-87f8-9cfe1a96b954,697683ef-a377-4ad4-bdfd-6ec8268a58af,Solucionada por pujadasluciano,2025-06-15T12:00:26.092104,0,15:57:00,
426ba4a7-00bf-4e5e-93cb-e028ef39dccb,cdb7d904-50c8-4497-9404-c52442a2e220,044af920-ae5b-448c-a146-20db6d383604,Solucionada por abilioduran,2025-06-16T01:00:26.089107,0,06:42:00,
d6b5ee9b-3c6a-4cd1-9b15-35aa6ced93c0,f7f72c45-3b0c-4421-85fc-9ecdc6208ab2,2c931ddb-fbb2-4e1c-861c-14d3fabbac51,Solucionada por walter45,2025-06-15T15:00:26.091104,0,21:04:00,
aa436eb7-a106-4f65-83b6-a16339ee09df,931cf48b-8103-431e-a0dd-a314e76cb989,677eceaa-cd6d-4ed4-9d6a-49f78f08d55e,Solucionada por uenriquez,2025-06-15T18:00:26.091104,0,16:19:00,
66b4863f-40b5-4aa5-a48a-2e9e908c49a3,47d9074a-a9d6-463d-bfcb-feff2ea86524,f0e3c66b-8fd0-4f71-a396-241df9502712,Solucionada por einfante,2025-06-15T22:00:26.089107,0,24:17:00,
640cbde2-01e4-477c-9765-559f9e9b5f2e,12dcaf93-829d-4963-a6f2-ff61bb5fa40b,445efb38-13d6-41b0-98e5-33354414c576,Solucionada por opina,2025-06-15T09:00:26.091104,0,19:15:00,
1b1ad2e7-dbf6-4629-be60-3c1fafb295e2,5b908376-fac7-4b73-9776-b69a4d6ef86d,824658e2-b1e0-438d-9860-afb580e69ac8,Solucionada por pbuendia,2025-06-15T07:00:26.089107,0,02:07:00,
df7d0ae6-14d8-4751-a96e-0c6607da7737,fd6dd05d-ead3-45ee-b0c9-bd6f2a31b255,a193acd6-7ce0-4d77-9fc5-259d9a80c79a,Solucionada por isa57,2025-06-15T16:00:26.092104,0,03:45:00,
bc717778-1733-4e3b-8aaf-fce6e292f781,39b49e60-1ab9-408c-86c9-685940be1bca,b867cc68-bc9a-461d-90ff-f39ccdff78ab,Solucionada por eligio22,2025-06-15T14:00:26.091104,0,24:11:00,
da1b1473-28ed-4367-a6eb-1371a65ed853,75ef0038-0695-427a-a0d1-1d367da9bccf,1716753f-d415-4fd2-9897-c1db99f7ee6b,Solucionada por ingridiglesias,2025-06-15T12:00:26.090105,0,15:23:00,
826a4b9f-f71d-4c6f-afe4-47077fe04b50,b4f43aa2-7181-46da-94fb-571cf57d230c,1afa0825-eae0-43c0-8b60-0473732076c8,Solucionada por esteraleman,2025-06-15T05:00:26.089107,0,14:29:00,
a92c09eb-ed01-4a65-9447-28242dd522fb,8faff81e-d505-47fd-820e-972a7bf9aeb8,2d21d2ea-6209-4462-bba2-6da5a7aa03d4,Solucionada por asuncionberenguer,2025-06-15T20:00:26.092104,0,08:28:00,
e3d1c49e-2baa-4db2-9cf5-7e1b2ad8c2ac,68c5c64f-3604-4113-b47d-d9b0d721d16e,1716753f-d415-4fd2-9897-c1db99f7ee6b,Solucionada por fabianseco,2025-06-15T19:00:26.092104,0,22:51:00,
6f03c669-8594-484f-ac83-79df0900f3ad,29fac651-846d-41ed-aff7-0cc6a18ae9d1,7ec7da82-9ebb-4be2-89f9-6c972e442265,Solucionada por feijooflavio,2025-06-15T08:00:26.090105,0,14:33:00,
b407214b-bf78-43d5-91c4-b1db0bb8abab,03e84ccf-a3f7-4377-b72a-a07097ed379a,fd29009a-1ab9-48e6-953b-188f32ca2f12,Solucionada por juan-bautistasala,2025-06-15T06:00:26.090105,0,04:24:00,
763e3a90-3cc6-4777-856a-1ed3c1555573,18352372-d212-4377-ad68-57cac4703234,01a42953-dd6e-4aea-aa83-bb676a69cfb8,Solucionada por galvezsebastian,2025-06-15T21:00:26.089107,0,11:02:00,
dbe5fa86-c52f-4c29-800f-1b85483e1a08,214ae11a-8647-49af-868b-3ac6e507c7a9,ec25a13a-fac0-450d-9325-cfc945d2de04,Solucionada por tgarcia,2025-06-15T12:00:26.090105,0,24:47:00,
0e74b65e-c71c-42de-be13-956474179256,bc70c202-7671-4388-bd25-5b59ee07dd08,cae72d84-2447-41d9-bd0f-c209c3d5c2be,Solucionada por ovallejo,2025-06-15T03:00:26.092104,0,02:27:00,
c7f7ec9e-b336-4452-a312-1b06dcbd71e0,2a3fc542-ff85-4c96-ae99-b7586c2519e5,d30579d5-1f8a-4e65-b826-72b797b2492a,Solucionada por kreyes,2025-06-15T04:00:26.091104,0,07:04:00,
25521d22-6ba2-4816-87d3-e6eb6e76aec3,1954f33e-4024-4b84-96d7-a687811deb00,84b4dec3-2fdf-478c-ad7c-34917663b6e9,Solucionada por vaqueroeligia,2025-06-15T18:00:26.091104,0,05:32:00,
a63a7459-126b-4083-924c-43178424f18a,cc1a475f-3d49-4b2a-8d58-bf4ef21fc70e,4a3bdf88-e320-49f7-af29-07e528ac40fe,Solucionada por fitosalcedo,2025-06-15T21:00:26.092104,0,09:01:00,
f64a3a20-9802-4128-89c7-7796e991b690,9bc23632-6f3a-4bf7-ac06-2a01da25091f,43ef1852-5036-4af8-952c-ebe9f5455cc6,Solucionada por jolive,2025-06-15T05:00:26.091104,0,24:22:00,
55603c33-25cb-4af9-b133-1ff6584111c0,eaaf3ecc-702f-4f24-a311-7960fcd29969,43b471cb-71e8-42ad-8ef5-6c0501933f44,Solucionada por bernabeenriquez,2025-06-15T04:00:26.089107,0,05:47:00,
b2f641bc-33ed-48ae-9772-385d10d95d13,b37d36d9-ecab-43cd-a9a6-918bc2ca5438,27dc231e-8207-4cd0-a710-e5d138ef8bc2,Solucionada por tatiana16,2025-06-15T09:00:26.091104,0,14:26:00,
8fa8f241-f127-48ad-bfbb-92e248f45704,3d6cdf66-4d5d-401a-a05a-b92847a060f2,6c729ce4-2484-4722-b114-cd862cb6e2f2,Solucionada por ojedaurbano,2025-06-16T02:00:26.091104,0,04:37:00,
a100f50f-277c-4f6b-ba45-ffd941cf69ca,f8eeb946-d6a8-40f7-9f6c-fffb04252f05,37da15e5-d690-4c14-98e6-ae918f2266c0,Solucionada por adelabaquero,2025-06-15T17:00:26.091104,0,05:35:00,
930f3195-6bc7-4123-9db9-96bebdd69aba,98171988-f435-4198-84e4-2f615195e76f,1881e4cd-7c8d-4a25-a4eb-2574558dc79f,Solucionada por espanaasuncion,2025-06-15T22:00:26.091104,0,23:30:00,
cee0bbc8-f04a-4ef9-a769-6663e25b5a84,5a216952-95c1-4fc9-90a6-9ffe1983d303,5791569d-38d9-4030-ad40-aa8b9fbd15cc,Solucionada por benaventolalla,2025-06-15T17:00:26.089107,0,16:47:00,
5f4a7a19-bb32-4099-a6ae-6ceae5166356,1134e82d-ba0b-43fc-988b-7fe2c579d8b9,f1b27759-9dbc-473c-a6ab-8d4c2e132b11,Solucionada por oplana,2025-06-15T17:00:26.091104,0,11:25:00,
8c05d27c-7319-41d0-b04f-4fa9746642f3,365f8867-549a-4699-bdef-ed49caf9cca6,e21dded0-b457-4525-acb7-11842f4bedfe,Solucionada por victor39,2025-06-16T00:00:26.089107,0,23:46:00,
e1f47d4e-44b8-4fcc-9b5e-7586413ebee8,749f59b0-d826-49b8-bca7-693ceed78f01,56c6189d-9412-4e39-9ea0-ec96463d5622,Solucionada por puribe,2025-06-15T03:00:26.089107,0,01:59:00,
39296d17-4bfc-4c9b-a6b7-5d92a2d7daf2,912e2f1c-e840-43ad-95df-2efc3e196a82,707ef963-2712-48d7-91f3-ad65061f8fc9,Solucionada por arandaalfonso,2025-06-15T10:00:26.089107,0,05:21:00,
c12b0a32-7fae-45a4-b62d-dee2c0a6c8bd,a6c7991c-a67f-4985-98a2-763552cfedc6,64269380-ee4f-4d64-ba8d-dfc7f6b7bf44,Solucionada por reyna61,2025-06-15T11:00:26.091104,0,15:57:00,
a74270a5-4f8b-4dc9-969d-fec8956561a3,a8ab430a-5f5d-4c1e-bd44-9957cb24896e,fc11d5a3-7248-430f-a92d-a910a251e68e,Solucionada por renata67,2025-06-15T04:00:26.091104,0,14:49:00,
22038ce1-686f-420c-a0f9-a5195a363a13,21a48b99-b285-4cff-8f26-795ee2b73d00,340d4655-9af1-4438-8474-0d70afac807e,Solucionada por arandaalfonso,2025-06-15T16:00:26.090105,0,10:32:00,
f1dcd482-b49e-43bc-ae8a-af2ab6ea37fd,7e7ec673-1555-4f88-a61d-abce2d1a4f79,cb75f495-50d2-462b-a62c-777370c33cc8,Solucionada por abiliocastaneda,2025-06-16T02:00:26.089107,0,03:17:00,
6707bd28-0d7c-4224-943f-ffc8872a4e20,dd3ebbad-67ff-4818-adc0-df41b23e9cc7,c2ffeea2-9ae1-43ec-8258-51430a479c0b,Solucionada por rufino16,2025-06-15T17:00:26.089107,0,02:45:00,
2aaabe13-b8d9-4484-877d-f92912e19ebb,a142df6d-0fd3-4c89-a29b-ea99f1bc78a7,26358019-2575-4fa2-9887-6fb4f7774e47,Solucionada por hpina,2025-06-16T00:00:26.092104,0,15:52:00,
00470f13-9289-44f7-9b54-a4af39fd4372,109f2de0-fe4d-4777-a333-f8dcc2afc00c,ab73797a-a0e2-4e27-933a-382ad1960415,Solucionada por herberto11,2025-06-15T17:00:26.090105,0,06:45:00,
9478cb42-30a4-4bbc-bffa-f85512e9768d,2250d28e-e049-42e2-ba5c-4460e4d04785,9826dcbf-a43c-4a8d-8310-24b038087f27,Solucionada por renata67,2025-06-16T00:00:26.091104,0,20:11:00,
d19198d1-ebe0-40c4-9a9b-8dfd32ce0879,6e83e13d-52eb-4f01-8c66-bd2ff21b0f9b,f79de586-5620-45a2-beca-fe72ab2406fa,Solucionada por geronimo75,2025-06-15T15:00:26.089107,0,13:22:00,
e7b03470-e262-4a5c-b429-b7b97be4ce4c,93d4f4c1-e557-4544-ae58-e206a78501aa,b18eec02-bd97-44e5-8ff6-8a14cc9e7bf6,Solucionada por ingridiglesias,2025-06-15T19:00:26.091104,0,24:12:00,
1bbf0701-1b25-4383-b998-c455a3194043,d8ac4466-373c-4d80-bc27-7a7e04d17e08,2ecaeba2-332c-481f-9716-3b9136629b48,Solucionada por tpalma,2025-06-15T09:00:26.091104,0,02:06:00,
5f8d90f9-926f-4a3e-bd8e-ef6f2b598db7,f3ca87b7-e912-4f45-b729-bd6c44dce368,89727002-13c5-4dcd-9082-bec29c92e697,Solucionada por geronimo75,2025-06-15T05:00:26.091104,0,21:42:00,
8bbf70e2-38d2-40b2-9fde-6b9f26cd0873,d11ea204-e4af-46dd-9d3e-502d908ab0aa,b75dc761-d43d-411a-8c59-eb6861403b40,Solucionada por abril87,2025-06-15T22:00:26.089107,0,06:22:00,
f3f684c5-83a1-4279-aadb-c395ff03c51f,fa56fc83-3f29-4020-a56f-cc4511733f34,13f36ba8-2e3e-4280-8fd5-62aaea9a6e2b,Solucionada por cidmaria-fernanda,2025-06-15T13:00:26.089107,0,23:49:00,
d292e55f-2b95-4f71-88fb-58cd0719f765,67d65693-518d-49ce-829e-339636168ac1,059ce99a-5b31-4e3c-9eee-2b56b7507bb4,Solucionada por nicolas19,2025-06-15T22:00:26.090105,0,18:55:00,
71dcd2a7-f8e6-4380-b8f6-890a057cb0fd,669d7d4a-950d-47f5-887a-1fbe3cec8259,98e6f282-ee6f-4552-b926-8bedc9277e14,Solucionada por ingridiglesias,2025-06-15T14:00:26.089107,0,24:46:00,
6a4839a0-9ae9-4a8c-aea9-2b0723d2520a,0ad4e84f-523e-4418-8d8b-deacfcf7c6a8,37a2b34b-fbf1-4eac-bf1f-bbcb36ae9493,Solucionada por pbuendia,2025-06-15T07:00:26.089107,0,18:01:00,
54e4f2b0-9efd-4f56-970c-371716d8a21b,63182392-7c34-4db9-9559-fb6c84a9303d,6a74a7e0-9486-495f-a5bb-1cc7de4e769e,Solucionada por ibanbaro,2025-06-15T03:00:26.091104,0,11:36:00,
4c073216-9405-4596-bf36-8f9da94845a1,d756be61-1725-4bc3-bf0e-c925b12a05db,d6f70c95-2281-4d1b-86ce-29ba140bc93c,Solucionada por bcarbo,2025-06-15T04:00:26.089107,0,20:25:00,
9cda583b-9761-486d-b102-2bc44f98b7de,518961c0-938f-495f-85b7-8df9eca29afc,60d7a539-4cba-4024-978f-1f385bbccd4d,Solucionada por beltranodalis,2025-06-15T14:00:26.091104,0,18:31:00,
f13a13b2-a638-45e9-9f33-8b150d780d6f,60199fc0-9ee6-43f8-a8c2-27d42ea50df3,f3d0c779-4304-43a1-bf18-71914c3b3c89,Solucionada por carrenovinicio,2025-06-16T02:00:26.091104,0,13:25:00,
44f1671a-1478-4c1f-abb0-5d92d710960a,71d6040a-e89a-4729-a116-91324f94c83a,8f98c08f-06be-4d6c-9c4c-8bf0192d9985,Solucionada por patriciacarnero,2025-06-15T10:00:26.090105,0,08:18:00,
a963bf80-13d7-431d-a094-376abae27c44,7953f01e-74a4-408e-84e2-0fe227fcd1ad,c799ebce-6aa5-4cde-90a4-b38e603947cb,Solucionada por cidmaria-fernanda,2025-06-15T13:00:26.092104,0,08:18:00,
487b441f-cd41-4a5b-957c-2f5d6d7cd761,81bf518b-d553-4282-8ab6-832431b7fce9,69bc38d4-e4aa-4330-ad1b-8d7ac9adf282,Solucionada por ggargallo,2025-06-15T22:00:26.092104,0,04:36:00,
2432c5bd-5e95-46dd-adb0-d6e91eac087b,ad1da734-4020-439f-a7a9-25e376175b62,04a1bbe3-2a6f-4eb4-b969-edc86d0e31b3,Solucionada por candido01,2025-06-15T23:00:26.089107,0,08:34:00,
350681f1-57c0-433b-8699-d0655208cd14,885de24c-eca9-4e36-92be-5d64b266112a,b961b5f3-df31-4687-8da8-c4fd9f5c15f5,Solucionada por carlitoibanez,2025-06-15T14:00:26.091104,0,18:28:00,
436baf91-a0ab-45b1-b39d-247f266f8002,d3693296-5156-4171-8f38-080c049ed149,fd29009a-1ab9-48e6-953b-188f32ca2f12,Solucionada por vera99,2025-06-16T02:00:26.089107,0,02:44:00,
44aaf2c7-cb0d-4c34-8a0f-e38827a655a4,8c1e3af2-be80-4158-923a-213a9d239d75,99adc527-ee60-4295-b370-bfe4e910fe22,Solucionada por adelabaquero,2025-06-15T17:00:26.092104,0,20:11:00,
eb8e2cf5-9b04-4fd6-891d-86b1d75601cd,123527ae-3762-47d0-bb38-9f4338248e7a,3e9fd66d-02e4-48a1-807c-483ea7130da4,Solucionada por matias45,2025-06-15T23:00:26.091104,0,10:22:00,
f3bff1a1-7f37-4ad1-8970-2a30d1502335,bd855f6f-ccaf-426a-9fda-fa540957f886,1d116a08-cf5d-4a73-852e-e3d534c68cac,Solucionada por reyna61,2025-06-15T21:00:26.090105,0,19:19:00,
c1dea4d6-7b3d-4abe-b779-26f1767b0b88,f07d1da2-70e4-40e6-ad18-c834a98bef62,b36f37d4-27bf-456a-b435-c0092e868660,Solucionada por ibarrera,2025-06-16T00:00:26.090105,0,01:59:00,
4b02c8f3-c082-4f1e-8729-401cad5f278e,7ccbfc69-24ce-4cec-96d1-81352485c69a,a5c9a132-0d6d-4629-bc88-d7e3e8c688e7,Solucionada por gpazos,2025-06-15T15:00:26.092104,0,16:05:00,
024f0968-8a86-4197-bfb9-ceb80ef43540,84591e6e-a3a1-4b03-a499-da92b9829fb3,6f875374-0cb7-4c05-bd9b-21064ba0927d,Solucionada por macaria86,2025-06-15T17:00:26.092104,0,23:24:00,
ef501af4-891b-49ec-8f7f-51415e5d74f3,d0fa8ed7-0f88-4d4b-9a2e-6b510354059b,b18eec02-bd97-44e5-8ff6-8a14cc9e7bf6,Solucionada por alamoana-sofia,2025-06-15T06:00:26.091104,0,06:05:00,
8fbe8261-8480-426a-bfc6-2369b0e00d14,8c96e1ce-71cc-4a49-97d1-d038f944360b,059ce99a-5b31-4e3c-9eee-2b56b7507bb4,Solucionada por zairamoles,2025-06-15T15:00:26.090105,0,04:18:00,
59c3c04d-d1bf-4ba2-a9d4-6623bb433a2d,272c6aeb-6962-43f3-9f56-2ef5fb2a445f,fd29009a-1ab9-48e6-953b-188f32ca2f12,Solucionada por enriquecomas,2025-06-15T07:00:26.092104,0,19:43:00,
ae0a5c7c-7eab-4516-9c2a-381db3033d12,437161af-f0aa-4a4c-a3ee-8ba75f2dd8bb,ff14f17d-2121-4498-8b36-e846534577b2,Solucionada por lilia08,2025-06-15T08:00:26.091104,0,24:54:00,
3c3093d8-06be-43d9-a7c8-cdc606df5c9f,bd7fd18b-c5a9-4ad6-80af-97d996669b78,3c0c078f-a7e7-4e71-beb9-924c6bb676b5,Solucionada por gabrielaverdu,2025-06-15T16:00:26.092104,0,23:27:00,
d85a6d0e-fea3-4eb7-bc43-34e558c4f050,86f88a6a-6f30-4f92-bcdb-38b3114388cd,b11aadbd-d90f-474c-8787-6343c89975c1,Solucionada por angelalbina,2025-06-15T08:00:26.091104,0,04:58:00,
54f95355-2a9d-42fa-badb-74265846032c,de8c2a2b-02a7-4126-a66e-57b635e49f81,77c9947a-f83f-4b23-acd5-8f184092e720,Solucionada por tpalma,2025-06-15T10:00:26.092104,0,14:09:00,
239ea208-d06e-460a-88d1-322a5c00cb1a,2bf40467-c474-4b5f-b55c-d6d422b8345f,f725ef4a-1361-421f-b5c8-351e088499e7,Solucionada por feijooflavio,2025-06-15T06:00:26.089107,0,02:03:00,
35e2bbf9-7dc3-4b8e-aa2b-a6caa524f7b2,4f9a736f-b376-4dd2-9747-95b38e1cb643,166ffb4e-3dc0-455c-b782-8abf26479433,Solucionada por ysaez,2025-06-15T12:00:26.089107,0,10:42:00,
3e59a328-d099-44fe-b946-d4ec231f4522,11c7c586-3563-494e-9757-c20478e463c9,e1fd5b85-b84b-434e-b073-de1d9c81bf25,Solucionada por sernaabraham,2025-06-15T15:00:26.089107,0,13:05:00,
ba2a54a7-9e2b-4925-ac1b-3f69bf51c0b8,4870595a-9cbd-444a-a0df-636058d4fdc2,a2bf5123-c769-4f09-b2a6-dea036a87357,Solucionada por zcriado,2025-06-15T21:00:26.089107,0,17:04:00,
839ac076-c6c7-4aa3-bcd0-faf6590c67b1,a33763d2-6055-4146-a782-d9757b27b707,32aae54c-4c41-4aac-a8f1-7ad450d5c182,Solucionada por mramos,2025-06-15T03:00:26.092104,0,18:02:00,
31a501e3-2c38-4d84-a598-50ae2fb8135a,4856c974-699c-4b9e-bd39-1b702973bc0d,f79de586-5620-45a2-beca-fe72ab2406fa,Solucionada por amadorjulieta,2025-06-15T05:00:26.092104,0,13:33:00,
fafeafc1-48d0-4126-9338-f373a372e9b1,96d1b1f3-8791-4e48-9314-20349b48e254,7973dee7-9028-4b3d-b98c-59e62727629d,Solucionada por maria-cristina17,2025-06-16T00:00:26.089107,0,05:25:00,
402d9d4b-cf86-4905-8f04-df2289a158ef,40c46884-a63e-4434-9fd4-9125343de42e,bee4e019-ecc8-4cab-9eb1-cd4568291c53,Solucionada por asuncion95,2025-06-15T19:00:26.091104,0,21:29:00,
6e965fb2-e649-497f-8f5a-b40603bbbdfc,584e1a20-7612-4f21-867a-62a4121c68e6,f2e1c665-ea6e-46cc-a41e-ebd49fa13e0b,Solucionada por macaria86,2025-06-15T05:00:26.090105,0,04:14:00,
aa44a278-657a-427c-88e1-8e27b78cb178,154fd167-51ae-42d7-871f-c70e45ef8b23,a193acd6-7ce0-4d77-9fc5-259d9a80c79a,Solucionada por vmarti,2025-06-15T15:00:26.089107,0,05:26:00,
bba8c45d-c508-45e4-982f-6942afa6baad,c8385018-7e8d-47f5-9c21-67f46adda77d,0baaebef-1d25-41c2-a54b-07bda16cd83c,Solucionada por juan-jose38,2025-06-15T10:00:26.092104,0,12:55:00,
20d0870d-c215-4d0c-8a64-15e98dca9181,b7cea663-839a-4988-80a3-22ca908d2ea0,d3d4215d-2549-4a60-90ae-5673fe6147a2,Solucionada por bcarbo,2025-06-15T07:00:26.089107,0,09:02:00,
e53ca4db-03ab-4f7d-9273-746d4627b295,1af89bca-bf92-4c6d-baec-ce0fd3d89d67,429bd7fb-b7a0-4390-8e0a-03e3ba597a16,Solucionada por tgonzalez,2025-06-15T08:00:26.091104,0,15:10:00,
451e0c50-1726-4ef8-8b96-23e3c4597dd4,896be396-ed0b-421f-b256-71145ef3c3f1,497349d1-0102-47bf-8a33-25c239530ea5,Solucionada por isa57,2025-06-16T02:00:26.092104,0,11:48:00,
84917b68-89a2-4773-8000-352d50825ee4,be672c2b-4ed8-4a70-b274-59685a8143e1,2ee70078-624c-44ff-a40d-29475f5a27bb,Solucionada por wbernal,2025-06-15T03:00:26.089107,0,07:49:00,
a962ed1f-e28d-40b3-85a5-f107f7ba4e67,b218a1ba-7903-449b-a8a9-2f810c50eb8c,99adc527-ee60-4295-b370-bfe4e910fe22,Solucionada por jose-manuel39,2025-06-15T10:00:26.089107,0,05:41:00,
24b5f55e-1762-4a57-890c-7d9037ff43d9,faf2834e-4219-453a-a2c1-9199f6cd8546,044af920-ae5b-448c-a146-20db6d383604,Solucionada por felipedominguez,2025-06-15T04:00:26.089107,0,11:43:00,
0931e56d-afdb-4174-9991-0fd4c8de1753,b313bf8c-a238-4f20-b43a-13fb96ceef4d,69bc38d4-e4aa-4330-ad1b-8d7ac9adf282,Solucionada por peinadodiana,2025-06-15T13:00:26.089107,0,16:50:00,
590884f9-7a0f-48ba-b7b6-a34b4f4943f7,de71319c-d2e5-4fae-ba63-16e1bd080918,c8db3472-d99c-4518-9438-c7b78456ac5e,Solucionada por sevillaflorina,2025-06-15T18:00:26.089107,0,12:29:00,
f8a50c8c-afb0-4fbe-8d81-02f3e8ed5949,f492a769-bd1f-41b9-9719-56a00e08d232,91f57baa-634f-48f7-83f1-af9839669040,Solucionada por opina,2025-06-15T17:00:26.092104,0,03:34:00,
21379d36-3b3c-470b-bb5f-857ec0228e5f,f220c4d2-e53c-4952-8d4e-7660e2e2b498,a40d8039-d807-44a8-94de-e9bd1d8c7c68,Solucionada por asuncion95,2025-06-15T14:00:26.091104,0,22:29:00,
e8dad462-51ab-4bf5-afc6-9e4cb03ce889,ed56aa60-1a4f-4d8d-81c7-3f6fea6ffafe,a9ecb8c3-40d0-4761-8773-93f5fa62ab9e,Solucionada por einfante,2025-06-15T09:00:26.091104,0,01:23:00,
67c27961-4935-4597-b735-03d61b682aa2,de38ba65-f03d-44c4-beb4-c1b6b1bd71a3,69d30068-3f2e-459c-bcc7-87b64c930d96,Solucionada por ebautista,2025-06-16T02:00:26.089107,0,02:01:00,
47c00cde-3ac3-48fe-adef-c8ca0257cd95,754321a2-9f10-4134-ba61-6f115e14cd1c,e1e13edc-4276-4517-9cb2-c60e686f9bac,Solucionada por vmarti,2025-06-15T13:00:26.092104,0,02:36:00,
c1f5345d-3480-421c-a7a6-0489e7c0f3af,5176218d-037f-4f8e-9ed5-6640ee2daaae,ff14f17d-2121-4498-8b36-e846534577b2,Solucionada por soraya35,2025-06-15T04:00:26.090105,0,23:23:00,
f55164b2-0cde-4eda-84ee-8c3e05ed0c12,bcefe49a-9b9d-41f2-b2d8-500ceaa6e131,7e856126-fd5d-494a-9282-fc8fb2d90b14,Solucionada por rpina,2025-06-15T17:00:26.091104,0,22:52:00,
221f4907-ecc3-4f1a-be97-d70db469851d,f5e9c05e-e61d-4aee-bce9-11208ed4a664,8235396e-34cc-4f97-9ad0-be60ffa29aaf,Solucionada por jonatan53,2025-06-15T10:00:26.089107,0,01:28:00,
1d75964b-c43e-4887-99e4-36b540039eae,f84a2635-7e20-45b5-b887-1e64388cb2e0,70d573f4-c60d-4f10-b1bf-06c473782203,Solucionada por bernabeenriquez,2025-06-15T16:00:26.091104,0,11:18:00,
98bdd4f0-6c3e-4307-8c64-0b43ad0a1dcb,52dc5ce7-b799-43c3-a534-339a0340e9a2,635e34cf-a03e-4725-8dd7-ecbcf1809c09,Solucionada por sototono,2025-06-15T04:00:26.091104,0,02:13:00,
0ba86cbb-15f3-4479-8ffd-9f8677137740,0e007e08-3f2c-4216-b6e5-430a3614fc25,c27d113d-959d-4496-a042-d71fa91c3239,Solucionada por benaventolalla,2025-06-15T09:00:26.091104,0,19:35:00,
19f239e1-5d12-4d8f-b999-8abdaaf7600d,b3833cbe-d5f4-4e9c-acfc-ab277ff18faa,e1082cf1-0930-40d9-8249-a861364bdac4,Solucionada por adelabaquero,2025-06-15T09:00:26.090105,0,15:09:00,
6157ae85-2557-4b76-bbda-f536a186544a,7b268813-4deb-4b3f-afa6-9e5345d60f15,32aae54c-4c41-4aac-a8f1-7ad450d5c182,Solucionada por nombre_usuario,2025-06-15T10:00:26.090105,0,22:00:00,
400f96f3-3625-4674-89c3-92030a688873,a07c3607-49e6-4fe3-9d8a-a7c281de6bf2,fee75ce3-2840-4715-ad14-73aa3be68876,Solucionada por vinabarbara,2025-06-15T10:00:26.089107,0,17:10:00,
db20fc25-c52a-487a-8dec-d1aee5737022,e34a1ad1-ddbb-4641-9574-4caae03304b1,d96ab3b7-7e0e-4501-b44b-31c132a34bd3,Solucionada por nelidacaceres,2025-06-15T06:00:26.092104,0,06:41:00,
d952b035-0c88-4084-b1c2-116300c3a5c8,afbb642a-7315-4108-ae6e-b65c6ed61514,d5ee2479-474a-4d9b-9ae6-dc470a67befb,Solucionada por lorenzaescamilla,2025-06-15T07:00:26.091104,0,04:01:00,
22526a09-1f4d-47fc-b255-5bcdd80c94e6,071c04a4-f0c6-46db-a12c-8d84482f3d91,b21fab0a-3d01-4f25-a62f-1dad05b5ec39,Solucionada por tgonzalez,2025-06-15T19:00:26.089107,0,15:52:00,
02d11934-5f8b-4e33-b346-1856fb397971,490076cf-4a36-4160-997b-4d72d41c5a8e,60d7a539-4cba-4024-978f-1f385bbccd4d,Solucionada por oplana,2025-06-15T20:00:26.092104,0,16:34:00,
28a46ffe-6689-4b0b-ae93-0f55471f94a8,ef5ba201-2c94-4a58-982a-3ee5ba728216,2ad8c2fd-4258-4dd1-aff6-9b3ebc320af0,Solucionada por tpalma,2025-06-15T23:00:26.089107,0,18:43:00,
46584772-3495-4d7d-b4e5-b63d4e288dd8,c2be5c81-45df-47c1-bf4e-3d6336b30646,9672bd1d-ca59-4099-8c8a-d0eb84334b04,Solucionada por sainzjulie,2025-06-15T23:00:26.091104,0,03:40:00,
0a7e6444-c8d9-477a-85fc-eedb84e15bd5,fc6da6f4-18a7-4ad7-bc14-dbc1fb50aff9,b75dc761-d43d-411a-8c59-eb6861403b40,Solucionada por candido01,2025-06-15T15:00:26.091104,0,16:39:00,
1c86400a-8fbe-4d25-88c7-0359c57639ad,0cba5d7f-d985-4bdf-921c-e3892c9a3def,ec3320a9-69eb-480a-89cc-3ea03f271a1e,Solucionada por geronimo75,2025-06-15T13:00:26.092104,0,08:15:00,
766a86db-9771-46dd-8097-56030019037d,fbfabb1b-da0e-4482-a2aa-f091a3d5f98b,ffc91a76-fbdb-464a-86b0-0ec6c5667748,Solucionada por maite61,2025-06-15T22:00:26.091104,0,13:42:00,
7d58e21d-5874-4f7b-91a3-96fa6bdc1f2b,58db6f6e-24cc-487e-87b6-26aa42945e40,992353e1-ce25-4061-8661-be23f7427f8b,Solucionada por valerabernardino,2025-06-15T22:00:26.091104,0,23:45:00,
febe0a5f-f2cc-4f79-96fc-6283fbb85032,45ea7635-2181-4308-bb7b-c72d05d57440,9cbb24cd-cecd-4a85-ae6b-d3bbee01570f,Solucionada por fitoborja,2025-06-15T06:00:26.089107,0,17:11:00,
cfaa31bd-2bce-4120-9fb0-24d581f40580,eaf5b0d0-f266-43d7-bd38-2b6575818111,ff14f17d-2121-4498-8b36-e846534577b2,Solucionada por sototono,2025-06-16T01:00:26.089107,0,12:28:00,
4fc2a3c9-d9e6-4aeb-a34e-727e9a4af704,e9c83d20-18a7-480e-81c9-21b61cd1fdf0,37a2b34b-fbf1-4eac-bf1f-bbcb36ae9493,Solucionada por vmarti,2025-06-15T10:00:26.091104,0,17:44:00,
8bb63fc9-9e46-4933-883c-72900e5e7253,1460acc3-b656-4b80-ab5c-0f39402e1e9e,4c127780-0df5-4b8d-b03c-b0ef3885b3bf,Solucionada por ualcazar,2025-06-15T08:00:26.091104,0,10:53:00,
022bd8a1-b18c-47c5-b6a5-c6fbabd58f53,8945fc1d-acc8-459f-a4c9-c561107deb10,1c3f563c-6146-4feb-bd76-4d93225a2ce7,Solucionada por luis-miguelzorrilla,2025-06-15T05:00:26.089107,0,08:50:00,
206bf10e-4b4e-49cd-85af-7fcaead5c8c6,335d482e-4c05-46fd-941e-91465ec66e26,f2e1c665-ea6e-46cc-a41e-ebd49fa13e0b,Solucionada por collpepita,2025-06-15T22:00:26.089107,0,17:54:00,
de6e2c86-da6e-45d7-9e7f-c073c9d839dc,28b8ddfe-e34a-4b2e-ac80-fea8ddce6dab,7e856126-fd5d-494a-9282-fc8fb2d90b14,Solucionada por maria-del-carmenpina,2025-06-15T07:00:26.090105,0,08:58:00,
d324b964-9ced-419b-a452-ccbc14de63a0,2f381158-2816-4937-890d-4b7da7b12007,4dcbc702-28ad-4e13-8757-f39a37af0157,Solucionada por lagunaadriana,2025-06-15T13:00:26.089107,0,17:04:00,
1d05c29b-cf07-4efe-9ef3-96fb81e3a0e7,17d64ae9-c770-404c-8097-fbfd3b09e39f,73509ad7-c973-4e87-a1a0-7d7cb22e1cbb,Solucionada por niborra,2025-06-15T03:00:26.089107,0,10:35:00,
dd4546ac-fdb1-4823-8e9a-08802e1fdc44,23d9d555-9740-4c17-892b-97558d1ae32d,559ef05e-2601-4858-812b-370aae7b6714,Solucionada por lidialuz,2025-06-15T18:00:26.091104,0,09:12:00,
88894d2c-a1b6-43ee-82c5-6a0efcc55130,60487be4-3cd9-432a-8c1f-9b5bc55f34f4,2ad8c2fd-4258-4dd1-aff6-9b3ebc320af0,Solucionada por espanaasuncion,2025-06-16T02:00:26.089107,0,08:28:00,
a47c7447-15bd-400e-9209-519f93bdbc6f,ca0936ae-988e-45c2-adb0-ed23a3400a1e,b6491079-787c-4e13-b909-2ab7303d55cc,Solucionada por jolive,2025-06-15T11:00:26.092104,0,16:17:00,
7666dcb3-1eab-493b-b14b-387586079771,b8c978c7-5d89-498e-8ca6-b05d55011cdb,1afa0825-eae0-43c0-8b60-0473732076c8,Solucionada por rosalvamoya,2025-06-15T20:00:26.090105,0,02:57:00,
f3a01120-d1f4-4e0f-9012-7188f279ebfc,bb00fdd7-7f4b-4264-880a-93487bd51635,97324d1f-aa3b-4f3e-8119-87e005f7deba,Solucionada por santoselisa,2025-06-15T08:00:26.089107,0,11:49:00,
38cb3a15-bbb4-49ef-8237-2bef08edc27c,f866ca64-7e08-44ad-8df6-b0e4d8e66725,e98eafeb-cc5b-4f23-8804-77a9fe1357e3,Solucionada por ovallejo,2025-06-15T03:00:26.092104,0,15:11:00,
89b95384-7969-4c49-a6b8-600b4760e41c,dfb5a9a8-2b1c-4d2a-86a1-c5b38e2d34ee,c87f54ff-704a-484f-aa8d-36b3309d6743,Solucionada por enriquecomas,2025-06-15T23:00:26.089107,0,02:23:00,
433f3f77-2e38-42c3-93d9-2f26a39e3ca5,22e8d590-b2d5-43ce-8ea5-0a1c059d2cbe,1753ae81-2aef-4944-aa85-27ba436b3c6e,Solucionada por hector64,2025-06-15T09:00:26.091104,0,13:18:00,
f12ef422-ccaf-4ede-a810-a31c8dcd788b,2f74f19f-a8be-45a2-87db-d45366698379,1fca5c1c-cbb4-4814-ad2b-df104ce54956,Solucionada por wbernal,2025-06-15T22:00:26.091104,0,23:45:00,
b7430ba3-aa15-4ca3-9647-b79ac1a30bb3,0a626178-c6c1-4c6c-8048-a1eff16f591e,82aac3de-6993-4729-8536-b25c73367ef4,Solucionada por dora78,2025-06-15T11:00:26.091104,0,22:48:00,
9495547d-f6ab-4611-a6fe-bab6cfbe3ae0,ff564b50-3712-426b-826f-3d95ec33deb7,0190be6c-bcc5-4c09-b46d-e3fc91706dfe,Solucionada por geronimo75,2025-06-15T08:00:26.090105,0,22:54:00,
97c5a02f-fb89-4865-9b1e-a4dfc15d71b1,836786df-3c3b-49cb-bb12-b5eb3def77a4,8f98c08f-06be-4d6c-9c4c-8bf0192d9985,Solucionada por cardenasasuncion,2025-06-15T06:00:26.090105,0,09:19:00,
6646e456-1a1b-42f0-8a3e-83cd3be3953d,be22f3b6-c54a-4bba-a810-670e09b21148,f6469f46-79b4-44d4-b214-c3e1267ba3a5,Solucionada por sernaabraham,2025-06-15T19:00:26.090105,0,24:44:00,
a2c1fd52-38da-4d2b-b55f-e6a075d7bdc3,0f676ed6-d37e-43dc-803e-3a899630c772,2c498ddd-fdf6-4406-8e82-b4572a205946,Solucionada por juan-jose38,2025-06-15T19:00:26.092104,0,09:52:00,
87a3b2b1-2349-4231-bbc5-a9398d263491,1e459479-eceb-4ac9-b73b-8a5ded93a254,3e9fd66d-02e4-48a1-807c-483ea7130da4,Solucionada por cleto47,2025-06-15T08:00:26.091104,0,10:12:00,
c4faa80d-bfeb-4d0a-8ad1-220130426c92,ab07cccf-d24a-4cf0-abb7-ee3cd768a5b5,ed69d931-8fca-4f34-815f-8e109f42c782,Solucionada por castilloeva-maria,2025-06-15T16:00:26.089107,0,05:22:00,
8d5ee33e-ff80-4e98-9f2d-22224920f68c,305dd7b8-19e9-4109-9d5b-d4ec2cfe21f2,e1e13edc-4276-4517-9cb2-c60e686f9bac,Solucionada por panfilomarin,2025-06-15T05:00:26.092104,0,09:26:00,
9bb0a6c8-2c1f-4cc5-a057-4ac7557a99f4,32e475f1-43ec-4a47-b8fa-5c5d21653d63,6f875374-0cb7-4c05-bd9b-21064ba0927d,Solucionada por bernabeenriquez,2025-06-15T18:00:26.090105,0,08:04:00,
25638e16-30fe-4305-a8ed-94cb4a78111f,a620396e-633e-49c3-be1b-ed4453533985,a13993ab-45d5-4e46-9abd-83b5714ea344,Solucionada por opina,2025-06-15T15:00:26.092104,0,12:03:00,
90f79230-c87f-4ed8-b7b6-2673a47bb9a9,7261e0f5-23cb-4c7f-85dc-3cc86378a33f,f8083d2b-3f83-4840-af36-ce810673eea7,Solucionada por munizeliseo,2025-06-15T07:00:26.091104,0,04:21:00,
e1f40755-e282-4707-87d3-29afeb18fa9e,5511172c-ed5b-4fc3-b805-36023fef6672,1d116a08-cf5d-4a73-852e-e3d534c68cac,Solucionada por saldanapacifica,2025-06-15T04:00:26.092104,0,24:44:00,
94bd5e9c-6a1d-4f9e-8c88-616622470090,95aeb75b-6aaa-48b4-933d-629b50a12d5c,e492f7e6-295d-42c4-8881-7ff94a725533,Solucionada por macaria86,2025-06-15T07:00:26.092104,0,04:25:00,
cfc4d86b-99f2-4481-a525-d4e46d7df08e,b120b184-af1a-4224-9388-98333eeddcdf,f8083d2b-3f83-4840-af36-ce810673eea7,Solucionada por ligiasalazar,2025-06-16T01:00:26.089107,0,18:14:00,
303a8cac-2ae1-4099-94bb-6487e623ec67,efa7b4bb-5f3d-46d6-afbe-c105527a15e0,90c0cf86-bb80-420c-a271-5e34d6fdbb7e,Solucionada por naguilo,2025-06-15T04:00:26.090105,0,01:01:00,
4397bbf0-4f9c-418d-b425-0f97ced1d099,f6e79093-ef36-4025-8136-527a56ceca59,1f25e9e8-6495-45ae-9770-f152dba16582,Solucionada por munizeliseo,2025-06-15T16:00:26.091104,0,07:16:00,
c9f7e7ee-703f-4a2d-919a-472f90ff7631,b9135f44-de45-4088-9884-5ee3437ba177,b759050f-accc-49b1-95f9-be7a930aae8b,Solucionada por baudelioferran,2025-06-15T13:00:26.091104,0,04:14:00,
ad650801-f2ca-4b44-aac9-917ed0952464,9724a2f9-d556-4bdc-8c21-202c6f96ad0b,b21fab0a-3d01-4f25-a62f-1dad05b5ec39,Solucionada por eabril,2025-06-15T13:00:26.089107,0,20:33:00,
2bc0f011-6ae0-49a2-8d95-5846fbcc8ec3,f99497b5-968d-4279-8f5a-309a9686bd71,8369ee32-a457-47c4-bcd0-7134c02e0993,Solucionada por corominasdafne,2025-06-15T11:00:26.089107,0,04:20:00,
3964ddc9-f619-4d0a-8b1f-58f257985b29,e65ec19b-e47e-41a9-b5ff-f19a7e3fb142,e492f7e6-295d-42c4-8881-7ff94a725533,Solucionada por renata67,2025-06-15T07:00:26.089107,0,18:13:00,
7eddcce0-0893-4eb8-8df8-44525afe361c,4312c4af-239f-48dc-a5bd-a66fbbcf1ac5,ec2ea81f-e84b-4bf2-a0d4-d5e9a6bd0b03,Solucionada por kordonez,2025-06-15T14:00:26.089107,0,18:46:00,
305640e0-10e2-47a2-98d1-63ac8f518451,54120eee-3204-444b-82af-3203b2fc67b0,f79de586-5620-45a2-beca-fe72ab2406fa,Solucionada por lidialuz,2025-06-15T11:00:26.091104,0,08:54:00,
d65adce4-c5f3-4b7c-80e6-f466fe0a9e6f,6698359c-7a0e-451d-b56a-9a4f7535faaf,d6389ad0-ce17-413c-a613-6e7f80c22557,Solucionada por sofiatomas,2025-06-15T20:00:26.092104,0,16:57:00,
054a33f7-3837-4c39-be92-4f96ccb1f9f5,e8114250-6d73-4bfa-8626-bf30b9019766,6f81cdce-f444-48ad-bcc0-b987e28e38e8,Solucionada por fochoa,2025-06-15T12:00:26.089107,0,09:16:00,
a4c2ca29-66a0-443f-805b-6dd088b0028f,8baf301b-fca7-4d5f-a887-4bc8499cc612,5ecf6353-f300-45db-b30c-01edc66c3b26,Solucionada por bcarbo,2025-06-16T01:00:26.089107,0,12:04:00,
64ebd7cf-7b4d-48b8-9a2f-57ed7b7af6c9,f00bcbd6-2cf6-4dca-bc20-78b58aff9e7c,b961b5f3-df31-4687-8da8-c4fd9f5c15f5,Solucionada por eli58,2025-06-15T05:00:26.089107,0,21:45:00,
22ae3377-2acf-4a01-b9a2-9c6e252be0bd,df625ecd-5c71-4c0e-b2a9-45dac6d72923,c87f54ff-704a-484f-aa8d-36b3309d6743,Solucionada por felipedominguez,2025-06-15T22:00:26.090105,0,09:24:00,
0ffe259c-5937-475a-b245-f6190e255b90,7a7bb7b6-7dbd-4ba8-8909-d4e402c11008,c27d113d-959d-4496-a042-d71fa91c3239,Solucionada por reynaldo09,2025-06-15T23:00:26.091104,0,04:55:00,
57934b3a-f1b2-46e2-bc05-eb7e7858d759,9621740c-98fa-486a-be9e-6329db34b2a4,27702c58-284b-462d-ae22-11354d2fc9cd,Solucionada por carlitoibanez,2025-06-16T01:00:26.091104,0,04:25:00,
a171dc3d-94ee-4353-ab00-5ed72793f898,569039b6-4179-446b-bf53-96a5f4edf1ca,b36f37d4-27bf-456a-b435-c0092e868660,Solucionada por huertanicanor,2025-06-15T08:00:26.091104,0,23:13:00,
f79e99b6-fad3-405e-ae29-a4278756d98e,85111648-782e-4aa9-9c76-f163c78401ac,ea5e663c-b33c-4d18-a388-dceff9598f52,Solucionada por patriciacarnero,2025-06-15T08:00:26.089107,0,16:09:00,
d6b41429-4249-40f9-b216-d1249e82a134,9d31a215-c9c5-40dd-b9cb-4b7a8d6a4a78,4a3bdf88-e320-49f7-af29-07e528ac40fe,Solucionada por lidialuz,2025-06-15T12:00:26.091104,0,20:23:00,
51289f98-917c-4c72-8bc2-dcb7c2de82ce,e9f7ae4a-4789-4c4c-bd03-cdcf3658c8b9,2aa21b82-d67d-470d-bee8-30a139eab0e5,Solucionada por valerabernardino,2025-06-15T09:00:26.091104,0,15:48:00,
33a79a4c-c8be-491a-9e77-02793ff6df4b,a3b8a3b8-8de5-462e-8c75-02843ee50e5d,a3664404-7477-48da-af98-1cb70e871d18,Solucionada por macaria86,2025-06-15T19:00:26.089107,0,24:26:00,
fe7d2b54-f1d3-419c-b122-84cf6da7d13f,bc857332-b517-4b9f-ad65-34535b825864,3e9fd66d-02e4-48a1-807c-483ea7130da4,Solucionada por hector64,2025-06-15T19:00:26.092104,0,22:17:00,
9906bc46-62f9-4220-a3a1-abf01f9c8eba,ffd995df-a4d2-4248-945c-22c7cf0a43b3,6f875374-0cb7-4c05-bd9b-21064ba0927d,Solucionada por blancalozano,2025-06-15T07:00:26.089107,0,03:20:00,
e1d16f65-fe28-4683-8648-8cba70a7b903,3eab9998-c642-4237-8179-517490e61e05,f725ef4a-1361-421f-b5c8-351e088499e7,Solucionada por carrionamancio,2025-06-15T22:00:26.091104,0,21:32:00,
