id_solucion_reclamo,id_reclamo,id_usuario_propuesta,descripcion_solucion,estado,costo_estimado,fecha_propuesta,fecha_resolucion,observaciones
a8c32f4f-d1c9-40ae-87ae-808687e08dc6,18d6b21a-5f72-4c1d-be09-c6a9e1fb1216,98e6f282-ee6f-4552-b926-8bedc9277e14,Solucionada por lilia08,rechazada,167.84,2025-06-15T02:00:26.120104,2025-06-15T09:00:26.120104,
bef013be-11d6-4f78-bb43-a236ca04780e,9f1f1fde-1d64-4a0e-947f-dc29ed8e05d9,12336382-cece-40b0-b424-74803238b7ed,Solucionada por nombre_usuario,cancelada,443.61,2025-06-15T02:00:26.122104,2025-06-15T22:00:26.122104,
e5b2f2dd-2b62-4799-be51-7541f0fda6fd,459b1b61-8fc0-4f62-bfcc-5066dad53506,4ec9990f-2709-4161-943b-d636d21da809,Solucionada por tristanbaquero,implementada,687.88,2025-06-15T02:00:26.118103,2025-06-15T21:00:26.118103,
b803e857-9ba3-4060-96d2-bcf9d5a34a7f,ed563cfd-52d1-447a-87fe-b5e8345380f5,837fef48-f3af-41fc-af54-4677427a66b8,Solucionada por fitosalcedo,propuesta,544.45,2025-06-15T02:00:26.119105,2025-06-15T07:00:26.119105,
69a681c8-5ceb-415f-a92e-1da59a2f3489,2690c48d-a892-496e-858f-b0ad9a0c9c7d,429bd7fb-b7a0-4390-8e0a-03e3ba597a16,Solucionada por apariciomayte,cancelada,270.61,2025-06-15T02:00:26.120104,2025-06-15T17:00:26.120104,
25b6e198-954e-4475-9bc5-4ce705a333df,f37108f8-40db-4723-8e84-e05c28997b32,707ef963-2712-48d7-91f3-ad65061f8fc9,Solucionada por ydomingo,propuesta,499.39,2025-06-15T02:00:26.119105,2025-06-15T20:00:26.119105,
a5ade20a-3ec2-4c47-aa28-96610e1202e4,658c1075-026d-407f-b6e1-cec4afc90655,06a4b920-2d83-452e-ac4a-961ba0dc0425,Solucionada por tonobarranco,propuesta,408.13,2025-06-15T02:00:26.119105,2025-06-15T15:00:26.119105,
311222bd-4946-4af7-b3c5-83166e47b15e,a7273dc1-effa-420b-b4dd-1cb743db824e,f69b60e3-74d4-4f0b-be06-9ff54d84a66d,Solucionada por zverdejo,cancelada,356.66,2025-06-15T02:00:26.118103,2025-06-15T06:00:26.118103,
0f6abbf5-204d-4509-bb5e-042c0c8bd51d,e81ab5e0-82e2-4c55-8e92-ea06b6a2a455,26a8ed80-550b-421b-92bd-450710d38016,Solucionada por pguijarro,propuesta,434.94,2025-06-15T02:00:26.122104,2025-06-16T02:00:26.122104,
9c040444-3867-41d7-a323-1315af0b9f9b,6329ee63-88ef-4c2e-9962-dedad99b7d29,a193acd6-7ce0-4d77-9fc5-259d9a80c79a,Solucionada por ivicens,propuesta,887.96,2025-06-15T02:00:26.120104,2025-06-15T23:00:26.120104,
4dcb7499-bbe3-4849-a3a4-dad80889e624,a8d6cacc-f282-4c3f-b6ef-dbedfd6a4008,1dbac2d5-5649-4985-992e-7dce91bde3ec,Solucionada por narciso51,cancelada,315.45,2025-06-15T02:00:26.121103,2025-06-15T10:00:26.121103,
8f42c3ea-3d9a-4959-bbd2-9a31acf8d37b,cfa9fb18-55d1-43f0-9dd3-cb5c8de21b0b,b21fab0a-3d01-4f25-a62f-1dad05b5ec39,Solucionada por antunezcleto,propuesta,608.69,2025-06-15T02:00:26.119105,2025-06-15T21:00:26.119105,
5e7cd844-93d2-48c4-aed8-36112535bfa1,92d02ec4-5e36-4a1a-8f31-a52d7a28ae21,ff832fea-1ac6-4a2f-8b96-5f67d2045156,Solucionada por georginafernandez,implementada,262.23,2025-06-15T02:00:26.120104,2025-06-16T02:00:26.120104,
001fca0f-e59f-4c90-a2c7-3603da5d0506,7e48d919-7993-4f9e-bbee-07a46ddb43a6,4c127780-0df5-4b8d-b03c-b0ef3885b3bf,Solucionada por vmarti,en_proceso,371.42,2025-06-15T02:00:26.121103,2025-06-15T22:00:26.121103,
e59cd84c-cb4c-4fcf-938e-bcda120f89d4,7854a0f6-fca8-47b3-9848-2005884d6459,1d116a08-cf5d-4a73-852e-e3d534c68cac,Solucionada por pelaezulises,implementada,819.7,2025-06-15T02:00:26.118103,2025-06-15T05:00:26.118103,
8154e781-2ced-4575-9ab9-137df94dc4ac,1c3bb8f5-c018-4e6d-8d8b-93adc62b8f99,01a42953-dd6e-4aea-aa83-bb676a69cfb8,Solucionada por vmarti,rechazada,349.99,2025-06-15T02:00:26.121103,2025-06-15T19:00:26.121103,
82b4b9b2-2c46-494a-b40c-d903fbdaae79,73d6a10c-42d1-4f2f-9ee3-bd359847b7f5,2855ed30-46d5-4879-8e19-8bdde8e4955e,Solucionada por georginafernandez,cancelada,268.71,2025-06-15T02:00:26.121103,2025-06-15T06:00:26.121103,
1a47ad09-f864-40d8-9f31-b7eda408934c,828b5ef5-d8c2-4e81-805e-8e1532e87052,c27d113d-959d-4496-a042-d71fa91c3239,Solucionada por lidialuz,en_proceso,206.16,2025-06-15T02:00:26.121103,2025-06-15T18:00:26.121103,
58c17572-742d-4614-8530-d3639e69a578,68edba50-82a3-40d7-ab41-74473628a5a4,e98eafeb-cc5b-4f23-8804-77a9fe1357e3,Solucionada por simonprada,cancelada,745.55,2025-06-15T02:00:26.118103,2025-06-15T23:00:26.118103,
bea1a981-082c-484c-aa1a-dc5842902174,f59b82bf-d3cf-4d15-afa2-3b0865946602,bfa86e4a-bf2c-4657-a5a3-edb33107bccb,Solucionada por pavonamarilis,rechazada,252.41,2025-06-15T02:00:26.120104,2025-06-16T01:00:26.120104,
ef9dbb2b-d562-4043-afbe-624964a698d1,260a40ec-7a8f-4179-b23a-b6ee4e96f034,97334f1d-e559-45c4-ae39-a75e2f055687,Solucionada por ujordan,implementada,616.75,2025-06-15T02:00:26.120104,2025-06-15T05:00:26.120104,
179f4c73-3e4e-446a-8333-0bc175a54248,8f913999-8ac9-412d-a392-bff34fbdbc92,ec25a13a-fac0-450d-9325-cfc945d2de04,Solucionada por loidasantamaria,en_proceso,668.04,2025-06-15T02:00:26.119105,2025-06-15T05:00:26.119105,
8cffa3d0-1bfe-4fb0-833d-3d9812c83c2c,384fbdaf-c70b-416e-b84b-2f0bf0b3f3f5,54227fb2-eabe-407b-bafa-475233c6572b,Solucionada por trinidad64,rechazada,658.44,2025-06-15T02:00:26.121103,2025-06-16T02:00:26.121103,
cb7fdb45-c77b-40e0-98a7-28c3991d37ce,bb48da0d-a605-4659-9a51-50423f81fac4,4a607e6f-4b86-46e1-a29d-73393d191bc3,Solucionada por victor39,propuesta,404.64,2025-06-15T02:00:26.119105,2025-06-15T23:00:26.119105,
73c54e3e-23a1-46d6-a286-8b7a05fadd4f,11e91756-6a01-49f9-a638-4548e2021978,7ec7da82-9ebb-4be2-89f9-6c972e442265,Solucionada por barraltomasa,rechazada,750.43,2025-06-15T02:00:26.122104,2025-06-15T11:00:26.122104,
696ef62f-21c3-4359-bb93-47fc772cd295,92ca7ca2-caac-411b-a09a-6a569671c6ed,340d4655-9af1-4438-8474-0d70afac807e,Solucionada por clarisa14,propuesta,898.6,2025-06-15T02:00:26.120104,2025-06-15T04:00:26.120104,
3c280f17-98b3-4508-8c92-9ebd80c8633c,b7b65cc0-3991-4a00-869b-be4f4eaeabc0,f79de586-5620-45a2-beca-fe72ab2406fa,Solucionada por ualcazar,implementada,968.01,2025-06-15T02:00:26.118103,2025-06-16T00:00:26.118103,
b330a038-0747-47e2-b388-77922e87e6ac,ba448ca4-36e7-4358-8d6e-048aedb193df,2aa21b82-d67d-470d-bee8-30a139eab0e5,Solucionada por calistovicens,implementada,816.55,2025-06-15T02:00:26.122104,2025-06-15T20:00:26.122104,
89b43d0d-c912-4e8d-9ea3-b8d617ccf0ed,0293c459-8319-446e-9376-0d79c4306227,e1fd5b85-b84b-434e-b073-de1d9c81bf25,Solucionada por lidialuz,cancelada,750.49,2025-06-15T02:00:26.121103,2025-06-15T08:00:26.121103,
1f960e27-2036-42ee-9af0-6a652d27c326,aae44f57-9236-4216-a39b-325a18a325c9,ec25a13a-fac0-450d-9325-cfc945d2de04,Solucionada por herberto11,en_proceso,940.59,2025-06-15T02:00:26.119105,2025-06-15T23:00:26.119105,
0bbc0ad8-9669-4e7f-9b4f-90fe5ecee0a2,b3e7a0c8-dcbb-4f1f-925c-aa7b4bb65176,d71c9716-af16-48e3-a010-6d3d0f8ba63e,Solucionada por benjaminalcaraz,implementada,304.26,2025-06-15T02:00:26.119105,2025-06-15T21:00:26.119105,
3e4e4a83-b8d7-4f2f-b3dd-32ec91f1810c,0f0bec70-77a8-4c4c-8754-a7607f4108b9,13f36ba8-2e3e-4280-8fd5-62aaea9a6e2b,Solucionada por sernaabraham,rechazada,165.05,2025-06-15T02:00:26.121103,2025-06-15T12:00:26.121103,
cb9937d7-2c03-4e40-b9c8-4949b0c6fa39,a502eb40-d50e-42da-8ea6-ea828a9584e7,70d573f4-c60d-4f10-b1bf-06c473782203,Solucionada por desideriogalindo,en_proceso,415.49,2025-06-15T02:00:26.120104,2025-06-15T20:00:26.120104,
85d2ae6d-ab1a-4754-8da4-6a22f3858f49,8230bfe4-3493-4cd5-9d75-2c94696111d5,1758b530-cb28-4b41-8fc5-ee8443200dd7,Solucionada por serravito,en_proceso,132.63,2025-06-15T02:00:26.120104,2025-06-16T02:00:26.120104,
65680930-e6f1-407a-9950-2c6363238a7b,d07cd455-dfba-440a-9492-66d5f9f46a9b,2ad8c2fd-4258-4dd1-aff6-9b3ebc320af0,Solucionada por maria-jesusvidal,rechazada,139.15,2025-06-15T02:00:26.120104,2025-06-15T19:00:26.120104,
c8acc80b-aaca-4300-9c70-67c843d1e2d1,224da800-b047-4278-af8a-5b97f1e14fbb,8369ee32-a457-47c4-bcd0-7134c02e0993,Solucionada por federicosalamanca,rechazada,453.6,2025-06-15T02:00:26.121103,2025-06-15T21:00:26.121103,
24e83ff7-6192-4188-ba6a-e8a2204cc273,db2f9a33-5098-41b0-8e4a-fe7f03447b76,d7c0d5a3-9e87-4ef7-a649-565a79d22fc1,Solucionada por maria-del-carmenpina,rechazada,579.44,2025-06-15T02:00:26.119105,2025-06-15T11:00:26.119105,
dc8f4733-b024-4a53-ba0c-0bebcffd8161,0e64f070-49af-47bc-9838-1b91c7014a08,c1ce271d-30ce-4197-beb0-e38ac09d0579,Solucionada por loida24,implementada,763.92,2025-06-15T02:00:26.120104,2025-06-15T11:00:26.120104,
d631f64e-3a3c-4453-8bf9-4b2bef7d1843,33363923-13e7-4853-a86a-6710da044083,7e856126-fd5d-494a-9282-fc8fb2d90b14,Solucionada por barraltomasa,rechazada,894.16,2025-06-15T02:00:26.119105,2025-06-15T13:00:26.119105,
f1dd5d75-6de3-4040-bb0b-0598449796fb,3920a040-f691-46fc-bd92-251f2fff68b6,313e74c9-c15f-48ce-9c3c-8fe0bab3dade,Solucionada por renata67,en_proceso,546.94,2025-06-15T02:00:26.121103,2025-06-16T00:00:26.121103,
b7e40a73-7fdc-416c-a7e3-8208ab97d4fa,2e250588-b7a6-4c8d-8dd7-6dcd9793a6b1,c87f54ff-704a-484f-aa8d-36b3309d6743,Solucionada por lidialuz,propuesta,940.85,2025-06-15T02:00:26.120104,2025-06-15T05:00:26.120104,
df51db72-d194-44c2-b69f-5ec16aeef91b,b80010aa-375e-4241-94c0-dd8043dd1e93,9e2081ca-8843-4d8a-a0b0-bc2425736069,Solucionada por jonatan53,cancelada,213.41,2025-06-15T02:00:26.120104,2025-06-15T15:00:26.120104,
31c1e723-3399-4128-96f8-c1f9199963fe,8182ebe4-c130-46ce-9533-fc7c1d53434b,f79de586-5620-45a2-beca-fe72ab2406fa,Solucionada por esteraleman,en_proceso,913.44,2025-06-15T02:00:26.120104,2025-06-15T06:00:26.120104,
eafe1c74-7652-4181-afc2-528560e7f7c5,cc7ce2ee-dcc3-4726-a3ce-3e363ceef804,c27d113d-959d-4496-a042-d71fa91c3239,Solucionada por pascualmodesto,rechazada,881.67,2025-06-15T02:00:26.118103,2025-06-15T20:00:26.118103,
c131a597-80ea-45f3-a371-8cee6306cfcf,74a997ab-00d9-4e57-a117-28028243af6a,00f2064c-8561-49fd-b999-160a360f3215,Solucionada por zramon,cancelada,790.73,2025-06-15T02:00:26.122104,2025-06-15T05:00:26.122104,
d6402f3c-397a-4bbf-9d4a-a8477580592c,a3161bb6-c275-44f5-8657-0d1021f33a1a,97324d1f-aa3b-4f3e-8119-87e005f7deba,Solucionada por almudena16,rechazada,167.06,2025-06-15T02:00:26.118103,2025-06-15T22:00:26.118103,
38be5593-0c40-4e8a-955c-33bc40a7e056,6ba9abe3-17c0-4c90-98de-31faf628e29c,2ee70078-624c-44ff-a40d-29475f5a27bb,Solucionada por luquemarino,propuesta,742.19,2025-06-15T02:00:26.119105,2025-06-15T13:00:26.119105,
c5db1804-73f7-4a02-a8e2-584c37e9e388,523705b0-7e7b-423c-ac60-32d1b8d00622,300dba2f-9e12-463f-b380-aabd716ecd3b,Solucionada por zcriado,propuesta,832.57,2025-06-15T02:00:26.121103,2025-06-15T22:00:26.121103,
c05a7aa4-4c9d-4c64-af7e-46fdf8c26511,13b4ff7d-cb80-4cbd-9882-0f803cff08ca,fc11d5a3-7248-430f-a92d-a910a251e68e,Solucionada por hidalgomelchor,propuesta,524.93,2025-06-15T02:00:26.120104,2025-06-15T19:00:26.120104,
0af70f58-8ab7-4510-a94d-2ce6c2e0e32b,ba6acf4f-a298-4eb6-8b54-8bf3c7d6dfb4,1881e4cd-7c8d-4a25-a4eb-2574558dc79f,Solucionada por ujordan,implementada,108.26,2025-06-15T02:00:26.120104,2025-06-15T19:00:26.120104,
76fb1797-5b98-44eb-a124-be2156049fc6,03b37ca9-6e31-47d9-bdfe-c4e396c7cc36,1dbac2d5-5649-4985-992e-7dce91bde3ec,Solucionada por paniaguamarcia,rechazada,385.56,2025-06-15T02:00:26.118103,2025-06-15T11:00:26.118103,
b5ec0645-c9a8-4abf-879c-a17ce3383e0e,14df07cf-3619-4a6b-bf96-c0a4aedac9ca,9e2081ca-8843-4d8a-a0b0-bc2425736069,Solucionada por zmarin,propuesta,222.44,2025-06-15T02:00:26.118103,2025-06-15T19:00:26.118103,
f8243200-6e55-459e-9eb3-917e84b67b2d,d4f25908-7e13-4f3b-8650-ba2964425360,c9ab4321-4ab1-4244-bbd8-f78dd68e16fa,Solucionada por ivicens,en_proceso,787.64,2025-06-15T02:00:26.118103,2025-06-15T12:00:26.118103,
b8a6240c-ed13-470a-99be-119efdf33f7d,a94cbff6-13b2-4acf-a670-ee5dab9a62eb,d2a4a449-9a1c-43ea-8f0e-89fd2177d4a5,Solucionada por serravito,en_proceso,124.95,2025-06-15T02:00:26.121103,2025-06-15T15:00:26.121103,
83267f89-5f31-4034-b01f-c45d8e41a49c,376ab528-5f4a-4cc5-8c45-c06d8d17dcd9,e1fd5b85-b84b-434e-b073-de1d9c81bf25,Solucionada por carrenovinicio,propuesta,145.88,2025-06-15T02:00:26.119105,2025-06-15T12:00:26.119105,
6df463e9-f1e5-41ce-ba90-1507205c56c6,ec8bccd3-2c6b-4c42-b53e-67446a2a4227,b75dc761-d43d-411a-8c59-eb6861403b40,Solucionada por pbuendia,rechazada,292.74,2025-06-15T02:00:26.119105,2025-06-15T18:00:26.119105,
ea61d71c-ff74-4572-9c7d-24a62b9f9580,e1e3ee6d-a559-42da-b8eb-f729765586cc,04a1bbe3-2a6f-4eb4-b969-edc86d0e31b3,Solucionada por mendizabalrufino,implementada,679.03,2025-06-15T02:00:26.120104,2025-06-15T04:00:26.120104,
13c46ac4-5f9b-4e38-b928-beb2179b08a7,08018ccc-a01d-4822-9ba8-859e1dab9e1b,221bac78-7ec4-4166-972a-6ed942a63279,Solucionada por carmencervera,rechazada,697.36,2025-06-15T02:00:26.119105,2025-06-15T22:00:26.119105,
34d15f71-6a9d-4546-8466-3af223076b95,e105798c-16ba-4e8f-975a-fe1cfe19c931,1716753f-d415-4fd2-9897-c1db99f7ee6b,Solucionada por jacinta37,cancelada,722.03,2025-06-15T02:00:26.119105,2025-06-15T22:00:26.119105,
15bb00a1-1b7c-45a2-9a98-aa3857a3f7f4,396dc1e8-4249-4ddb-8e1a-510c566c0d59,1fca5c1c-cbb4-4814-ad2b-df104ce54956,Solucionada por carrenovinicio,implementada,516.75,2025-06-15T02:00:26.120104,2025-06-16T00:00:26.120104,
960a90fd-ee85-4953-a1b9-af6d02ffe8a2,ad295e84-d368-4787-b02c-c98a9e0aee34,ec3320a9-69eb-480a-89cc-3ea03f271a1e,Solucionada por carranzadafne,rechazada,776.4,2025-06-15T02:00:26.119105,2025-06-15T10:00:26.119105,
12530d64-4cf6-4bbd-9fb1-37cabd12ca44,a4beaef7-6716-4ceb-a854-925a8b0b7a4f,85bcaf2d-12fa-4a5e-80ce-6ed72f911c46,Solucionada por georginafernandez,rechazada,456.08,2025-06-15T02:00:26.119105,2025-06-15T22:00:26.119105,
3865a391-5138-497d-a6bc-f22e0ecfa487,5d4b414e-112d-4843-9bcc-7b11b32a0869,8d347fcd-6150-420f-b677-55fca7d6c3be,Solucionada por dominga11,en_proceso,816.1,2025-06-15T02:00:26.121103,2025-06-15T09:00:26.121103,
d7e20d11-e101-44c5-b399-70bdd4ded165,e8397684-94dc-48a9-8dd2-a38c0e962533,ffc91a76-fbdb-464a-86b0-0ec6c5667748,Solucionada por maria-jesusvidal,en_proceso,241.9,2025-06-15T02:00:26.120104,2025-06-15T10:00:26.120104,
78e9c22a-73aa-4432-a314-c2ddbeb13957,0ca84436-b4fc-4799-b0f3-fa55c9dbb3ab,22fe8ba1-a6e4-417b-9240-ac3db7e09d78,Solucionada por fsola,rechazada,345.69,2025-06-15T02:00:26.121103,2025-06-15T23:00:26.121103,
864832c9-53fa-4287-856c-c9ab76df8179,8a16697a-eea9-4e45-a1c4-b982a8717cd8,958a96fd-df1c-4b2f-af15-eee3f985ede5,Solucionada por luis-miguelzorrilla,rechazada,150.73,2025-06-15T02:00:26.120104,2025-06-15T13:00:26.120104,
6f02f62c-4b96-450e-83db-1c4c89b450f6,d83023df-0a23-44ea-9ddf-1ec64216b70b,161511e7-0f2f-4569-a6eb-86adf3820449,Solucionada por enriquecomas,implementada,834.14,2025-06-15T02:00:26.118103,2025-06-16T02:00:26.118103,
2ed91689-3e6b-4835-a291-9f6f52a1369d,73addd72-5171-4e14-8e2e-a9082cdb3b21,fdafe91c-3460-4edf-828e-c6e65fa44856,Solucionada por victor39,propuesta,862.61,2025-06-15T02:00:26.121103,2025-06-15T23:00:26.121103,
d7c3b3b2-eb5b-4cf4-b777-38ea332f1041,23d81211-aae7-4dcb-ba4c-ab5cda069144,e1fd5b85-b84b-434e-b073-de1d9c81bf25,Solucionada por melisaquevedo,rechazada,478.62,2025-06-15T02:00:26.119105,2025-06-15T08:00:26.119105,
ebc62356-c670-424a-842b-8b8d5f066f33,f1884819-d50e-4acf-b474-3de71cb2f6c6,d96ab3b7-7e0e-4501-b44b-31c132a34bd3,Solucionada por melendezzaira,implementada,975.42,2025-06-15T02:00:26.119105,2025-06-15T05:00:26.119105,
960427e4-6e5d-4376-ac41-5ff4f671a100,584be1e2-8517-4c03-bfc3-01d0e5ae2a62,21d98432-0ba5-4855-b7e0-199d67c49934,Solucionada por herberto11,en_proceso,668.25,2025-06-15T02:00:26.118103,2025-06-15T20:00:26.118103,
c3ee9b3d-9734-4430-98d4-9e4dec7d054c,1902d5b6-392f-4de0-8177-4981769cdf50,f2e1c665-ea6e-46cc-a41e-ebd49fa13e0b,Solucionada por amadorjulieta,implementada,457.44,2025-06-15T02:00:26.120104,2025-06-16T02:00:26.120104,
e9d7c762-580d-4c31-82f9-17817ca5fe90,3026238a-84b1-4a6b-827a-2aec851b6b79,d96ab3b7-7e0e-4501-b44b-31c132a34bd3,Solucionada por waltermur,propuesta,630.73,2025-06-15T02:00:26.120104,2025-06-15T09:00:26.120104,
3a8b244c-5137-474b-8d08-54b708b0409c,1d1d248b-0e56-4fd7-9bd2-4644966997e6,6a727750-f5ec-4342-8b03-07a0df3c39b9,Solucionada por zairamoles,implementada,454.51,2025-06-15T02:00:26.121103,2025-06-15T09:00:26.121103,
e67bbd11-dd91-4c66-ae86-1329b5ce93bb,121734b2-45d6-4dde-a948-9e742a0e321b,1716753f-d415-4fd2-9897-c1db99f7ee6b,Solucionada por andresagusti,en_proceso,223.51,2025-06-15T02:00:26.120104,2025-06-15T04:00:26.120104,
db99057b-9cfc-4108-b53c-716e11ea78cf,4e53f528-28a8-414b-9955-9dbb7d7b5164,e904e160-2a60-4bbc-af99-78980c050b1f,Solucionada por pereagalo,propuesta,723.94,2025-06-15T02:00:26.119105,2025-06-15T15:00:26.119105,
c5ed3c1d-904b-4aa4-b457-55a1f74cc3ae,c519eb43-636e-49c0-85df-92ae0244f55e,d3d4215d-2549-4a60-90ae-5673fe6147a2,Solucionada por aflores,cancelada,580.95,2025-06-15T02:00:26.121103,2025-06-15T18:00:26.121103,
519d0e24-280c-479b-9065-0164feacee67,deabd01c-87b0-4228-b7ff-57ae01f2b4ed,2540f804-8e5d-4b67-88d5-f55e4a494d55,Solucionada por blancalozano,cancelada,294.33,2025-06-15T02:00:26.119105,2025-06-16T01:00:26.119105,
da479388-469a-4708-b9de-cb22c23bc18b,e95fc77e-6bdf-4d71-b449-fa3d6be7d068,1afa0825-eae0-43c0-8b60-0473732076c8,Solucionada por qquesada,propuesta,371.82,2025-06-15T02:00:26.119105,2025-06-15T23:00:26.119105,
05efe685-5f04-4c8e-bda0-5db7d6e3fb3b,f7bc5d9b-4e4a-4703-bdb9-22a74112dca2,c2ffeea2-9ae1-43ec-8258-51430a479c0b,Solucionada por lidialuz,cancelada,441.55,2025-06-15T02:00:26.121103,2025-06-15T11:00:26.121103,
8931c3a2-d069-4147-9a1e-0dcea5a1aa55,6228588d-f0a5-4207-ba77-7721b4d2a00f,d5ee2479-474a-4d9b-9ae6-dc470a67befb,Solucionada por tiburciocolom,cancelada,174.42,2025-06-15T02:00:26.118103,2025-06-15T16:00:26.118103,
a9a43611-bf47-44bc-aed4-d908abffcdfa,ac5a9939-ae7c-4af4-8344-6e77954c4d1b,37da15e5-d690-4c14-98e6-ae918f2266c0,Solucionada por andresmanu,propuesta,264.48,2025-06-15T02:00:26.121103,2025-06-15T22:00:26.121103,
da77c95f-738c-4ccf-bcbd-af84fbda6afa,3ec013b8-a523-48ce-b2a5-ab13274d6ee9,4086ce7b-6943-4ff7-bc1b-94a7039ea50c,Solucionada por gpazos,en_proceso,926.67,2025-06-15T02:00:26.121103,2025-06-16T01:00:26.121103,
1e6785de-3a44-46e3-b93b-3fed25a16d5c,0cb98f43-d80a-4fc7-81ae-1f21c383c7af,ed69d931-8fca-4f34-815f-8e109f42c782,Solucionada por marcialfuertes,cancelada,440.03,2025-06-15T02:00:26.119105,2025-06-15T17:00:26.119105,
eb877838-0e53-459d-a1de-d2b181d9aa00,264d98f8-477a-4898-ad54-72af849419b2,d6c39a50-474c-4461-9ad0-ccf7b5956aa7,Solucionada por urrutiajaviera,cancelada,906.48,2025-06-15T02:00:26.122104,2025-06-15T16:00:26.122104,
9033e201-5903-488e-9524-92b3f46450ab,28c0dcf9-cd51-4947-89d9-6cbeaa5b33b1,f0e3c66b-8fd0-4f71-a396-241df9502712,Solucionada por teodoro78,cancelada,421.05,2025-06-15T02:00:26.119105,2025-06-15T19:00:26.119105,
09e170f3-4297-419c-9cea-d03d939fbd52,a08ec622-3c20-47be-891c-ed66ed3a54c0,b961b5f3-df31-4687-8da8-c4fd9f5c15f5,Solucionada por raviles,en_proceso,611.25,2025-06-15T02:00:26.118103,2025-06-15T19:00:26.118103,
992f456c-b5e8-4c17-92a3-4147dbdb3f5e,bfa4cac1-aa97-492d-8be5-7a42d66864f1,bfb25689-14f7-4d4c-9ab0-22f1b7c2ece5,Solucionada por urrutiajaviera,rechazada,379.9,2025-06-15T02:00:26.119105,2025-06-15T17:00:26.119105,
6b4dda4a-f638-4176-8f99-aec67fbf86ba,91fc6ce5-1b28-447c-83df-1120e40b1af8,d06cd773-f809-4449-a156-3ca4fa358775,Solucionada por teodoro78,en_proceso,727.82,2025-06-15T02:00:26.120104,2025-06-15T08:00:26.120104,
fd37ee97-47ee-4a56-a814-f02807ab8524,87855b0a-65c9-43b0-8392-ca8ac6051b40,98e6f282-ee6f-4552-b926-8bedc9277e14,Solucionada por emilianaamor,propuesta,159.75,2025-06-15T02:00:26.121103,2025-06-15T03:00:26.121103,
024f4885-24fe-448e-8567-e5ce84b9e31a,8e7ab46e-7461-46c0-a316-b13d369ac7a6,497349d1-0102-47bf-8a33-25c239530ea5,Solucionada por bbenavent,propuesta,734.86,2025-06-15T02:00:26.118103,2025-06-15T20:00:26.118103,
73857425-0e5a-4ce1-af11-b682a15ec854,b1153fe3-dcae-4248-a681-61e1e76f000c,cae72d84-2447-41d9-bd0f-c209c3d5c2be,Solucionada por federicosalamanca,cancelada,752.13,2025-06-15T02:00:26.120104,2025-06-15T04:00:26.120104,
9b2fdcff-af9a-4efa-af6f-f30fb1bcf7e3,458113d2-8e03-4622-87b1-138bc2782746,6fed4398-e805-4dfc-8af8-350ba1187ce7,Solucionada por oplana,cancelada,441.25,2025-06-15T02:00:26.121103,2025-06-15T21:00:26.121103,
fd21b36a-c8a3-46a9-84cd-504634cb2e28,fd8a047b-3817-4320-bf8c-a40643f20932,43ef1852-5036-4af8-952c-ebe9f5455cc6,Solucionada por simonprada,rechazada,238.69,2025-06-15T02:00:26.120104,2025-06-15T12:00:26.120104,
12fa08cd-f024-49ab-82c9-02e81000de3e,4f8f3099-12ae-4dff-8605-6f3c670636ec,d121bfd9-08e7-441e-b97f-2ade2620333a,Solucionada por maristela99,cancelada,493.47,2025-06-15T02:00:26.121103,2025-06-16T01:00:26.121103,
273ff3fe-c97e-4e60-bad5-7e31d36ecf25,70a642a5-5d38-4df5-9659-dd5c3390e6f6,b759050f-accc-49b1-95f9-be7a930aae8b,Solucionada por rufinosalamanca,cancelada,861.78,2025-06-15T02:00:26.122104,2025-06-15T06:00:26.122104,
fe7f701b-4be4-4c8b-844d-f89a9d142e91,0f225b3f-8f81-499e-aa13-30f8dc948f07,4425e250-3f5f-40c0-a45d-ef7b396b0ba2,Solucionada por clarisa14,rechazada,792.04,2025-06-15T02:00:26.121103,2025-06-15T10:00:26.121103,
1114c275-4611-429f-a5fc-7dff489498f8,38f45aac-d3a4-472a-90d5-9f2c4257263c,78fc512d-a1ea-4d3f-b107-4e302ac4187d,Solucionada por marcialfuertes,cancelada,394.43,2025-06-15T02:00:26.121103,2025-06-15T03:00:26.121103,
5c1b5b4c-1299-4bb2-9ab2-db8bf001a4c5,308e3219-d6ba-44b3-afdb-921336cb51fc,ab73797a-a0e2-4e27-933a-382ad1960415,Solucionada por cruzteodora,cancelada,409.51,2025-06-15T02:00:26.120104,2025-06-15T22:00:26.120104,
21209c47-d59f-473e-a3d9-5cc2f0e42a32,64cafcbb-286c-4b94-84be-61c8cd54a4c7,64269380-ee4f-4d64-ba8d-dfc7f6b7bf44,Solucionada por candido01,cancelada,550.54,2025-06-15T02:00:26.121103,2025-06-16T00:00:26.121103,
cae9624f-4f07-4fc5-8396-e78311e7beac,1ae485b4-dafe-4383-8255-723402f13203,176b87d7-0bf5-464c-9de4-4c795f0ef336,Solucionada por guijarrochelo,propuesta,336.98,2025-06-15T02:00:26.120104,2025-06-15T09:00:26.120104,
9a3712f9-21e5-4fbd-ad29-225db7e683c4,63d7b331-d09e-498f-9653-5359350439cb,26a8ed80-550b-421b-92bd-450710d38016,Solucionada por enriquecomas,cancelada,940.27,2025-06-15T02:00:26.120104,2025-06-15T16:00:26.120104,
15ced47a-c23e-4611-874a-685cf090e50f,30ea5b15-6404-4f2d-a1f6-3fb4877c463c,26a8ed80-550b-421b-92bd-450710d38016,Solucionada por eli58,cancelada,862.26,2025-06-15T02:00:26.121103,2025-06-15T19:00:26.121103,
b41d8027-6727-40a9-81cc-aa8e72604a90,2ea7ecfb-bea2-41ec-9672-66d7b2b87854,429bd7fb-b7a0-4390-8e0a-03e3ba597a16,Solucionada por zrivero,implementada,395.06,2025-06-15T02:00:26.120104,2025-06-15T07:00:26.120104,
ebe1089f-e5a5-4b40-b4f5-cc0d4d7696bb,eddf87dd-4517-4122-8554-753b2e964dae,a2bf5123-c769-4f09-b2a6-dea036a87357,Solucionada por ebautista,propuesta,258.62,2025-06-15T02:00:26.120104,2025-06-15T17:00:26.120104,
18b9a432-4b2e-40d0-a14c-554627e57c53,77140f4b-7129-44d0-87fe-5f3e2ab41cdb,51a4a869-b4d7-44c9-bd24-f818612ebff8,Solucionada por almudena16,implementada,116.16,2025-06-15T02:00:26.118103,2025-06-15T09:00:26.118103,
456db6f7-ecd2-4bea-9a80-2659adc666d4,2c7247b9-bd20-4a01-91b0-26646d96541f,4a607e6f-4b86-46e1-a29d-73393d191bc3,Solucionada por ingridiglesias,implementada,578.03,2025-06-15T02:00:26.118103,2025-06-15T16:00:26.118103,
6890f5fb-867a-48ab-81e4-1918097d6d36,b75b2b15-dd89-4d42-8e23-c1d64f43cc1f,a3664404-7477-48da-af98-1cb70e871d18,Solucionada por collpepita,implementada,166.06,2025-06-15T02:00:26.120104,2025-06-15T05:00:26.120104,
4473fa5d-2930-4c96-9bb3-da5dbdb3a3cc,43459ed2-2cc7-47ad-a3d3-4b52c01fd927,d6f70c95-2281-4d1b-86ce-29ba140bc93c,Solucionada por alcaldepaco,rechazada,736.53,2025-06-15T02:00:26.118103,2025-06-15T16:00:26.118103,
432512e4-9ced-4d1b-97c4-45b50ef7dad4,261b3a21-42b4-47cf-84cb-5ccfb537836d,90fa6237-27cf-4b92-b774-c4c4fdb9f5e7,Solucionada por galvezsebastian,propuesta,365.72,2025-06-15T02:00:26.118103,2025-06-15T21:00:26.118103,
8d5ea918-9737-4f4e-96bc-112fb459616b,c242fca6-0b17-4fff-ba9f-275955d70fb3,85bcaf2d-12fa-4a5e-80ce-6ed72f911c46,Solucionada por cidmaria-fernanda,implementada,310.78,2025-06-15T02:00:26.122104,2025-06-15T08:00:26.122104,
88ca00fa-cdec-4877-b778-6d0b6d2cb78f,43d2617c-d9f8-4635-bf28-a784015892a8,1d5c27b1-9adb-45ad-b89b-742e10afc1ab,Solucionada por julietaherrero,cancelada,372.79,2025-06-15T02:00:26.118103,2025-06-15T09:00:26.118103,
ccbb62e7-329c-4c9d-967f-9ba1ee2827fe,4ff3f31c-6311-4b1f-bb75-5d6ff889ad73,e1fd5b85-b84b-434e-b073-de1d9c81bf25,Solucionada por dribes,rechazada,415.36,2025-06-15T02:00:26.122104,2025-06-15T04:00:26.122104,
938ed5b3-05ff-4539-9125-0a384a3aaa60,926d4c08-9117-4c68-add3-a8345a952c58,221bac78-7ec4-4166-972a-6ed942a63279,Solucionada por dora42,rechazada,571.8,2025-06-15T02:00:26.121103,2025-06-15T05:00:26.121103,
41a90ced-3415-4cdb-b751-8eafd6251b65,9f212900-89b9-4fed-8f26-268a44ce74f5,5cdcecb1-1af7-4552-b8d4-2a41db2f8372,Solucionada por barraltomasa,cancelada,171.74,2025-06-15T02:00:26.120104,2025-06-15T04:00:26.120104,
e3a2723a-c9cc-4fd8-844a-fab6be614431,4e723fe5-e748-401a-ad9f-c44b3bf30b6a,f3d0c779-4304-43a1-bf18-71914c3b3c89,Solucionada por cferreras,en_proceso,613.57,2025-06-15T02:00:26.120104,2025-06-15T16:00:26.120104,
17d1954a-9e1d-4672-9afe-d8454dbffb5d,988e5e98-5835-4860-aca1-979d46f41156,77c9947a-f83f-4b23-acd5-8f184092e720,Solucionada por vhernandez,rechazada,895.95,2025-06-15T02:00:26.121103,2025-06-15T05:00:26.121103,
6bd1d343-ae28-4a73-b9da-4e620e02b778,8cef48cf-0fa7-4a34-a7fc-6966a5feab30,6a4183e8-2150-45aa-b844-cfd8cb2ba6c4,Solucionada por puribe,rechazada,592.19,2025-06-15T02:00:26.120104,2025-06-15T23:00:26.120104,
a52e0249-4c2a-4ef7-a42c-325871634b72,b09fc9a3-9afa-4356-87ab-951a8a690d77,f8e77acc-0671-43f6-a97a-203d592f9d13,Solucionada por ebautista,cancelada,521.75,2025-06-15T02:00:26.119105,2025-06-15T23:00:26.119105,
acc2bf44-8fdd-4b21-9afe-c6bf631992e1,69bcb72b-de8b-4e47-afb1-edf1e29f34be,3940ac26-5d3b-438a-bc04-a8745801694c,Solucionada por carlito99,en_proceso,866.52,2025-06-15T02:00:26.118103,2025-06-16T02:00:26.118103,
20447ca3-49dd-46a6-93c3-9eb7b3fb74ee,748c2ac6-4743-4333-abc5-c25d30aa42a5,424d6cd7-bf50-4b26-abe6-259835f10c6e,Solucionada por calixta41,propuesta,662.49,2025-06-15T02:00:26.118103,2025-06-15T23:00:26.118103,
39b44ba1-5a92-47db-a6c3-b58fbce9b8f1,07bc18cc-2144-4365-a76a-fbbb559a4fbf,b6491079-787c-4e13-b909-2ab7303d55cc,Solucionada por isabelmarco,implementada,725.46,2025-06-15T02:00:26.118103,2025-06-15T11:00:26.118103,
9d26117e-4922-4cfb-be04-ead5bc13ef96,eb3fdef9-9320-4e4c-873a-103a92644e53,c1ce271d-30ce-4197-beb0-e38ac09d0579,Solucionada por isa57,en_proceso,637.07,2025-06-15T02:00:26.120104,2025-06-15T11:00:26.120104,
e5c6b5f3-5d76-4995-af9a-8ac010b3a213,d248a54a-6f85-4ef3-8b59-7a3672c5480b,1f25e9e8-6495-45ae-9770-f152dba16582,Solucionada por jolive,cancelada,881.45,2025-06-15T02:00:26.119105,2025-06-15T18:00:26.119105,
bd86fbca-fd9a-4327-ae23-f91cb692b019,00196fae-7618-4c33-bea4-868650513d3d,c9ab4321-4ab1-4244-bbd8-f78dd68e16fa,Solucionada por candido40,cancelada,769.22,2025-06-15T02:00:26.119105,2025-06-15T11:00:26.119105,
fe754526-f729-4fb8-95b3-2b51d957252e,e73e2aa8-70b2-474a-a516-fb966a026571,677eceaa-cd6d-4ed4-9d6a-49f78f08d55e,Solucionada por rufino16,cancelada,654.6,2025-06-15T02:00:26.119105,2025-06-15T13:00:26.119105,
3e38ef42-0fae-4778-84d3-874b84428510,aded99ca-3f0c-4c0d-8385-89267b714c3e,a9e9110c-3214-4c9e-ba21-e5ffa54d3bab,Solucionada por jacinta37,propuesta,531.52,2025-06-15T02:00:26.119105,2025-06-15T15:00:26.119105,
0c3c782a-852f-4b8b-978f-208f8c7d9001,83441fdb-6130-4af0-80a2-8b119a7b936d,e1cd2056-ddc1-4203-9d6d-911eee509c13,Solucionada por maristela99,propuesta,626.1,2025-06-15T02:00:26.120104,2025-06-16T02:00:26.120104,
5a99c69a-64c4-4348-9fd6-117573dd4846,edbcf4f5-5275-43ef-bead-3ba47e8255a8,a9e9110c-3214-4c9e-ba21-e5ffa54d3bab,Solucionada por bonifacio05,propuesta,905.6,2025-06-15T02:00:26.121103,2025-06-16T00:00:26.121103,
1aafb4cf-fbab-480b-8e34-f5a2973f7558,3573f087-8409-4b03-905e-482c16787306,ac356e7f-d481-4806-8bb5-c4eb89cf58f7,Solucionada por hidalgomelchor,implementada,318.97,2025-06-15T02:00:26.121103,2025-06-15T06:00:26.121103,
06b84d72-8245-467c-a1a7-ca2f6024d06f,902a2c6c-b31f-472c-b8ae-379f71064fef,69d30068-3f2e-459c-bcc7-87b64c930d96,Solucionada por lagunaadriana,en_proceso,742.96,2025-06-15T02:00:26.119105,2025-06-15T22:00:26.119105,
fba6eb57-1cb0-4b84-b192-33913382b56c,86386a99-9842-41a8-914d-c50ffa500707,af241b4e-fcc3-4c96-8119-8c4119ace35e,Solucionada por reyna61,en_proceso,726.92,2025-06-15T02:00:26.121103,2025-06-15T17:00:26.121103,
4dfd6e8d-2798-41b4-b1a5-997c7d275712,e956df3a-061c-4360-9bd2-c4c4295683cc,43ef1852-5036-4af8-952c-ebe9f5455cc6,Solucionada por maristela99,propuesta,295.35,2025-06-15T02:00:26.121103,2025-06-15T21:00:26.121103,
2cc4c8db-55c4-4529-823f-aec20e044fad,325a1149-3470-47d9-baea-491e04de8cc2,2ee70078-624c-44ff-a40d-29475f5a27bb,Solucionada por mramos,en_proceso,427.87,2025-06-15T02:00:26.120104,2025-06-15T07:00:26.120104,
27da4f41-bec9-4a2c-a39f-cb5028f2db52,2d20f4b1-0572-4e7c-be91-c11b859a3fe7,60d7a539-4cba-4024-978f-1f385bbccd4d,Solucionada por victorianoclavero,en_proceso,845.95,2025-06-15T02:00:26.121103,2025-06-15T19:00:26.121103,
00338577-7d7f-4de4-868c-6cf642fe5774,4dabd264-f7de-4deb-97d9-d6d2729c398c,4dcbc702-28ad-4e13-8757-f39a37af0157,Solucionada por amadorjulieta,en_proceso,643.3,2025-06-15T02:00:26.119105,2025-06-15T16:00:26.119105,
883b561d-7b5b-47cb-b524-cbdc694ba0d1,553fb4fd-1fc2-4b1e-b0cd-4704149c63f1,1d116a08-cf5d-4a73-852e-e3d534c68cac,Solucionada por pmartinez,implementada,920.41,2025-06-15T02:00:26.122104,2025-06-15T11:00:26.122104,
7da105f9-1cdf-4a18-873b-cbde62b8f528,b4d2b692-3c33-4eeb-b58d-7f485101c8ef,2d7b3c59-c8f4-49d8-8bf0-0b06b195e5bb,Solucionada por molinerlucia,en_proceso,650.01,2025-06-15T02:00:26.121103,2025-06-15T10:00:26.121103,
1e804e87-607a-4c22-8c39-d07115dcc3eb,a9b971cc-7cfc-4ed1-a4d4-f98b5af0ca65,7973dee7-9028-4b3d-b98c-59e62727629d,Solucionada por elisarobledo,implementada,480.26,2025-06-15T02:00:26.119105,2025-06-15T18:00:26.119105,
b4974074-4f08-4447-9b31-a5f57d3f98de,5992d1b5-41dc-436d-951f-351efdec06c3,161511e7-0f2f-4569-a6eb-86adf3820449,Solucionada por marciano72,rechazada,360.23,2025-06-15T02:00:26.121103,2025-06-15T19:00:26.121103,
5a7bd0e0-ad21-4255-b5af-1130814df2eb,44d2a3f8-a0e8-4027-b605-52fd424bac0a,fdafe91c-3460-4edf-828e-c6e65fa44856,Solucionada por blancaduque,rechazada,745.66,2025-06-15T02:00:26.121103,2025-06-15T13:00:26.121103,
6f2e746e-d41e-4821-a0c1-a4618e9b3313,66192eee-9495-410a-ad8f-39a5fa46c436,3983c8a7-6165-413f-b567-7063f508c17c,Solucionada por fitosalcedo,en_proceso,740.3,2025-06-15T02:00:26.119105,2025-06-15T10:00:26.119105,
6af820af-ba9d-4d3f-9c67-c6f7f278e439,41a55d60-100e-431e-88c7-c3b5efc94458,8c2e21f3-658c-4d23-9285-728d9d383e78,Solucionada por nombre_usuario,propuesta,522.21,2025-06-15T02:00:26.119105,2025-06-15T07:00:26.119105,
893c5299-212c-4ed1-9f44-2fd86330ebd1,c4dee005-d71d-45f2-8e74-e8e5b791da90,0e9a3284-1e76-42e1-9c95-a1a6e41201eb,Solucionada por jimenezdamian,rechazada,433.58,2025-06-15T02:00:26.119105,2025-06-15T16:00:26.119105,
0fa77f21-4927-4bd3-82ed-eeae16acab42,a79e8648-cc1a-4703-83a7-c634b29030c9,98e6f282-ee6f-4552-b926-8bedc9277e14,Solucionada por teodoro78,cancelada,897.16,2025-06-15T02:00:26.121103,2025-06-15T05:00:26.121103,
85173513-23cd-402c-9863-d68a44245f9f,7691e0f4-59bf-4d37-a0d0-2e3bb580f11d,d2a4a449-9a1c-43ea-8f0e-89fd2177d4a5,Solucionada por nicodemomelero,cancelada,915.84,2025-06-15T02:00:26.121103,2025-06-15T21:00:26.121103,
e7d5f613-9511-4d62-af5c-e08de499beff,e16907c4-dbee-4044-bb84-0d38e491c722,f08f3d62-de3e-4719-ab6c-999c5aaaf9f5,Solucionada por zverdejo,en_proceso,421.95,2025-06-15T02:00:26.118103,2025-06-15T23:00:26.118103,
0c325b8f-ba04-4ccb-a640-732e6ed484a3,180be1d7-e31f-49a9-a9dc-80e091d674b2,b11aadbd-d90f-474c-8787-6343c89975c1,Solucionada por raviles,rechazada,759.64,2025-06-15T02:00:26.118103,2025-06-15T18:00:26.118103,
ee5e6660-4d2a-43de-900b-5fc4b637240c,fa1c2607-c4ca-49ba-8d71-d0ec634e9340,f6469f46-79b4-44d4-b214-c3e1267ba3a5,Solucionada por arielhervia,rechazada,310.8,2025-06-15T02:00:26.121103,2025-06-15T07:00:26.121103,
9a5e67f9-664d-4a25-9b3f-475845718579,32352be9-8bfc-414b-8e59-67ff90609fe9,707ef963-2712-48d7-91f3-ad65061f8fc9,Solucionada por hidalgomelchor,en_proceso,615.49,2025-06-15T02:00:26.119105,2025-06-15T12:00:26.119105,
ddfe653e-b05c-41a5-9ff9-925d0627ebac,1dbe961a-5d7c-4f75-957c-e04b17eae9f1,c9bdb678-c5b2-4004-b813-68b4745942ca,Solucionada por renata67,propuesta,891.59,2025-06-15T02:00:26.118103,2025-06-15T15:00:26.118103,
259e4edd-b866-4231-84b8-c63026766a80,b312c65c-288d-479a-9a4e-0f30db8c61c7,37245c6f-e2e8-4fa8-9f99-f53143a4ee3d,Solucionada por ameliaalmeida,rechazada,137.32,2025-06-15T02:00:26.120104,2025-06-15T07:00:26.120104,
2eb498c4-b4d8-4bf0-8ce0-ee656cf92aa3,144b2e01-3bb8-45a5-bf84-e0efe5a03304,88e3af56-9a14-438b-87dd-80de1c662fbf,Solucionada por mcerda,implementada,643.61,2025-06-15T02:00:26.121103,2025-06-15T16:00:26.121103,
60cc5035-25d8-4a66-92d0-418744bb913c,f0333c07-2207-495c-a9c0-76cdd97e8490,059ce99a-5b31-4e3c-9eee-2b56b7507bb4,Solucionada por vmarti,propuesta,163.57,2025-06-15T02:00:26.122104,2025-06-15T16:00:26.122104,
bdd4fc17-fba9-49b7-9b5e-b5868fffee4d,aaf125f4-d004-431a-b4b4-9d164f7cace6,d5ee2479-474a-4d9b-9ae6-dc470a67befb,Solucionada por efrain98,implementada,852.57,2025-06-15T02:00:26.119105,2025-06-15T14:00:26.119105,
e5a5d6da-eee2-400f-9dbc-0edefe8c4981,74762114-23f4-490a-a911-d4eee625d341,837fef48-f3af-41fc-af54-4677427a66b8,Solucionada por corominasdafne,cancelada,792.44,2025-06-15T02:00:26.119105,2025-06-15T17:00:26.119105,
68545722-f82f-41e2-a1eb-d31c45e3505a,1bf9c036-9077-46e0-abc0-3c4c8bf327cb,52b51481-9e6a-4e7c-8101-03670ad7863d,Solucionada por carmencervera,cancelada,198.34,2025-06-15T02:00:26.119105,2025-06-15T11:00:26.119105,
1c4d9d02-217a-4a69-b78c-cb2b4485f236,e5cd2910-7bb0-4215-9d99-01173cc7cff5,4a3bdf88-e320-49f7-af29-07e528ac40fe,Solucionada por ggargallo,implementada,642.66,2025-06-15T02:00:26.120104,2025-06-15T03:00:26.120104,
0f3213df-46f8-47b0-9f0a-2aa7bab81992,1e4aba78-23c6-460d-9a8b-dcbb16853498,e1082cf1-0930-40d9-8249-a861364bdac4,Solucionada por rufinosalamanca,propuesta,275.1,2025-06-15T02:00:26.119105,2025-06-16T02:00:26.119105,
2340cb04-4cb7-4a14-b474-963ef4ec3110,6ce7ff68-7e4a-4069-99de-7cbb92b59fd4,2eee8c70-7ac2-4109-856f-9e5698f13794,Solucionada por carrenovinicio,cancelada,496.63,2025-06-15T02:00:26.120104,2025-06-15T06:00:26.120104,
e5ebdba3-7fd4-49d0-9810-473471302b90,9dbb5d80-a511-4934-b024-38218bec6315,b18eec02-bd97-44e5-8ff6-8a14cc9e7bf6,Solucionada por carlito99,implementada,628.87,2025-06-15T02:00:26.120104,2025-06-15T13:00:26.120104,
b77f4c5f-6380-4518-92d3-6a2fa591c131,3d18a28e-211c-4484-9fec-57cc4f9f0679,9284e405-8ea7-43c1-bcef-fd0e9de64b0e,Solucionada por carlito99,rechazada,468.19,2025-06-15T02:00:26.119105,2025-06-15T18:00:26.119105,
7d308637-1488-4832-8c28-ad5fa8c3a96e,afc89186-45b5-4439-86bd-038d037cf312,b75dc761-d43d-411a-8c59-eb6861403b40,Solucionada por ysaez,propuesta,142.89,2025-06-15T02:00:26.121103,2025-06-15T22:00:26.121103,
0a184cfc-d07a-467a-8e90-78c1c593d707,bf6b9a11-ac66-4862-8238-276847334b35,30cb274b-af31-4613-bc4d-f42d1979f794,Solucionada por ambar38,implementada,950.21,2025-06-15T02:00:26.121103,2025-06-15T06:00:26.121103,
ead053d3-7161-4bfc-ba56-8f5f9d890091,8aba1b86-8f55-43f2-8382-774713d3fa8b,d06cd773-f809-4449-a156-3ca4fa358775,Solucionada por luis-miguelzorrilla,en_proceso,691.52,2025-06-15T02:00:26.120104,2025-06-15T04:00:26.120104,
06f5e54d-f733-4290-a680-89a0d9a2ac11,81295354-b233-4392-872f-d1bfda1f236a,ec25a13a-fac0-450d-9325-cfc945d2de04,Solucionada por natanael40,implementada,476.45,2025-06-15T02:00:26.119105,2025-06-15T16:00:26.119105,
306f1ecc-51b0-4f8d-9b67-a82e862003f6,1a597b72-9601-460c-af0d-a20a8697ad1a,1758b530-cb28-4b41-8fc5-ee8443200dd7,Solucionada por raviles,implementada,269.17,2025-06-15T02:00:26.121103,2025-06-15T05:00:26.121103,
589302d5-fc76-41f0-954b-35d16e065338,ae775d7c-75f7-4a7f-82da-2dc0a17c5b07,775fdc56-325a-464a-9c7c-3deb15cd1886,Solucionada por rblazquez,en_proceso,157.34,2025-06-15T02:00:26.121103,2025-06-15T17:00:26.121103,
7f38aa87-ab12-4beb-a0ed-3ca9786daec6,748175b2-800b-43d0-ad8d-14c28b26f331,76872232-7841-4abe-9266-f999a671a6f8,Solucionada por simoestefania,rechazada,382.24,2025-06-15T02:00:26.118103,2025-06-15T11:00:26.118103,
2801d2ee-3278-4ded-8dfa-e02ecee6bfcc,1e5e1fe1-8bac-4042-a52d-462e65c28390,69d30068-3f2e-459c-bcc7-87b64c930d96,Solucionada por fechevarria,cancelada,150.39,2025-06-15T02:00:26.120104,2025-06-15T20:00:26.120104,
29aa56ac-0cab-4d33-be71-ebff50912005,0ce97b43-7bfc-466c-8e22-dc8a2ba9ee1a,3983c8a7-6165-413f-b567-7063f508c17c,Solucionada por lagunaadriana,implementada,404.29,2025-06-15T02:00:26.120104,2025-06-15T09:00:26.120104,
88f3fb31-3e7f-46a6-80bf-3b3dbcaca09e,9bdb9119-d7c7-45f6-8739-da65171f813e,2dc94ea2-f40d-4c31-a9f6-1b2858520766,Solucionada por riquelmedorita,cancelada,610.32,2025-06-15T02:00:26.121103,2025-06-15T16:00:26.121103,
1f1b526b-63c9-4781-a514-4f53780b4502,664bdefe-10e4-425c-89ba-06c00771ce38,fee75ce3-2840-4715-ad14-73aa3be68876,Solucionada por aranzazucuevas,propuesta,228.9,2025-06-15T02:00:26.121103,2025-06-15T14:00:26.121103,
9450dcca-8d27-4bff-b7cc-0b0156761a5b,59a7091a-e2b0-4b54-a2e7-31fa6f20b0ab,4a3bdf88-e320-49f7-af29-07e528ac40fe,Solucionada por bcaballero,rechazada,501.89,2025-06-15T02:00:26.119105,2025-06-15T12:00:26.119105,
281756e4-2be7-43c4-9ba1-f986ed90dacc,e0ce2869-d2b8-498c-8ed5-a810cab20b14,27dc231e-8207-4cd0-a710-e5d138ef8bc2,Solucionada por einfante,en_proceso,102.93,2025-06-15T02:00:26.120104,2025-06-15T05:00:26.120104,
dbbc0d85-5f03-4b31-a0c3-3965929d0998,369a1f38-fa83-4160-a211-61a7ca4604a9,9008db7e-b3f1-4a5b-bcfe-817040584a07,Solucionada por bernabeenriquez,cancelada,677.43,2025-06-15T02:00:26.119105,2025-06-16T01:00:26.119105,
de93c37f-6a81-4110-b4fc-162f1b991f2f,9f625ec9-216f-4490-af38-2b7c62275303,c799ebce-6aa5-4cde-90a4-b38e603947cb,Solucionada por barberajose-angel,propuesta,187.5,2025-06-15T02:00:26.120104,2025-06-15T03:00:26.120104,
56a43670-7fd0-4af1-97ee-7e11e9f52bc1,f4656e09-db96-4762-aa24-c3b0e56cb29e,d121bfd9-08e7-441e-b97f-2ade2620333a,Solucionada por amadorjulieta,cancelada,396.72,2025-06-15T02:00:26.119105,2025-06-15T13:00:26.119105,
54ab0cc5-5a2c-4417-8a95-6c3ce79e705e,a828ec11-7bed-42a4-91ab-b39d86ac04f1,ff14f17d-2121-4498-8b36-e846534577b2,Solucionada por cidmaria-fernanda,implementada,492.2,2025-06-15T02:00:26.119105,2025-06-15T09:00:26.119105,
ff0d7c36-c122-416a-a457-f5bc89be8ac1,ef2495bb-97c9-46dd-ad79-487465ee2691,89aa59de-c742-4c9d-b70b-9d84775118ef,Solucionada por xmonreal,rechazada,253.03,2025-06-15T02:00:26.118103,2025-06-15T16:00:26.118103,
95563b68-b78a-4a3d-8fbf-0376508ef059,4a8cdb8a-c3c8-4bf8-80bb-d243469e522e,837fef48-f3af-41fc-af54-4677427a66b8,Solucionada por sototono,rechazada,468.71,2025-06-15T02:00:26.119105,2025-06-15T05:00:26.119105,
773378da-c1ca-424f-98d5-f5ce0aee090b,1aa9f933-451e-4b90-9a43-f82c01081c3a,4425e250-3f5f-40c0-a45d-ef7b396b0ba2,Solucionada por reyna61,rechazada,663.35,2025-06-15T02:00:26.121103,2025-06-15T11:00:26.121103,
df15c2cd-dadd-442d-b495-3c2f4cd75550,c38b3822-06a2-40a7-9c8d-ab8588a14d0a,fe0ed0da-2411-450b-85a1-dd7ef077564c,Solucionada por cferreras,en_proceso,526.87,2025-06-15T02:00:26.118103,2025-06-15T23:00:26.118103,
71f217a9-70f3-40c7-8afb-9a9d7a92a851,1c152805-c2d7-4a6e-9941-098ba3661d95,70d573f4-c60d-4f10-b1bf-06c473782203,Solucionada por barberajose-angel,rechazada,671.39,2025-06-15T02:00:26.120104,2025-06-15T21:00:26.120104,
f5f73ff9-e47f-4b97-a1f0-bc0abad29ed0,aebf8184-a0c1-4da1-834b-f3d09adb98b2,37245c6f-e2e8-4fa8-9f99-f53143a4ee3d,Solucionada por macaria86,en_proceso,523.28,2025-06-15T02:00:26.120104,2025-06-15T04:00:26.120104,
bbe682bf-923d-4a43-ab74-f35f222abedd,ef629c5e-048f-47a0-a69e-18da8a02d956,9826dcbf-a43c-4a8d-8310-24b038087f27,Solucionada por dolorespons,en_proceso,354.73,2025-06-15T02:00:26.121103,2025-06-15T07:00:26.121103,
f3f77303-35e6-4ffb-a35d-65c5b85dd7d2,9eda02ff-662e-4fe7-a0d4-4d1f47bd302f,5cdcecb1-1af7-4552-b8d4-2a41db2f8372,Solucionada por tgarcia,propuesta,719.35,2025-06-15T02:00:26.122104,2025-06-15T11:00:26.122104,
4de5cee0-c29e-4b9f-bda2-a998a6346e64,6861335e-4205-4f09-91e8-af542d424992,810195da-8f81-4eb5-8540-15b843d18f0d,Solucionada por ydomingo,propuesta,860.38,2025-06-15T02:00:26.121103,2025-06-15T06:00:26.121103,
e46dff2a-ec1f-4984-9931-1c8420ab00e1,bb4c27bb-8904-40ac-9744-947ff8dc5555,a9ecb8c3-40d0-4761-8773-93f5fa62ab9e,Solucionada por loida24,implementada,954.99,2025-06-15T02:00:26.119105,2025-06-15T04:00:26.119105,
406d3924-8691-4f43-b7ac-8bf5a8e050f5,36fbb15e-10fa-4cf9-a84a-8bd1d4265af5,f3d0c779-4304-43a1-bf18-71914c3b3c89,Solucionada por asuncionberenguer,implementada,277.48,2025-06-15T02:00:26.121103,2025-06-15T20:00:26.121103,
d380e55c-2539-4f5e-8277-e1c142736f5e,637eed96-f9ba-4af1-bad3-62678dfa4c61,fc11d5a3-7248-430f-a92d-a910a251e68e,Solucionada por mgomez,rechazada,535.58,2025-06-15T02:00:26.120104,2025-06-16T01:00:26.120104,
ddd22425-d3c0-4ccc-8482-a0857dc63663,599d1deb-8112-4499-899d-8f948b4b83c7,aaee9314-0d15-4d56-8eb8-232a541a2ebe,Solucionada por cabrerocandido,implementada,814.52,2025-06-15T02:00:26.121103,2025-06-16T01:00:26.121103,
901c50ec-ac8a-402e-9636-447b1bd0de8b,00775695-71f4-44e9-a463-f95237e40455,30cb274b-af31-4613-bc4d-f42d1979f794,Solucionada por zairamoles,rechazada,826.54,2025-06-15T02:00:26.122104,2025-06-15T22:00:26.122104,
391e3eb7-1e81-4eee-be16-1acac9cf22a8,31467a67-e750-40cb-abb3-e228e97abe53,445efb38-13d6-41b0-98e5-33354414c576,Solucionada por ydomingo,rechazada,201.16,2025-06-15T02:00:26.121103,2025-06-16T02:00:26.121103,
8a20b239-c672-4bbc-87f2-9e25d11ef0aa,a2ab6163-f67a-4bd9-b39a-fe9c1d5bc3b0,43dae8a1-57fd-468a-8dfd-f570b5b1f9c4,Solucionada por pavonamarilis,en_proceso,916.93,2025-06-15T02:00:26.120104,2025-06-15T14:00:26.120104,
e6d8a22d-7e12-45e7-9d07-147bf9b4c8aa,9c6a1d22-9e7b-44ab-a94b-0f797cbf6cc0,c9ab4321-4ab1-4244-bbd8-f78dd68e16fa,Solucionada por victor39,rechazada,757.0,2025-06-15T02:00:26.122104,2025-06-15T23:00:26.122104,
bfc43d4c-fa5a-4528-8e33-f83255d3f2e2,c7a0fd30-d885-481e-a951-cdcf8b3441a5,f2e1c665-ea6e-46cc-a41e-ebd49fa13e0b,Solucionada por maria-cristina17,cancelada,153.06,2025-06-15T02:00:26.118103,2025-06-15T07:00:26.118103,
f345530b-a3ea-4ad8-ae30-6fa041211984,826a6901-fc85-4cd3-9f8e-f07a5716f803,342d1d68-52bd-4301-840e-40702f66d9b0,Solucionada por pereagalo,implementada,381.67,2025-06-15T02:00:26.121103,2025-06-15T20:00:26.121103,
eec29a76-3057-4894-b4f3-58e8dd23f7f9,7fe34509-0d4d-4a6a-a0ff-f197acadde44,677eceaa-cd6d-4ed4-9d6a-49f78f08d55e,Solucionada por ligiasalazar,propuesta,222.78,2025-06-15T02:00:26.122104,2025-06-15T19:00:26.122104,
b36f3c20-1563-4a5b-8868-5d6f394ea1ee,5c1ce54f-bcdc-4489-bbcc-cdf404c330e9,bcc1cb8b-7773-4848-b48e-616405d6af9e,Solucionada por maristela99,implementada,745.57,2025-06-15T02:00:26.120104,2025-06-15T13:00:26.120104,
3714b68e-731b-4de0-b56d-a65ec4986de2,373ee8c9-2ea1-4353-a0e1-0f5aee794078,b6491079-787c-4e13-b909-2ab7303d55cc,Solucionada por ameliaalmeida,implementada,412.95,2025-06-15T02:00:26.118103,2025-06-15T14:00:26.118103,
2cac8554-303e-401a-9b2f-478af3aa63de,101ad415-7fff-438e-ae5d-0ccd1dec1182,89aa59de-c742-4c9d-b70b-9d84775118ef,Solucionada por naguilo,implementada,744.35,2025-06-15T02:00:26.120104,2025-06-15T11:00:26.120104,
e0a846a7-5467-4c06-bce4-c7b8d042a161,ebb259c6-c1cf-4af1-b0eb-f4383021cd43,ec3320a9-69eb-480a-89cc-3ea03f271a1e,Solucionada por victor78,propuesta,449.1,2025-06-15T02:00:26.119105,2025-06-15T05:00:26.119105,
47eed850-9ff5-48bb-a5a4-e8be237f7dde,94f67d6e-9470-4886-97de-497b8935c4be,a9e9110c-3214-4c9e-ba21-e5ffa54d3bab,Solucionada por wbernal,cancelada,204.35,2025-06-15T02:00:26.120104,2025-06-15T04:00:26.120104,
96b57db7-4f0a-42f7-8d14-0fda3e7505a3,172e9642-5943-40fe-8e09-7dce9683cb1e,a3664404-7477-48da-af98-1cb70e871d18,Solucionada por sevillaflorina,en_proceso,314.49,2025-06-15T02:00:26.120104,2025-06-15T03:00:26.120104,
e4b6aac3-3537-4454-adbd-e2d9f70dd674,19e49569-123b-417f-9f17-ef8144e20173,8d538381-f8e7-4966-9a7d-75a053b64e03,Solucionada por saludviana,en_proceso,488.3,2025-06-15T02:00:26.121103,2025-06-15T21:00:26.121103,
