id_usuario,nombre_usuario,rol,contrasena,fecha_creacion,fecha_actualizacion
2855ed30-46d5-4879-8e19-8bdde8e4955e,fechevarria,operador,g)!7A+nv&aF5,2025-06-05T00:08:19.504613,2025-06-05T00:08:19.504613
0675298b-f135-4b90-ac9d-1f7919b7cd93,onofre23,supervisor,m8UKg@b_+*(U,2025-06-05T00:08:19.504613,2025-06-05T00:08:19.504613
f0e3c66b-8fd0-4f71-a396-241df9502712,maria-del-carmenpina,admin,0mifgeMm(2TQ,2025-06-05T00:08:19.504613,2025-06-05T00:08:19.504613
a059aa7d-5870-447e-85a5-a962d1ef0176,piniesta,operador,kOC0MuQ)+33j,2025-06-05T00:08:19.504613,2025-06-05T00:08:19.504613
bfa86e4a-bf2c-4657-a5a3-edb33107bccb,bbenavent,operador,O5_nvLSz@01F,2025-06-05T00:08:19.505613,2025-06-05T00:08:19.505613
69d30068-3f2e-459c-bcc7-87b64c930d96,marciano72,supervisor,16DV7CQh7_SI,2025-06-05T00:08:19.505613,2025-06-05T00:08:19.505613
c1ce271d-30ce-4197-beb0-e38ac09d0579,apolinar73,operador,+8)+4S9S9a*R,2025-06-05T00:08:19.505613,2025-06-05T00:08:19.505613
8d538381-f8e7-4966-9a7d-75a053b64e03,puigmanu,admin,#3z*DLv_@DA(,2025-06-05T00:08:19.505613,2025-06-05T00:08:19.505613
97334f1d-e559-45c4-ae39-a75e2f055687,marcialfuertes,supervisor,%qx29ME_l1S#,2025-06-05T00:08:19.505613,2025-06-05T00:08:19.505613
d6c39a50-474c-4461-9ad0-ccf7b5956aa7,carlitoibanez,supervisor,3bXX)dlj%58G,2025-06-05T00:08:19.505613,2025-06-05T00:08:19.505613
786cdb53-b307-4b3e-b14e-10de302c3b70,aflores,supervisor,TmzD7MpKo_9*,2025-06-05T00:08:19.505613,2025-06-05T00:08:19.505613
f79de586-5620-45a2-beca-fe72ab2406fa,adoracionmosquera,operador,@0YSLzZETXjh,2025-06-05T00:08:19.505613,2025-06-05T00:08:19.505613
a7df93bf-13e7-48ea-bd9c-393e071ebe1f,curro71,admin,+53BOoqx$sB%,2025-06-05T00:08:19.505613,2025-06-05T00:08:19.505613
359326f9-b8b7-4849-a175-f93dd72d3f5b,desideriogalindo,supervisor,z$1oH0RqoBO7,2025-06-05T00:08:19.505613,2025-06-05T00:08:19.505613
1fca5c1c-cbb4-4814-ad2b-df104ce54956,carrenovinicio,admin,_LU+U$!hg1Mc,2025-06-05T00:08:19.505613,2025-06-05T00:08:19.505613
f725ef4a-1361-421f-b5c8-351e088499e7,abril87,supervisor,dU+s&GCk@F7y,2025-06-05T00:08:19.505613,2025-06-05T00:08:19.505613
ffb79f57-ab3d-494e-88e0-0f7ee9534aa6,vidalcasandra,operador,+yP#N$6O0hrL,2025-06-05T00:08:19.505613,2025-06-05T00:08:19.505613
958a96fd-df1c-4b2f-af15-eee3f985ede5,geronimo75,admin,c4F+Wa3oSz#L,2025-06-05T00:08:19.505613,2025-06-05T00:08:19.505613
2cadcbfb-44c2-4601-abc0-52fbb7e5a61a,candido40,supervisor,G50r$06#&1mT,2025-06-05T00:08:19.505613,2025-06-05T00:08:19.505613
5791569d-38d9-4030-ad40-aa8b9fbd15cc,almudena16,operador,D^16T4g^s8HL,2025-06-05T00:08:19.505613,2025-06-05T00:08:19.505613
9b6d1931-2d3a-45bd-8bec-40d3afd2f115,blancaduque,operador,lD6X)pCY1+sx,2025-06-05T00:08:19.505613,2025-06-05T00:08:19.505613
6f81cdce-f444-48ad-bcc0-b987e28e38e8,abiliocastaneda,operador,OzDEs5aV_c9g,2025-06-05T00:08:19.505613,2025-06-05T00:08:19.505613
fd29009a-1ab9-48e6-953b-188f32ca2f12,fitosalcedo,supervisor,L&sBYYy3!W2g,2025-06-05T00:08:19.505613,2025-06-05T00:08:19.505613
3983c8a7-6165-413f-b567-7063f508c17c,iarce,supervisor,gyMoxf#7$6eS,2025-06-05T00:08:19.505613,2025-06-05T00:08:19.505613
ec3320a9-69eb-480a-89cc-3ea03f271a1e,andresmanu,operador,)FRkNvTfzBw7,2025-06-05T00:08:19.505613,2025-06-05T00:08:19.505613
e21dded0-b457-4525-acb7-11842f4bedfe,zcriado,admin,*R%I(2Dh)esm,2025-06-05T00:08:19.505613,2025-06-05T00:08:19.505613
aaee9314-0d15-4d56-8eb8-232a541a2ebe,horaciorodriguez,operador,_g4Kite6uu+^,2025-06-05T00:08:19.505613,2025-06-05T00:08:19.505613
d3d4215d-2549-4a60-90ae-5673fe6147a2,gabrielaverdu,admin,d+aTkZYy&1o9,2025-06-05T00:08:19.505613,2025-06-05T00:08:19.505613
2c931ddb-fbb2-4e1c-861c-14d3fabbac51,felipedominguez,admin,Hw!zJqxstk7Q,2025-06-05T00:08:19.505613,2025-06-05T00:08:19.505613
645067ab-7f47-43d9-a1fb-2fc26e734a8a,jonatan53,supervisor,JAZ51Rg1)X#u,2025-06-05T00:08:19.505613,2025-06-05T00:08:19.505613
6f875374-0cb7-4c05-bd9b-21064ba0927d,amayapia,admin,(!6vJLwCuuKW,2025-06-05T00:08:19.506612,2025-06-05T00:08:19.506612
b6491079-787c-4e13-b909-2ab7303d55cc,santoselisa,admin,K2*M8BotMV_Y,2025-06-05T00:08:19.506612,2025-06-05T00:08:19.506612
e1082cf1-0930-40d9-8249-a861364bdac4,wbernal,supervisor,caTs$Dm6P$0k,2025-06-05T00:08:19.506612,2025-06-05T00:08:19.506612
e39b5846-e8cf-4d74-811a-04f5d5e9c89d,mcastillo,operador,0(6YC6GjqI+&,2025-06-05T00:08:19.506612,2025-06-05T00:08:19.506612
992353e1-ce25-4061-8661-be23f7427f8b,santiagobarranco,supervisor,@ai#$VFi^^E7,2025-06-05T00:08:19.506612,2025-06-05T00:08:19.506612
6a74a7e0-9486-495f-a5bb-1cc7de4e769e,collpepita,admin,*PADqYZD4Yh%,2025-06-05T00:08:19.506612,2025-06-05T00:08:19.506612
a13993ab-45d5-4e46-9abd-83b5714ea344,cferreras,admin,_PmH_Ylk$0Fq,2025-06-05T00:08:19.506612,2025-06-05T00:08:19.506612
2aa21b82-d67d-470d-bee8-30a139eab0e5,patriciacarnero,supervisor,MYHolt(v&9+U,2025-06-05T00:08:19.506612,2025-06-05T00:08:19.506612
61c01d60-89cc-4372-9151-fc7820a42a08,enriquecomas,operador,%DQ8FPwe(8Jp,2025-06-05T00:08:19.506612,2025-06-05T00:08:19.506612
64f27c09-ab72-4f96-bf71-2327f2662475,calistallado,operador,X!q&TsJhDe)2,2025-06-05T00:08:19.506612,2025-06-05T00:08:19.506612
b75dc761-d43d-411a-8c59-eb6861403b40,benjaminalcaraz,admin,13*BXx^q@OAv,2025-06-05T00:08:19.506612,2025-06-05T00:08:19.506612
98e6f282-ee6f-4552-b926-8bedc9277e14,cozaramaya,supervisor,201y8tpP1#zJ,2025-06-05T00:08:19.506612,2025-06-05T00:08:19.506612
635e34cf-a03e-4725-8dd7-ecbcf1809c09,asuncion95,supervisor,2M1uPWx@dv#6,2025-06-05T00:08:19.506612,2025-06-05T00:08:19.506612
bcc1cb8b-7773-4848-b48e-616405d6af9e,molinerlucia,operador,&t2THHOa+^bX,2025-06-05T00:08:19.506612,2025-06-05T00:08:19.506612
2d21d2ea-6209-4462-bba2-6da5a7aa03d4,nunezgerman,operador,#28MoKQjxKZ%,2025-06-05T00:08:19.506612,2025-06-05T00:08:19.506612
775fdc56-325a-464a-9c7c-3deb15cd1886,ovallejo,admin,d6^CQM_h23q1,2025-06-05T00:08:19.506612,2025-06-05T00:08:19.506612
3d12d450-ab72-4396-ae4d-7b4b48ed54aa,jose-antonio14,supervisor,8*)XaMZj*sz4,2025-06-05T00:08:19.506612,2025-06-05T00:08:19.506612
221bac78-7ec4-4166-972a-6ed942a63279,dora42,admin,*58uj)yk7%4X,2025-06-05T00:08:19.506612,2025-06-05T00:08:19.506612
a193acd6-7ce0-4d77-9fc5-259d9a80c79a,zaragozamanu,admin,s__KW0zV+0Tp,2025-06-05T00:08:19.506612,2025-06-05T00:08:19.506612
b961b5f3-df31-4687-8da8-c4fd9f5c15f5,simonprada,operador,xT8CBDCf_ZNo,2025-06-05T00:08:19.506612,2025-06-05T00:08:19.506612
8b14115f-904b-436a-bc8d-60a2276d3d70,navasjuan-bautista,supervisor,C0Z!90XlFAbi,2025-06-05T00:08:19.506612,2025-06-05T00:08:19.506612
c9ab4321-4ab1-4244-bbd8-f78dd68e16fa,walter45,admin,YX!8fZtqg1Y$,2025-06-05T00:08:19.506612,2025-06-05T00:08:19.506612
4425e250-3f5f-40c0-a45d-ef7b396b0ba2,yesicamir,operador,b(35lYBZXwU&,2025-06-05T00:08:19.506612,2025-06-05T00:08:19.506612
1f25e9e8-6495-45ae-9770-f152dba16582,cantongenoveva,supervisor,8X2CEnaA!WwU,2025-06-05T00:08:19.506612,2025-06-05T00:08:19.506612
d121bfd9-08e7-441e-b97f-2ade2620333a,antunezcleto,operador,%vLq^b&pP9J@,2025-06-05T00:08:19.506612,2025-06-05T00:08:19.506612
fee14ca3-08c8-4281-a84a-fa878689a885,eli58,admin,n^4Y0E^t!Cx6,2025-06-05T00:08:19.506612,2025-06-05T00:08:19.506612
76872232-7841-4abe-9266-f999a671a6f8,juan-bautistasala,operador,Lw4#ZV#u$h4+,2025-06-05T00:08:19.506612,2025-06-05T00:08:19.506612
1aee7c47-fefe-4906-a355-b6e72117fef4,huertanicanor,admin,ZG^57CIl38_0,2025-06-05T00:08:19.507617,2025-06-05T00:08:19.507617
e1e13edc-4276-4517-9cb2-c60e686f9bac,nelidacaceres,operador,H#2nv8Qbt_i6,2025-06-05T00:08:19.507617,2025-06-05T00:08:19.507617
4191b578-4181-4904-8aa2-91b7c9391ea8,ysaez,admin,_V9*Xa6I^S_X,2025-06-05T00:08:19.507617,2025-06-05T00:08:19.507617
ed69d931-8fca-4f34-815f-8e109f42c782,lucianosuarez,supervisor,buB#N$BoR%62,2025-06-05T00:08:19.507617,2025-06-05T00:08:19.507617
8235396e-34cc-4f97-9ad0-be60ffa29aaf,zverdejo,admin,sf1Q&!enZ_qm,2025-06-05T00:08:19.507617,2025-06-05T00:08:19.507617
9826dcbf-a43c-4a8d-8310-24b038087f27,sernaabraham,admin,RXruW5bQ%7T#,2025-06-05T00:08:19.507617,2025-06-05T00:08:19.507617
b759050f-accc-49b1-95f9-be7a930aae8b,reyna61,operador,ulsPchvG!7E0,2025-06-05T00:08:19.507617,2025-06-05T00:08:19.507617
84b4dec3-2fdf-478c-ad7c-34917663b6e9,aroabarriga,supervisor,_3xUiNiUV0!H,2025-06-05T00:08:19.507617,2025-06-05T00:08:19.507617
bee4e019-ecc8-4cab-9eb1-cd4568291c53,trinidad64,supervisor,$1^GHxAbL*5W,2025-06-05T00:08:19.507617,2025-06-05T00:08:19.507617
559ef05e-2601-4858-812b-370aae7b6714,naguilo,supervisor,sj+J5UA1R*^u,2025-06-05T00:08:19.507617,2025-06-05T00:08:19.507617
88e3af56-9a14-438b-87dd-80de1c662fbf,eligio22,supervisor,_7rrWtqTkhE5,2025-06-05T00:08:19.507617,2025-06-05T00:08:19.507617
cae72d84-2447-41d9-bd0f-c209c3d5c2be,vhernandez,admin,+0+ZZp5s1(3N,2025-06-05T00:08:19.507617,2025-06-05T00:08:19.507617
668fd4b3-1234-44ff-9d09-70e9c1596871,panfilomarin,admin,2HPV)Vwl@AZZ,2025-06-05T00:08:19.507617,2025-06-05T00:08:19.507617
77c9947a-f83f-4b23-acd5-8f184092e720,renata67,admin,8GHgnvWoS!L8,2025-06-05T00:08:19.507617,2025-06-05T00:08:19.507617
1e7189c0-a578-48f9-ae80-f5bb8bba5c66,apariciomayte,operador,a36W3POn@XPs,2025-06-05T00:08:19.507617,2025-06-05T00:08:19.507617
1afa0825-eae0-43c0-8b60-0473732076c8,vaqueroeligia,admin,eV*huM@lStS4,2025-06-05T00:08:19.507617,2025-06-05T00:08:19.507617
fd65324e-77e0-4b17-a69d-dfc55b4c13c5,pinillamaribel,supervisor,^1Yd^qr)@!g5,2025-06-05T00:08:19.507617,2025-06-05T00:08:19.507617
211ba499-d814-468e-aa1b-c19386da803c,xmonreal,admin,D9E5hnmP&4$K,2025-06-05T00:08:19.507617,2025-06-05T00:08:19.507617
0843a809-9f88-4b65-88e0-c78db5c72b78,juanito56,operador,_dWazTux5UyA,2025-06-05T00:08:19.507617,2025-06-05T00:08:19.507617
e1fd5b85-b84b-434e-b073-de1d9c81bf25,rblazquez,operador,R^7Zxtas@17#,2025-06-05T00:08:19.507617,2025-06-05T00:08:19.507617
0baaebef-1d25-41c2-a54b-07bda16cd83c,ggarrido,supervisor,e%Dwvre#C18B,2025-06-05T00:08:19.507617,2025-06-05T00:08:19.507617
87dfc384-a801-4d15-b339-6fc3c4215975,evita31,operador,5)(FhVtK^tKY,2025-06-05T00:08:19.507617,2025-06-05T00:08:19.507617
4ec9990f-2709-4161-943b-d636d21da809,barraltomasa,supervisor,y9&UEw!t#PsB,2025-06-05T00:08:19.507617,2025-06-05T00:08:19.507617
ff14f17d-2121-4498-8b36-e846534577b2,cidmaria-fernanda,supervisor,eU(o12n3Z!M+,2025-06-05T00:08:19.507617,2025-06-05T00:08:19.507617
497349d1-0102-47bf-8a33-25c239530ea5,hidalgomelchor,operador,tx&9OcR2N@c*,2025-06-05T00:08:19.507617,2025-06-05T00:08:19.507617
f66d52fa-fe6e-4b2b-a1f2-6326a800b286,sototono,supervisor,&t^Y7nWwHx4d,2025-06-05T00:08:19.508614,2025-06-05T00:08:19.508614
af269a52-7199-4e6e-9c24-3069044f6806,reyesbonilla,supervisor,+hT&dbwEj4Gm,2025-06-05T00:08:19.508614,2025-06-05T00:08:19.508614
45473c0d-fd92-4c53-8362-41e73a7101d4,federicosalamanca,admin,G7WmIcxm@OS@,2025-06-05T00:08:19.508614,2025-06-05T00:08:19.508614
4fd1d128-a869-428b-b219-bfbe0f301bee,sevillaflorina,supervisor,Y@0VbpBpDvGX,2025-06-05T00:08:19.508614,2025-06-05T00:08:19.508614
9cbb24cd-cecd-4a85-ae6b-d3bbee01570f,abilioduran,admin,bh+QT@q7@7dx,2025-06-05T00:08:19.508614,2025-06-05T00:08:19.508614
fc11d5a3-7248-430f-a92d-a910a251e68e,jimenezeloy,admin,6!1ivCk6wvAT,2025-06-05T00:08:19.508614,2025-06-05T00:08:19.508614
91f57baa-634f-48f7-83f1-af9839669040,ingridiglesias,admin,EP33KSOf%SIs,2025-06-05T00:08:19.508614,2025-06-05T00:08:19.508614
1716753f-d415-4fd2-9897-c1db99f7ee6b,tiburciocolom,operador,$zL69Oyw0Ese,2025-06-05T00:08:19.508614,2025-06-05T00:08:19.508614
2ecaeba2-332c-481f-9716-3b9136629b48,munizeliseo,admin,!YDcWQFU&5V7,2025-06-05T00:08:19.508614,2025-06-05T00:08:19.508614
707ef963-2712-48d7-91f3-ad65061f8fc9,eabril,supervisor,4I%W2S8u%Y3w,2025-06-05T00:08:19.508614,2025-06-05T00:08:19.508614
824658e2-b1e0-438d-9860-afb580e69ac8,benaventolalla,admin,_4Qvn63#0nu0,2025-06-05T00:08:19.508614,2025-06-05T00:08:19.508614
6c729ce4-2484-4722-b114-cd862cb6e2f2,zrivero,operador,1sSenJ(v(G5Y,2025-06-05T00:08:19.508614,2025-06-05T00:08:19.508614
97324d1f-aa3b-4f3e-8119-87e005f7deba,ojedaurbano,admin,sb4US2uTt$h0,2025-06-05T00:08:19.508614,2025-06-05T00:08:19.508614
52b51481-9e6a-4e7c-8101-03670ad7863d,lporcel,operador,@89M_I5mK_Ec,2025-06-05T00:08:19.508614,2025-06-05T00:08:19.508614
85bcaf2d-12fa-4a5e-80ce-6ed72f911c46,maristela99,operador,Lz(oERJn@k4f,2025-06-05T00:08:19.508614,2025-06-05T00:08:19.508614
26713abd-588f-49e4-83bb-c4be8c50c518,niborra,supervisor,()^^M9Ft1*Mc,2025-06-05T00:08:19.508614,2025-06-05T00:08:19.508614
097cb2f6-bc8e-4ad5-927f-7a25a23f61f3,juan-jose38,admin,g0xKpx%1(8JL,2025-06-05T00:08:19.508614,2025-06-05T00:08:19.508614
fe785419-0c78-4bc1-a7aa-2cc6eaaf567c,jolive,supervisor,@D7qZoJB$#ZN,2025-06-05T00:08:19.508614,2025-06-05T00:08:19.508614
481be87c-aa2a-4ee2-940d-e6c0a0583a38,rodolfosantana,supervisor,_8sN#vONz1J$,2025-06-05T00:08:19.508614,2025-06-05T00:08:19.508614
69bc38d4-e4aa-4330-ad1b-8d7ac9adf282,barberajose-angel,operador,N9RUAszo*CVR,2025-06-05T00:08:19.508614,2025-06-05T00:08:19.508614
d71c9716-af16-48e3-a010-6d3d0f8ba63e,blanchjose-ramon,supervisor,m+29r0beNXUu,2025-06-05T00:08:19.508614,2025-06-05T00:08:19.508614
26358019-2575-4fa2-9887-6fb4f7774e47,pmartinez,operador,B$qlPWzl*3TM,2025-06-05T00:08:19.508614,2025-06-05T00:08:19.508614
12336382-cece-40b0-b424-74803238b7ed,amorcillo,supervisor,3NR1Nd^aS#My,2025-06-05T00:08:19.508614,2025-06-05T00:08:19.508614
4a3bdf88-e320-49f7-af29-07e528ac40fe,reynaldo09,admin,@(50Xc4_RG0M,2025-06-05T00:08:19.508614,2025-06-05T00:08:19.508614
9e2081ca-8843-4d8a-a0b0-bc2425736069,castilloeva-maria,admin,nzs1BrJq$ToT,2025-06-05T00:08:19.508614,2025-06-05T00:08:19.508614
27dc231e-8207-4cd0-a710-e5d138ef8bc2,isabelmarco,admin,+_e2Upeol%Dy,2025-06-05T00:08:19.508614,2025-06-05T00:08:19.508614
a4042a3a-6ef2-4bf2-b599-a4fd4e8ce317,vinabarbara,admin,TLb1C$8h@(!J,2025-06-05T00:08:19.508614,2025-06-05T00:08:19.508614
0190be6c-bcc5-4c09-b46d-e3fc91706dfe,lorenzaescamilla,supervisor,^5w2lzUJiFJ$,2025-06-05T00:08:19.508614,2025-06-05T00:08:19.508614
6fed4398-e805-4dfc-8af8-350ba1187ce7,tgarcia,operador,y@0ZzEyxi19@,2025-06-05T00:08:19.509612,2025-06-05T00:08:19.509612
345ec977-4bf5-47dd-886e-0fb2cc1e7acc,esteraleman,supervisor,7VD7xABvo(5x,2025-06-05T00:08:19.509612,2025-06-05T00:08:19.509612
b21fab0a-3d01-4f25-a62f-1dad05b5ec39,ojauregui,operador,G18LKBWj5_C#,2025-06-05T00:08:19.509612,2025-06-05T00:08:19.509612
7e856126-fd5d-494a-9282-fc8fb2d90b14,fabianseco,operador,07z9UlAg^m)!,2025-06-05T00:08:19.509612,2025-06-05T00:08:19.509612
eac44f58-fbd2-4042-bb9d-b6a317f538e7,lladotadeo,admin,ebellz7XJ(7A,2025-06-05T00:08:19.509612,2025-06-05T00:08:19.509612
b867cc68-bc9a-461d-90ff-f39ccdff78ab,kreyes,admin,IsNpqW3c!%@3,2025-06-05T00:08:19.509612,2025-06-05T00:08:19.509612
8a8da460-8a01-41a1-a04e-38dd75dd3085,juan-franciscoandres,admin,Z2g7k4Bd%wEM,2025-06-05T00:08:19.509612,2025-06-05T00:08:19.509612
bcf3e07b-2e21-41be-9af7-d2e5f486165f,ebautista,operador,7sykocXxt$4U,2025-06-05T00:08:19.509612,2025-06-05T00:08:19.509612
001cc940-183d-42ae-b139-759a448d712b,nicodemomelero,supervisor,+)rtHVHmjK7y,2025-06-05T00:08:19.509612,2025-06-05T00:08:19.509612
a4e35730-eb2f-4717-b7a6-22eb355364ab,tonobarranco,supervisor,ktSX7Oyz!z!$,2025-06-05T00:08:19.509612,2025-06-05T00:08:19.509612
445efb38-13d6-41b0-98e5-33354414c576,qquesada,operador,I*c^v9xpB1lY,2025-06-05T00:08:19.509612,2025-06-05T00:08:19.509612
50f85fc1-e16f-487f-aae8-36521406ff81,rufino16,operador,dNd8^FqJ%x!8,2025-06-05T00:08:19.509612,2025-06-05T00:08:19.509612
00f2064c-8561-49fd-b999-160a360f3215,ualcazar,operador,!rMTu@j&h3T(,2025-06-05T00:08:19.509612,2025-06-05T00:08:19.509612
63de5fda-90c0-4c72-b0b2-a82e92e65117,herranzaristides,admin,ad5vQqIxJy&z,2025-06-05T00:08:19.509612,2025-06-05T00:08:19.509612
ab73797a-a0e2-4e27-933a-382ad1960415,elisarobledo,operador,uUO5@rCa%9&B,2025-06-05T00:08:19.509612,2025-06-05T00:08:19.509612
eb1fa1e9-d06b-4261-908d-13e76a75c226,sainzjulie,supervisor,(dHUvQEu(4I4,2025-06-05T00:08:19.509612,2025-06-05T00:08:19.509612
e904e160-2a60-4bbc-af99-78980c050b1f,irenesoler,admin,+7oVu5DrHATp,2025-06-05T00:08:19.509612,2025-06-05T00:08:19.509612
ec2ea81f-e84b-4bf2-a0d4-d5e9a6bd0b03,ibanbaro,operador,OFRXF4T%&0fw,2025-06-05T00:08:19.509612,2025-06-05T00:08:19.509612
d96ab3b7-7e0e-4501-b44b-31c132a34bd3,pbuendia,supervisor,QM0&n@H&W#3T,2025-06-05T00:08:19.509612,2025-06-05T00:08:19.509612
d5674a35-da4f-4590-996e-99e6736260d3,qfuster,operador,d%1Rp9%zrN5w,2025-06-05T00:08:19.509612,2025-06-05T00:08:19.509612
2c498ddd-fdf6-4406-8e82-b4572a205946,dolorespons,admin,v+3+dKrbM#Wr,2025-06-05T00:08:19.509612,2025-06-05T00:08:19.509612
3dc74b99-91cf-4827-8c59-88a9cd9d3156,qjodar,operador,WAn^T2Xv2EDT,2025-06-05T00:08:19.509612,2025-06-05T00:08:19.509612
1d5c27b1-9adb-45ad-b89b-742e10afc1ab,urrutiajaviera,supervisor,P_2P6ig&fi9W,2025-06-05T00:08:19.509612,2025-06-05T00:08:19.509612
7b134324-922a-4fae-86a7-319a57682196,oizaguirre,admin,SXK4I&Gw&c$&,2025-06-05T00:08:19.509612,2025-06-05T00:08:19.509612
21d98432-0ba5-4855-b7e0-199d67c49934,ujordan,admin,Y)CNMNw$0q8y,2025-06-05T00:08:19.509612,2025-06-05T00:08:19.509612
37a2b34b-fbf1-4eac-bf1f-bbcb36ae9493,arielhervia,admin,l&I!XL2d8D$3,2025-06-05T00:08:19.509612,2025-06-05T00:08:19.509612
513a64a6-c725-49c2-94c3-938f5ad32c00,maria-jesusvidal,operador,J#3D3Fb67d$Q,2025-06-05T00:08:19.510612,2025-06-05T00:08:19.510612
27702c58-284b-462d-ae22-11354d2fc9cd,beltranodalis,supervisor,13hVfTgK#@Rv,2025-06-05T00:08:19.510612,2025-06-05T00:08:19.510612
313e74c9-c15f-48ce-9c3c-8fe0bab3dade,llanosepifanio,operador,5xN#Jsfw(AZi,2025-06-05T00:08:19.510612,2025-06-05T00:08:19.510612
a40d8039-d807-44a8-94de-e9bd1d8c7c68,ugallego,supervisor,!44UnV51(r3T,2025-06-05T00:08:19.510612,2025-06-05T00:08:19.510612
9284e405-8ea7-43c1-bcef-fd0e9de64b0e,mgomez,supervisor,e%RIEWfbXH^8,2025-06-05T00:08:19.510612,2025-06-05T00:08:19.510612
ab245e77-dbb0-4c8a-887b-34d188a6d2c0,pinaluz,operador,d&#xem0paA$0,2025-06-05T00:08:19.510612,2025-06-05T00:08:19.510612
f1b27759-9dbc-473c-a6ab-8d4c2e132b11,pabloespejo,supervisor,IqtQ42^P*49t,2025-06-05T00:08:19.510612,2025-06-05T00:08:19.510612
f6469f46-79b4-44d4-b214-c3e1267ba3a5,carmencervera,supervisor,*DE65QbkRQt2,2025-06-05T00:08:19.510612,2025-06-05T00:08:19.510612
5c97b1e8-2c81-4699-a18b-126f5a889b29,mcerda,operador,^j$6UWf@HE2H,2025-06-05T00:08:19.510612,2025-06-05T00:08:19.510612
fe0ed0da-2411-450b-85a1-dd7ef077564c,valerabernardino,operador,(A43+#xvrv(E,2025-06-05T00:08:19.510612,2025-06-05T00:08:19.510612
4a607e6f-4b86-46e1-a29d-73393d191bc3,ameliaayala,operador,+fta03JeQ)wv,2025-06-05T00:08:19.510612,2025-06-05T00:08:19.510612
43dae8a1-57fd-468a-8dfd-f570b5b1f9c4,herberto43,admin,^wAiNrqq2F4J,2025-06-05T00:08:19.510612,2025-06-05T00:08:19.510612
2d7b3c59-c8f4-49d8-8bf0-0b06b195e5bb,humbertocasanova,supervisor,$m9izmid^*eL,2025-06-05T00:08:19.510612,2025-06-05T00:08:19.510612
a5c9a132-0d6d-4629-bc88-d7e3e8c688e7,alejandra14,operador,%7SNYkt++G^j,2025-06-05T00:08:19.510612,2025-06-05T00:08:19.510612
d6389ad0-ce17-413c-a613-6e7f80c22557,humbertoaguilo,admin,Jr@463+At0Ix,2025-06-05T00:08:19.510612,2025-06-05T00:08:19.510612
ec25a13a-fac0-450d-9325-cfc945d2de04,loidasantamaria,supervisor,NJ$4yPGip#w%,2025-06-05T00:08:19.510612,2025-06-05T00:08:19.510612
f69b60e3-74d4-4f0b-be06-9ff54d84a66d,cruzteodora,supervisor,%yuV3fWpq%)L,2025-06-05T00:08:19.510612,2025-06-05T00:08:19.510612
c2ffeea2-9ae1-43ec-8258-51430a479c0b,bcarbo,admin,Xc5I)Ggl#9K+,2025-06-05T00:08:19.510612,2025-06-05T00:08:19.510612
70d573f4-c60d-4f10-b1bf-06c473782203,pascualmodesto,operador,lO(Kk&8xdk9R,2025-06-05T00:08:19.510612,2025-06-05T00:08:19.510612
837fef48-f3af-41fc-af54-4677427a66b8,nlara,supervisor,+9TYu9zL^WJo,2025-06-05T00:08:19.510612,2025-06-05T00:08:19.510612
f8e77acc-0671-43f6-a97a-203d592f9d13,victor78,operador,iY6E7XoYv@rK,2025-06-05T00:08:19.510612,2025-06-05T00:08:19.510612
ea5e663c-b33c-4d18-a388-dceff9598f52,mendizabalrufino,supervisor,!eVr%cnU%A2H,2025-06-05T00:08:19.510612,2025-06-05T00:08:19.510612
5dc4ffbb-4321-4219-aaf9-f3719ed232cb,ambar38,admin,Ul92WKkRB*FP,2025-06-05T00:08:19.511613,2025-06-05T00:08:19.511613
fee75ce3-2840-4715-ad14-73aa3be68876,victorianoclavero,supervisor,+12g4Yf)M#NT,2025-06-05T00:08:19.511613,2025-06-05T00:08:19.511613
91f65af7-bbd9-4494-8c3d-a3b8bcdf9e19,lagunaadriana,operador,%iMKrnguR7Lo,2025-06-05T00:08:19.511613,2025-06-05T00:08:19.511613
26a8ed80-550b-421b-92bd-450710d38016,urbanomarmol,operador,!)Sw2BSz(k9U,2025-06-05T00:08:19.511613,2025-06-05T00:08:19.511613
176b87d7-0bf5-464c-9de4-4c795f0ef336,sofiatomas,operador,Tj8CT2sz&GXh,2025-06-05T00:08:19.511613,2025-06-05T00:08:19.511613
d6fa77ed-3582-4e3a-83ef-85ba30dc7010,pujadasluciano,admin,0o_47uU+Y#ko,2025-06-05T00:08:19.511613,2025-06-05T00:08:19.511613
27d13881-ee33-46a7-bd9f-6a8e9a082c96,simoestefania,admin,Gf3ordVk*WMZ,2025-06-05T00:08:19.511613,2025-06-05T00:08:19.511613
9672bd1d-ca59-4099-8c8a-d0eb84334b04,amadorjulieta,supervisor,dny8FAg2v++!,2025-06-05T00:08:19.511613,2025-06-05T00:08:19.511613
bfb25689-14f7-4d4c-9ab0-22f1b7c2ece5,galvezsebastian,admin,pvnP2A9m_Ikk,2025-06-05T00:08:19.511613,2025-06-05T00:08:19.511613
e492f7e6-295d-42c4-8881-7ff94a725533,baudelioferran,operador,N5&1Uggp*Ebn,2025-06-05T00:08:19.511613,2025-06-05T00:08:19.511613
6a4183e8-2150-45aa-b844-cfd8cb2ba6c4,maria-luisamedina,supervisor,)5&b@^BnJPWa,2025-06-05T00:08:19.511613,2025-06-05T00:08:19.511613
9bcb8be0-3847-4e5a-a231-089901f9e5c1,huguetnieves,admin,dO#0$bFgrxWb,2025-06-05T00:08:19.511613,2025-06-05T00:08:19.511613
37245c6f-e2e8-4fa8-9f99-f53143a4ee3d,begonarobledo,supervisor,6)I6unSg5GRM,2025-06-05T00:08:19.511613,2025-06-05T00:08:19.511613
7973dee7-9028-4b3d-b98c-59e62727629d,rufinosalamanca,operador,_v59@SGaf0*k,2025-06-05T00:08:19.511613,2025-06-05T00:08:19.511613
8369ee32-a457-47c4-bcd0-7134c02e0993,vera99,operador,_uF1B3rpe$4T,2025-06-05T00:08:19.511613,2025-06-05T00:08:19.511613
166ffb4e-3dc0-455c-b782-8abf26479433,corominasdafne,supervisor,YNy2Gyp_6rl$,2025-06-05T00:08:19.511613,2025-06-05T00:08:19.511613
ff832fea-1ac6-4a2f-8b96-5f67d2045156,blancalozano,operador,@6yX%2ntn_SC,2025-06-05T00:08:19.511613,2025-06-05T00:08:19.511613
1dbac2d5-5649-4985-992e-7dce91bde3ec,maite61,supervisor,#pOyg&42*1T_,2025-06-05T00:08:19.511613,2025-06-05T00:08:19.511613
43ef1852-5036-4af8-952c-ebe9f5455cc6,ydomingo,operador,vO)kvHhu)+29,2025-06-05T00:08:19.511613,2025-06-05T00:08:19.511613
059ce99a-5b31-4e3c-9eee-2b56b7507bb4,tristanbaquero,operador,mO^3SmGCNm#5,2025-06-05T00:08:19.511613,2025-06-05T00:08:19.511613
82aac3de-6993-4729-8536-b25c73367ef4,lacuna,operador,)47%h4Sd*XPL,2025-06-05T00:08:19.511613,2025-06-05T00:08:19.511613
2302ffd7-9fde-4272-a1f0-a03e5ad284e4,valverdeiban,admin,bAJ^&_kzC6JD,2025-06-05T00:08:19.511613,2025-06-05T00:08:19.511613
64269380-ee4f-4d64-ba8d-dfc7f6b7bf44,zairamoles,operador,!6rZ9@TvftC&,2025-06-05T00:08:19.511613,2025-06-05T00:08:19.511613
cb75f495-50d2-462b-a62c-777370c33cc8,tvelasco,supervisor,A+NSO7TeuLwk,2025-06-05T00:08:19.511613,2025-06-05T00:08:19.511613
c27d113d-959d-4496-a042-d71fa91c3239,julietaherrero,operador,%n%SSSh1qcx1,2025-06-05T00:08:19.511613,2025-06-05T00:08:19.511613
c8db3472-d99c-4518-9438-c7b78456ac5e,pavonamarilis,admin,dzY8eCBr+1_J,2025-06-05T00:08:19.511613,2025-06-05T00:08:19.511613
d26b78ad-d655-4788-8a57-6f55398dab7e,raviles,admin,!@CS4I^hZom7,2025-06-05T00:08:19.512613,2025-06-05T00:08:19.512613
70e33cf5-b109-4662-9262-4cbd45a4d0cd,feijooflavio,operador,@C9J6p4vtixa,2025-06-05T00:08:19.512613,2025-06-05T00:08:19.512613
a2bf5123-c769-4f09-b2a6-dea036a87357,carranzadafne,supervisor,)2LCdoanG#NU,2025-06-05T00:08:19.512613,2025-06-05T00:08:19.512613
f3d0c779-4304-43a1-bf18-71914c3b3c89,dribes,admin,^1^zEfc@!o7N,2025-06-05T00:08:19.512613,2025-06-05T00:08:19.512613
b36f37d4-27bf-456a-b435-c0092e868660,isa57,admin,Z$r0Y5534l$j,2025-06-05T00:08:19.512613,2025-06-05T00:08:19.512613
71ac6874-0963-450f-9c9f-44d865459c3e,pereagalo,operador,8DhASyI&(3qd,2025-06-05T00:08:19.512613,2025-06-05T00:08:19.512613
1758b530-cb28-4b41-8fc5-ee8443200dd7,jose-manuel39,admin,K&^LQrvzZ@2v,2025-06-05T00:08:19.512613,2025-06-05T00:08:19.512613
5cdcecb1-1af7-4552-b8d4-2a41db2f8372,arandaalfonso,operador,)k$L_89y7^h6,2025-06-05T00:08:19.512613,2025-06-05T00:08:19.512613
d6f70c95-2281-4d1b-86ce-29ba140bc93c,jacinta37,supervisor,8w^43rTb2i3L,2025-06-05T00:08:19.512613,2025-06-05T00:08:19.512613
f547bd89-ed38-4dc6-982a-650331b66221,coboeulalia,admin,B995bkUq$zBY,2025-06-05T00:08:19.512613,2025-06-05T00:08:19.512613
d123b1eb-a154-49a8-9983-3134533db388,teodoro78,operador,v9POmFaV)!D%,2025-06-05T00:08:19.512613,2025-06-05T00:08:19.512613
fdafe91c-3460-4edf-828e-c6e65fa44856,hpina,admin,EjoJMBA5+4j6,2025-06-05T00:08:19.512613,2025-06-05T00:08:19.512613
e1cd2056-ddc1-4203-9d6d-911eee509c13,kalba,operador,9*8%udygOBGF,2025-06-05T00:08:19.512613,2025-06-05T00:08:19.512613
edd15fdc-1a58-4010-ad53-fc95782a06f0,galo38,admin,)Zf9IoGo%C%y,2025-06-05T00:08:19.512613,2025-06-05T00:08:19.512613
0e8a54be-99b9-4456-86ad-194c07c1fd12,zramon,operador,^2yEZx%TY2xl,2025-06-05T00:08:19.512613,2025-06-05T00:08:19.512613
ffc91a76-fbdb-464a-86b0-0ec6c5667748,fochoa,admin,^f2Ym3s5HxfA,2025-06-05T00:08:19.512613,2025-06-05T00:08:19.512613
43b471cb-71e8-42ad-8ef5-6c0501933f44,gpazos,supervisor,yB(3TOept#OR,2025-06-05T00:08:19.512613,2025-06-05T00:08:19.512613
7605f5d8-384a-4140-a7c2-b5264f3ac3c3,queroadan,supervisor,*ohGHX0dsh1Z,2025-06-05T00:08:19.512613,2025-06-05T00:08:19.512613
89727002-13c5-4dcd-9082-bec29c92e697,paniaguamarcia,supervisor,Cw8k5*&du%LR,2025-06-05T00:08:19.512613,2025-06-05T00:08:19.512613
37da15e5-d690-4c14-98e6-ae918f2266c0,agustinacerda,supervisor,W$3SfOkjn^wr,2025-06-05T00:08:19.512613,2025-06-05T00:08:19.512613
810195da-8f81-4eb5-8540-15b843d18f0d,tatiana16,supervisor,L3_2eWcj$3yI,2025-06-05T00:08:19.512613,2025-06-05T00:08:19.512613
f34b490b-ca66-4f2d-b7b3-778b86951feb,emilianaamor,operador,$)2cXg(6g0Pz,2025-06-05T00:08:19.512613,2025-06-05T00:08:19.512613
e9b31ad4-800c-40f9-a045-0dd5d6c90de7,riquelmedorita,operador,$wB9Eh+iAB#k,2025-06-05T00:08:19.512613,2025-06-05T00:08:19.512613
f0a163c3-7b25-4e1f-ab72-faabc5039b26,bonifacio05,supervisor,%zuMa+hEj6R8,2025-06-05T00:08:19.512613,2025-06-05T00:08:19.512613
04a1bbe3-2a6f-4eb4-b969-edc86d0e31b3,cabrerocandido,operador,SOGKNedz!p)3,2025-06-05T00:08:19.512613,2025-06-05T00:08:19.512613
340d4655-9af1-4438-8474-0d70afac807e,carlito99,supervisor,_zGCSjDaVU*9,2025-06-05T00:08:19.512613,2025-06-05T00:08:19.512613
697683ef-a377-4ad4-bdfd-6ec8268a58af,georginafernandez,admin,C@4i)40oo*ZQ,2025-06-05T00:08:19.512613,2025-06-05T00:08:19.512613
c850b468-b051-48a3-8b0a-798e21169f83,puribe,operador,pF6^JTqxJ_hn,2025-06-05T00:08:19.513613,2025-06-05T00:08:19.513613
f2e1c665-ea6e-46cc-a41e-ebd49fa13e0b,tania45,supervisor,C9GLQIhn%eUB,2025-06-05T00:08:19.513613,2025-06-05T00:08:19.513613
56c6189d-9412-4e39-9ea0-ec96463d5622,saludviana,admin,%38w^uZa$3tY,2025-06-05T00:08:19.513613,2025-06-05T00:08:19.513613
43dbdb80-f4a0-4b83-816e-1b268de94d65,mramos,operador,V*SkDoP8gu09,2025-06-05T00:08:19.513613,2025-06-05T00:08:19.513613
5ecf6353-f300-45db-b30c-01edc66c3b26,oplana,admin,L#Md(PLd8G4e,2025-06-05T00:08:19.513613,2025-06-05T00:08:19.513613
161511e7-0f2f-4569-a6eb-86adf3820449,fitoborja,operador,Jd^Y9GmEo+^H,2025-06-05T00:08:19.513613,2025-06-05T00:08:19.513613
e98eafeb-cc5b-4f23-8804-77a9fe1357e3,crescenciaespada,supervisor,$0OoRzj0KhRE,2025-06-05T00:08:19.513613,2025-06-05T00:08:19.513613
51a4a869-b4d7-44c9-bd24-f818612ebff8,natanael40,operador,x5FUAv(3+dmE,2025-06-05T00:08:19.513613,2025-06-05T00:08:19.513613
044af920-ae5b-448c-a146-20db6d383604,serravito,supervisor,!ewJ*BjG+5UJ,2025-06-05T00:08:19.513613,2025-06-05T00:08:19.513613
c3cd6440-2169-4e9a-9ccc-62674641248e,narciso51,supervisor,dF)rYhjWfik2,2025-06-05T00:08:19.513613,2025-06-05T00:08:19.513613
54227fb2-eabe-407b-bafa-475233c6572b,fsola,admin,spHQVw9pN^13,2025-06-05T00:08:19.513613,2025-06-05T00:08:19.513613
8547d8db-fc49-4612-ac0c-9d4546260149,jimenezdamian,admin,pV6zVQIx_e)1,2025-06-05T00:08:19.513613,2025-06-05T00:08:19.513613
a3664404-7477-48da-af98-1cb70e871d18,macaria86,supervisor,f122ZfdE+RC&,2025-06-05T00:08:19.513613,2025-06-05T00:08:19.513613
76f357e4-dd08-44d5-83c5-5cb881882de7,dominga11,operador,N$(ZcaLu^1sR,2025-06-05T00:08:19.513613,2025-06-05T00:08:19.513613
b14ea5f3-7d91-4262-aff6-6b8f19576ae3,vmarti,operador,XLLcKNju$7v3,2025-06-05T00:08:19.513613,2025-06-05T00:08:19.513613
5e8037e9-71d6-4a68-bd5b-815f5677fb0b,einfante,admin,+7Tcq66)3U41,2025-06-05T00:08:19.513613,2025-06-05T00:08:19.513613
c87f54ff-704a-484f-aa8d-36b3309d6743,matias45,admin,O50YC2GogCR!,2025-06-05T00:08:19.513613,2025-06-05T00:08:19.513613
60d7a539-4cba-4024-978f-1f385bbccd4d,herberto11,admin,j+qun3qr@7CG,2025-06-05T00:08:19.513613,2025-06-05T00:08:19.513613
c2a7be29-5088-4402-a4ce-9a1b2bbf7ff5,guijarrochelo,operador,qe7)R8JyB0aT,2025-06-05T00:08:19.513613,2025-06-05T00:08:19.513613
32aae54c-4c41-4aac-a8f1-7ad450d5c182,opina,supervisor,S8Rnjez@qA!T,2025-06-05T00:08:19.513613,2025-06-05T00:08:19.513613
a9e9110c-3214-4c9e-ba21-e5ffa54d3bab,dora78,supervisor,wB&2tw$rq)1U,2025-06-05T00:08:19.513613,2025-06-05T00:08:19.513613
3c0c078f-a7e7-4e71-beb9-924c6bb676b5,busquetsjesus,admin,*p0RlClpt0EV,2025-06-05T00:08:19.513613,2025-06-05T00:08:19.513613
8f98c08f-06be-4d6c-9c4c-8bf0192d9985,espanaasuncion,supervisor,s*#$_QAttpM0,2025-06-05T00:08:19.513613,2025-06-05T00:08:19.513613
89aa59de-c742-4c9d-b70b-9d84775118ef,arcosamuel,operador,V55Vl$Bn%x2P,2025-06-05T00:08:19.513613,2025-06-05T00:08:19.513613
d06cd773-f809-4449-a156-3ca4fa358775,hermenegildo69,operador,7&z6ofPJq!2K,2025-06-05T00:08:19.513613,2025-06-05T00:08:19.513613
b2d82549-0531-4228-8f35-4e6709cec415,aranzazucuevas,operador,+Oc*OKA^1xSo,2025-06-05T00:08:19.513613,2025-06-05T00:08:19.513613
a9ecb8c3-40d0-4761-8773-93f5fa62ab9e,luis-miguelzorrilla,operador,_5R43o(SP3Hd,2025-06-05T00:08:19.513613,2025-06-05T00:08:19.513613
429bd7fb-b7a0-4390-8e0a-03e3ba597a16,nicolas19,supervisor,_mAO3TLui09Q,2025-06-05T00:08:19.513613,2025-06-05T00:08:19.513613
424d6cd7-bf50-4b26-abe6-259835f10c6e,teofilo97,admin,7ckJMbfb(icT,2025-06-05T00:08:19.514613,2025-06-05T00:08:19.514613
90fa6237-27cf-4b92-b774-c4c4fdb9f5e7,ponciocarrion,admin,_5JWaNY3*Vc(,2025-06-05T00:08:19.514613,2025-06-05T00:08:19.514613
b11aadbd-d90f-474c-8787-6343c89975c1,uenriquez,admin,ky7QHtK!k!cS,2025-06-05T00:08:19.514613,2025-06-05T00:08:19.514613
4086ce7b-6943-4ff7-bc1b-94a7039ea50c,cleto47,supervisor,62NrT7rP@*_R,2025-06-05T00:08:19.514613,2025-06-05T00:08:19.514613
e1c534c2-7c5c-4879-97f9-2a2227f761c8,victor39,supervisor,*P4y4(HssyGZ,2025-06-05T00:08:19.514613,2025-06-05T00:08:19.514613
b18eec02-bd97-44e5-8ff6-8a14cc9e7bf6,luquemarino,operador,veQ8Q2QijC)K,2025-06-05T00:08:19.514613,2025-06-05T00:08:19.514613
8c2e21f3-658c-4d23-9285-728d9d383e78,clementinaayala,admin,3m_Kc8dp+uoI,2025-06-05T00:08:19.514613,2025-06-05T00:08:19.514613
0e9a3284-1e76-42e1-9c95-a1a6e41201eb,maria-cristina17,supervisor,#k0Ff7vPQlmS,2025-06-05T00:08:19.514613,2025-06-05T00:08:19.514613
2ad8c2fd-4258-4dd1-aff6-9b3ebc320af0,ibarrera,supervisor,3@YC+*75%h7J,2025-06-05T00:08:19.514613,2025-06-05T00:08:19.514613
6a727750-f5ec-4342-8b03-07a0df3c39b9,saldanapacifica,admin,UN3(VK2t(u4n,2025-06-05T00:08:19.514613,2025-06-05T00:08:19.514613
06a4b920-2d83-452e-ac4a-961ba0dc0425,oaragon,admin,3u+xMPKv(FUM,2025-06-05T00:08:19.514613,2025-06-05T00:08:19.514613
ac356e7f-d481-4806-8bb5-c4eb89cf58f7,waltermur,supervisor,j)_AZo2w%EFS,2025-06-05T00:08:19.514613,2025-06-05T00:08:19.514613
8d347fcd-6150-420f-b677-55fca7d6c3be,carrionamancio,supervisor,RSSp5VeJ7q^_,2025-06-05T00:08:19.514613,2025-06-05T00:08:19.514613
90c0cf86-bb80-420c-a271-5e34d6fdbb7e,asuncionberenguer,admin,T1IclcZw*ye%,2025-06-05T00:08:19.514613,2025-06-05T00:08:19.514613
f08f3d62-de3e-4719-ab6c-999c5aaaf9f5,loida24,supervisor,QJS3PSlbQr#R,2025-06-05T00:08:19.514613,2025-06-05T00:08:19.514613
c9bdb678-c5b2-4004-b813-68b4745942ca,cardenasasuncion,supervisor,R&0Da9sh4g2n,2025-06-05T00:08:19.514613,2025-06-05T00:08:19.514613
3940ac26-5d3b-438a-bc04-a8745801694c,lalo64,operador,v5pIZi)J_%zW,2025-06-05T00:08:19.514613,2025-06-05T00:08:19.514613
c799ebce-6aa5-4cde-90a4-b38e603947cb,kordonez,admin,B*5LIy+ci1^6,2025-06-05T00:08:19.514613,2025-06-05T00:08:19.514613
87f986b1-7d73-4432-8ef7-8c8af8710785,calixta41,supervisor,K3^8CKDc+QI_,2025-06-05T00:08:19.514613,2025-06-05T00:08:19.514613
4c127780-0df5-4b8d-b03c-b0ef3885b3bf,rpina,supervisor,RmdH7UMxr*K$,2025-06-05T00:08:19.514613,2025-06-05T00:08:19.514613
1881e4cd-7c8d-4a25-a4eb-2574558dc79f,gasparros,supervisor,+a*hbiSsB6XB,2025-06-05T00:08:19.514613,2025-06-05T00:08:19.514613
2eee8c70-7ac2-4109-856f-9e5698f13794,efrain98,operador,FJ6kjLhvj+MW,2025-06-05T00:08:19.514613,2025-06-05T00:08:19.514613
df15a814-78a1-43bf-b533-361d16931f58,angelalbina,operador,*9t&VoCdo)3R,2025-06-05T00:08:19.514613,2025-06-05T00:08:19.514613
01a42953-dd6e-4aea-aa83-bb676a69cfb8,rosalvamoya,admin,v8lC!UT(+sSF,2025-06-05T00:08:19.514613,2025-06-05T00:08:19.514613
30cb274b-af31-4613-bc4d-f42d1979f794,lupeverdugo,operador,4C7@#pdD&pon,2025-06-05T00:08:19.514613,2025-06-05T00:08:19.514613
3d3ea4c7-d4cd-4afa-a416-bbb8ebefe34b,tgonzalez,supervisor,$hNfg*+0^4Hu,2025-06-05T00:08:19.514613,2025-06-05T00:08:19.514613
13f36ba8-2e3e-4280-8fd5-62aaea9a6e2b,clarisa14,admin,^gSDtgrHX8Au,2025-06-05T00:08:19.514613,2025-06-05T00:08:19.514613
4dcbc702-28ad-4e13-8757-f39a37af0157,calistovicens,operador,l6_$Rm9t^d5E,2025-06-05T00:08:19.515613,2025-06-05T00:08:19.515613
68c88b9a-9e4c-46c2-9a9f-f9b852b1c254,ameliaalmeida,admin,!a8OH#nt5Zh!,2025-06-05T00:08:19.515613,2025-06-05T00:08:19.515613
677eceaa-cd6d-4ed4-9d6a-49f78f08d55e,jose-mari49,supervisor,Bn)p@o3Z+2Tc,2025-06-05T00:08:19.515613,2025-06-05T00:08:19.515613
78fc512d-a1ea-4d3f-b107-4e302ac4187d,zmarin,admin,A9Ykrx2m*eaQ,2025-06-05T00:08:19.515613,2025-06-05T00:08:19.515613
d2a4a449-9a1c-43ea-8f0e-89fd2177d4a5,pguijarro,admin,()(1M8jW^qbK,2025-06-05T00:08:19.515613,2025-06-05T00:08:19.515613
af7f1481-56f8-404d-9cc9-9c4127de250e,tpalma,admin,37gZIBy(#DQ0,2025-06-05T00:08:19.515613,2025-06-05T00:08:19.515613
300dba2f-9e12-463f-b380-aabd716ecd3b,ligiasalazar,supervisor,#X5N&BMs%yjj,2025-06-05T00:08:19.515613,2025-06-05T00:08:19.515613
d30579d5-1f8a-4e65-b826-72b797b2492a,soraya35,supervisor,%Rv8Qj6530Dh,2025-06-05T00:08:19.515613,2025-06-05T00:08:19.515613
8638df49-1364-41a7-ba79-e6643e912ca4,ssalazar,admin,$lbH(c%z3FKy,2025-06-05T00:08:19.515613,2025-06-05T00:08:19.515613
1d116a08-cf5d-4a73-852e-e3d534c68cac,nizaguirre,operador,id(0ToLscFFD,2025-06-05T00:08:19.515613,2025-06-05T00:08:19.515613
3e9fd66d-02e4-48a1-807c-483ea7130da4,melisaquevedo,operador,RngC1Mta#i4#,2025-06-05T00:08:19.515613,2025-06-05T00:08:19.515613
f8083d2b-3f83-4840-af36-ce810673eea7,hector64,supervisor,VT4idOwB!)ZD,2025-06-05T00:08:19.515613,2025-06-05T00:08:19.515613
7ec7da82-9ebb-4be2-89f9-6c972e442265,lilia08,admin,43&65AEqM8bA,2025-06-05T00:08:19.515613,2025-06-05T00:08:19.515613
dd2908f0-43ca-459f-9bd2-8c6791b97d77,sancho99,supervisor,(9p$l$IQvYBH,2025-06-05T00:08:19.515613,2025-06-05T00:08:19.515613
22fe8ba1-a6e4-417b-9240-ac3db7e09d78,palomaralex,supervisor,_4+v@NPsZS1U,2025-06-05T00:08:19.515613,2025-06-05T00:08:19.515613
9008db7e-b3f1-4a5b-bcfe-817040584a07,peinadodiana,supervisor,*1CXetjmjkr5,2025-06-05T00:08:19.515613,2025-06-05T00:08:19.515613
6adc4bfe-b98e-4994-8b49-0dd5c0728a3a,lidialuz,operador,*qH#G!yUp28C,2025-06-05T00:08:19.515613,2025-06-05T00:08:19.515613
113b42ff-eecb-4a56-b6c3-fd644ae5f3f5,pacoescolano,operador,oD@rQrqkHma7,2025-06-05T00:08:19.515613,2025-06-05T00:08:19.515613
73509ad7-c973-4e87-a1a0-7d7cb22e1cbb,ggargallo,operador,+MC7do3MXDeH,2025-06-05T00:08:19.515613,2025-06-05T00:08:19.515613
fd85d3ac-6ad5-42fb-9fd3-77eabfe52bd3,andresagusti,supervisor,560YsYgo)9Lx,2025-06-05T00:08:19.515613,2025-06-05T00:08:19.515613
55903055-7cfd-4b08-937c-71d02ab562c6,alamoana-sofia,supervisor,#(PaPBvolR5h,2025-06-05T00:08:19.515613,2025-06-05T00:08:19.515613
1753ae81-2aef-4944-aa85-27ba436b3c6e,melendezzaira,admin,b2DjL0t!1i_d,2025-06-05T00:08:19.515613,2025-06-05T00:08:19.515613
47fa3bb8-3dba-4f84-b70d-5511ea7a51b5,bcaballero,operador,@VnXxkWjw80d,2025-06-05T00:08:19.515613,2025-06-05T00:08:19.515613
99adc527-ee60-4295-b370-bfe4e910fe22,ivicens,supervisor,YWRc9ByjT+6J,2025-06-05T00:08:19.515613,2025-06-05T00:08:19.515613
1c3f563c-6146-4feb-bd76-4d93225a2ce7,marcelaarrieta,operador,q#1b5j3v0FGQ,2025-06-05T00:08:19.515613,2025-06-05T00:08:19.515613
d5ee2479-474a-4d9b-9ae6-dc470a67befb,bernabeenriquez,operador,!3&y+sZG%6ZI,2025-06-05T00:08:19.515613,2025-06-05T00:08:19.515613
29de6c13-2913-4b40-965f-bda09a4fc4d9,adelabaquero,admin,lkSXIoUl$7jY,2025-06-05T00:08:19.515613,2025-06-05T00:08:19.515613
2dc94ea2-f40d-4c31-a9f6-1b2858520766,alcaldepaco,admin,MdKXbQ9z!M2V,2025-06-05T00:08:19.515613,2025-06-05T00:08:19.515613
2ee70078-624c-44ff-a40d-29475f5a27bb,enrique91,admin,n4P9&!0YEl!y,2025-06-05T00:08:19.516612,2025-06-05T00:08:19.516612
2540f804-8e5d-4b67-88d5-f55e4a494d55,candido01,admin,w%(7WnhqM&b6,2025-06-05T00:08:19.516612,2025-06-05T00:08:19.516612
d7c0d5a3-9e87-4ef7-a649-565a79d22fc1,bienvenidaberrocal,supervisor,2uWVIb9V&DOT,2025-06-05T00:08:19.516612,2025-06-05T00:08:19.516612
af241b4e-fcc3-4c96-8119-8c4119ace35e,pelaezulises,admin,(D0RL5i8l9WG,2025-06-05T00:08:19.516612,2025-06-05T00:08:19.516612
342d1d68-52bd-4301-840e-40702f66d9b0,morenonarciso,admin,m3El7yXK^+M7,2025-06-05T00:08:19.516612,2025-06-05T00:08:19.516612
aed70801-e045-4738-9a47-117c788a95a4,system,monitor,+wx5sH&_J4qTgTXd,2025-06-05T00:08:19.516612,2025-06-05T00:08:19.516612
